countryName,countryCode,indicatorName,indicatorCode,2010,2011,2012,2013,2014,2015,2016,2017,2018,2019,2020,2021,2022,2023,2024
Aruba,ABW,"In-school proxy (100 - ROFST.1.CP), primary age (%)",SE.PRM.TENR,,,,,99.72141999006271,,,,,,,,,,
Aruba,ABW,"Pupil-teacher ratio, primary (trained) (ratio)",UIS.PTR.PRM.TRAINED,16.82253074645996,15.11110973358154,14.86287975311279,,,,,,,,,,,,
Aruba,ABW,"PTR secondary source flag (2T3 / avg(2,3) / only2 / only3 / missing)",UIS.PTR.SEC.SOURCE,2T3,2T3,2T3,missing,missing,missing,missing,missing,missing,missing,missing,missing,missing,missing,missing
Aruba,ABW,"Pupil-teacher ratio, secondary (trained) BEST (ratio)",UIS.PTR.SEC.TRAINED,14.33983993530273,14.58102989196777,15.74623966217041,,,,,,,,,,,,
Aruba,ABW,"Out-of-school rate, primary age (%) (ROFST.1.CP)",UIS.ROFST.1.CP,,,,,0.2785800099372864,,,,,,,,,,
Aruba,ABW,Secondary BEST source flag (2T3 / missing) [STRICT],UIS.SEC.SOURCE,missing,missing,missing,missing,missing,missing,missing,missing,missing,missing,missing,missing,missing,missing,missing
Angola,AGO,"In-school proxy (100 - ROFST.1.CP), primary age (%)",SE.PRM.TENR,88.17469676437629,87.64511013031006,,,,,,,,,,,,63.23784901224894,
Angola,AGO,"In-school proxy (100 - ROFST.2T3.CP), secondary age BEST (%) [STRICT]",SE.SEC.NENR,52.01793900499433,,,,,,,,,,,,,64.22861215965233,
Angola,AGO,"In-school proxy, primary age, female (%)",UIS.INS.PRM.F,80.88013076782227,77.2905101776123,,,,,,,,,,,,63.06647805625196,
Angola,AGO,"In-school proxy, primary age, male (%)",UIS.INS.PRM.M,95.46615982055664,97.98842000961304,,,,,,,,,,,,63.40795160673151,
Angola,AGO,"In-school proxy, secondary BEST (2T3), female (%) [STRICT]",UIS.INS.SEC.F,44.89458084106445,,,,,,,,,,,,,62.28026817132974,
Angola,AGO,"In-school proxy, secondary BEST (2T3), male (%) [STRICT]",UIS.INS.SEC.M,59.20360946655273,,,,,,,,,,,,,66.17056546413693,
Angola,AGO,"Pupil-teacher ratio, primary (trained) (ratio)",UIS.PTR.PRM.TRAINED,,89.58995883013421,,,,,,,,,,57.78193656980864,,68.01332760646294,
Angola,AGO,"PTR secondary source flag (2T3 / avg(2,3) / only2 / only3 / missing)",UIS.PTR.SEC.SOURCE,missing,missing,missing,missing,missing,missing,missing,missing,missing,missing,missing,2T3,missing,2T3,missing
Angola,AGO,"Pupil-teacher ratio, secondary (trained) BEST (ratio)",UIS.PTR.SEC.TRAINED,,,,,,,,,,,,30.3513357062801,,33.90974157670919,
Angola,AGO,"Out-of-school rate, primary age (%) (ROFST.1.CP)",UIS.ROFST.1.CP,11.82530323562371,12.35488986968994,,,,,,,,,,,,36.76215098775106,
Angola,AGO,"Out-of-school rate, secondary age BEST (%) (ROFST.2T3.CP) [STRICT]",UIS.ROFST.SEC.BEST,47.98206099500567,,,,,,,,,,,,,35.77138784034767,
Angola,AGO,Secondary BEST source flag (2T3 / missing) [STRICT],UIS.SEC.SOURCE,2T3,missing,missing,missing,missing,missing,missing,missing,missing,missing,missing,missing,missing,2T3,missing
Anguilla,AIA,"In-school proxy (100 - ROFST.1.CP), primary age (%)",SE.PRM.TENR,96.50928997993469,95.83534002304077,,,,,,,,,,,,,
Anguilla,AIA,"In-school proxy (100 - ROFST.2T3.CP), secondary age BEST (%) [STRICT]",SE.SEC.NENR,,,,,,,,,,,,,86.31212043762207,,
Anguilla,AIA,"In-school proxy, secondary BEST (2T3), female (%) [STRICT]",UIS.INS.SEC.F,,,,,,,,,,,,,83.93782043457031,,
Anguilla,AIA,"In-school proxy, secondary BEST (2T3), male (%) [STRICT]",UIS.INS.SEC.M,,,,,,,,,,,,,88.73239040374756,,
Anguilla,AIA,"Pupil-teacher ratio, primary (trained) (ratio)",UIS.PTR.PRM.TRAINED,27.4576301574707,20.83543968200684,,,27.33928571428572,25.76666666666667,,,,,,,,,
Anguilla,AIA,"PTR secondary source flag (2T3 / avg(2,3) / only2 / only3 / missing)",UIS.PTR.SEC.SOURCE,missing,2T3,missing,missing,missing,missing,missing,missing,missing,missing,missing,missing,missing,missing,missing
Anguilla,AIA,"Pupil-teacher ratio, secondary (trained) BEST (ratio)",UIS.PTR.SEC.TRAINED,,14.91549015045166,,,,,,,,,,,,,
Anguilla,AIA,"Out-of-school rate, primary age (%) (ROFST.1.CP)",UIS.ROFST.1.CP,3.490710020065308,4.164659976959229,,,,,,,,,,,,,
Anguilla,AIA,"Out-of-school rate, secondary age BEST (%) (ROFST.2T3.CP) [STRICT]",UIS.ROFST.SEC.BEST,,,,,,,,,,,,,13.68787956237793,,
Anguilla,AIA,Secondary BEST source flag (2T3 / missing) [STRICT],UIS.SEC.SOURCE,missing,missing,missing,missing,missing,missing,missing,missing,missing,missing,missing,missing,2T3,missing,missing
Albania,ALB,"In-school proxy (100 - ROFST.1.CP), primary age (%)",SE.PRM.TENR,93.78254224939135,95.49798638750853,97.16645589630097,96.84193341020173,99.61638001367773,99.8242225683967,99.88387210264588,99.31299957870642,98.63253827681703,97.8051455707389,96.03234004974365,93.33476263399693,91.52203271144901,89.13467669940059,99.51238000392914
Albania,ALB,"In-school proxy (100 - ROFST.2T3.CP), secondary age BEST (%) [STRICT]",SE.SEC.NENR,,,,92.49490935585749,94.6894974666927,94.6970100402832,93.40501022338867,92.51141023635864,93.55187645085782,93.33652979866135,90.85937407185936,92.5921684865765,92.40357734657286,91.99533899058903,99.1860899925232
Albania,ALB,"In-school proxy, primary age, female (%)",UIS.INS.PRM.F,94.08188158176519,95.65066832883164,97.38644406511511,96.5858523037991,,,,,,,93.89657020568848,91.07240471102719,88.91673067479255,86.17157326649104,
Albania,ALB,"In-school proxy, primary age, male (%)",UIS.INS.PRM.M,93.50938458531944,95.35924913693901,96.9677310165858,97.07436713480686,,,,,,,98.09270000457764,95.53517484714469,94.09142275261713,92.08149975834965,
Albania,ALB,"In-school proxy, secondary BEST (2T3), female (%) [STRICT]",UIS.INS.SEC.F,,,,91.22453022003174,93.13657999038696,93.83383989334106,92.95698976516724,91.94118022918701,92.69897985458374,92.17353979205748,89.23890904074462,91.14888000488281,90.19470977783203,89.97921749344899,99.45618999004364
Albania,ALB,"In-school proxy, secondary BEST (2T3), male (%) [STRICT]",UIS.INS.SEC.M,,,,93.70039987564087,96.16336989402771,95.50805997848511,93.82352018356323,93.04621982574463,94.35882997512817,94.43812822346874,92.4038982133189,93.96481990814209,94.51700019836426,93.94958572004134,98.93374001979828
Albania,ALB,"Pupil-teacher ratio, primary (trained) (ratio)",UIS.PTR.PRM.TRAINED,,,,,,,,,,,,26.35544472152951,,,
Albania,ALB,"PTR secondary source flag (2T3 / avg(2,3) / only2 / only3 / missing)",UIS.PTR.SEC.SOURCE,missing,missing,missing,missing,missing,missing,missing,missing,only2,missing,2T3,2T3,missing,missing,missing
Albania,ALB,"Pupil-teacher ratio, secondary (trained) BEST (ratio)",UIS.PTR.SEC.TRAINED,,,,,,,,,17.64615202181905,,19.64655312246553,15.11996155078501,,,
Albania,ALB,"Out-of-school rate, primary age (%) (ROFST.1.CP)",UIS.ROFST.1.CP,6.217457750608641,4.502013612491463,2.83354410369902,3.158066589798272,0.3836199863222717,0.1757774316032899,0.1161278973541249,0.6870004212935716,1.367461723182972,2.194854429261102,3.967659950256348,6.665237366003063,8.477967288550992,10.86532330059941,0.4876199960708618
Albania,ALB,"Out-of-school rate, secondary age BEST (%) (ROFST.2T3.CP) [STRICT]",UIS.ROFST.SEC.BEST,,,,7.505090644142514,5.310502533307297,5.302989959716797,6.594989776611328,7.488589763641357,6.448123549142175,6.663470201338649,9.140625928140633,7.4078315134235,7.596422653427141,8.00466100941097,0.8139100074768066
Albania,ALB,Secondary BEST source flag (2T3 / missing) [STRICT],UIS.SEC.SOURCE,missing,missing,missing,2T3,2T3,2T3,2T3,2T3,2T3,2T3,2T3,2T3,2T3,2T3,2T3
United Arab Emirates,ARE,"In-school proxy (100 - ROFST.1.CP), primary age (%)",SE.PRM.TENR,,,,,,,,,99.08686755799525,99.78960853391146,99.87990034974966,99.70475340831594,99.99659015919946,99.82393590423952,99.9961301075291
United Arab Emirates,ARE,"In-school proxy (100 - ROFST.2T3.CP), secondary age BEST (%) [STRICT]",SE.SEC.NENR,,,,,,,,,98.29189002513885,99.10382351852537,99.34549244617635,98.35544246277362,99.74575001001358,99.91313767170044,99.8337199985981
United Arab Emirates,ARE,"In-school proxy, primary age, female (%)",UIS.INS.PRM.F,,,,,,,,,98.84593970422057,99.80780179889618,99.75985762116828,99.64177504792134,98.70350003242493,99.8805352937798,
United Arab Emirates,ARE,"In-school proxy, primary age, male (%)",UIS.INS.PRM.M,,,,,,,,,99.32670422867787,99.77148440061374,99.9995948464468,99.76768325836588,99.02406001091003,99.76725817088695,
United Arab Emirates,ARE,"In-school proxy, secondary BEST (2T3), female (%) [STRICT]",UIS.INS.SEC.F,,,,,,,,,97.22184991836548,99.12440935372352,,98.9674984903812,99.8839699998498,99.95856999978423,99.81248000264168
United Arab Emirates,ARE,"In-school proxy, secondary BEST (2T3), male (%) [STRICT]",UIS.INS.SEC.M,,,,,,,,,99.32036000490189,99.08401603625589,,97.76404390276883,99.61197000741959,99.86913999915123,99.85420000553131
United Arab Emirates,ARE,"Pupil-teacher ratio, primary (trained) (ratio)",UIS.PTR.PRM.TRAINED,,,,,,,,,18.23662714844858,18.59928413158343,16.70226374866746,16.41135628685562,16.07769996092458,14.83322635857938,
United Arab Emirates,ARE,"PTR secondary source flag (2T3 / avg(2,3) / only2 / only3 / missing)",UIS.PTR.SEC.SOURCE,missing,missing,missing,missing,missing,missing,missing,missing,2T3,2T3,2T3,2T3,2T3,2T3,missing
United Arab Emirates,ARE,"Pupil-teacher ratio, secondary (trained) BEST (ratio)",UIS.PTR.SEC.TRAINED,,,,,,,,,10.9315299987793,10.46852102914071,10.5058158552382,9.666217392860124,8.601149559020996,8.869699250445917,
United Arab Emirates,ARE,"Out-of-school rate, primary age (%) (ROFST.1.CP)",UIS.ROFST.1.CP,,,,,,,,,0.91313244200475,0.2103914660885418,0.1200996502503429,0.2952465916840594,0.0034098408005504,0.1760640957604762,0.0038698924709
United Arab Emirates,ARE,"Out-of-school rate, secondary age BEST (%) (ROFST.2T3.CP) [STRICT]",UIS.ROFST.SEC.BEST,,,,,,,,,1.708109974861145,0.8961764814746271,0.6545075538236478,1.644557537226374,0.2542499899864197,0.0868623282995634,0.1662800014019012
United Arab Emirates,ARE,Secondary BEST source flag (2T3 / missing) [STRICT],UIS.SEC.SOURCE,missing,missing,missing,missing,missing,missing,missing,missing,2T3,2T3,2T3,2T3,2T3,2T3,2T3
Argentina,ARG,"In-school proxy (100 - ROFST.1.CP), primary age (%)",SE.PRM.TENR,99.82883498389558,99.99053249639705,99.97913398959312,99.93063236962331,99.79867601194496,99.68361950082902,99.48579588967408,99.41827351795675,99.3598497207652,99.38001085988274,99.16845426450196,99.20595508295595,99.25256399386657,99.26537787203927,
Argentina,ARG,"In-school proxy (100 - ROFST.2T3.CP), secondary age BEST (%) [STRICT]",SE.SEC.NENR,87.30525640435467,88.33673210754634,89.64124842738929,90.49308549542555,90.91772254800264,91.51739456673101,92.43771686583517,92.675122344717,93.39451081101701,94.3263075262414,95.66744218725005,97.16968555343618,96.66906948357759,96.38718973882828,
Argentina,ARG,"In-school proxy, secondary BEST (2T3), female (%) [STRICT]",UIS.INS.SEC.F,94.77228021621704,95.45357990264893,96.0502998828888,96.14254999160767,96.16686010360718,96.94809007644653,97.81856989860535,97.58055996894836,97.559730052948,98.10977005958557,99.28605997562408,,99.76974999904633,,
Argentina,ARG,"In-school proxy, secondary BEST (2T3), male (%) [STRICT]",UIS.INS.SEC.M,86.21084976196289,86.48418998718262,88.0728702545166,89.00699043273926,89.61110973358154,90.7961196899414,92.03295993804932,91.8003396987915,91.95934009552002,92.85163021087646,93.86138010025024,,94.81621980667114,,
Argentina,ARG,"PTR secondary source flag (2T3 / avg(2,3) / only2 / only3 / missing)",UIS.PTR.SEC.SOURCE,missing,missing,missing,missing,missing,missing,missing,missing,missing,missing,missing,missing,missing,missing,missing
Argentina,ARG,"Out-of-school rate, primary age (%) (ROFST.1.CP)",UIS.ROFST.1.CP,0.1711650161044304,0.0094675036029475,0.0208660104068756,0.0693676303766887,0.2013239880550312,0.3163804991709738,0.514204110325914,0.5817264820432498,0.6401502792348013,0.619989140117256,0.8315457354980411,0.7940449170440442,0.7474360061334232,0.7346221279607272,
Argentina,ARG,"Out-of-school rate, secondary age BEST (%) (ROFST.2T3.CP) [STRICT]",UIS.ROFST.SEC.BEST,12.69474359564534,11.66326789245366,10.35875157261072,9.506914504574448,9.082277451997363,8.482605433268992,7.562283134164822,7.324877655283,6.605489188982992,5.673692473758607,4.332557812749952,2.830314446563818,3.330930516422406,3.612810261171711,
Argentina,ARG,Secondary BEST source flag (2T3 / missing) [STRICT],UIS.SEC.SOURCE,2T3,2T3,2T3,2T3,2T3,2T3,2T3,2T3,2T3,2T3,2T3,2T3,2T3,2T3,missing
Armenia,ARM,"In-school proxy (100 - ROFST.1.CP), primary age (%)",SE.PRM.TENR,,95.01766014099121,94.62849998474121,94.06162977218628,91.74787998199463,92.97407007217407,92.57902888998979,92.8578859440307,92.51165081195349,91.5945685773906,91.1258460782139,92.79839018548127,94.64003484537365,96.4907764369043,98.91585459050663
Armenia,ARM,"In-school proxy (100 - ROFST.2T3.CP), secondary age BEST (%) [STRICT]",SE.SEC.NENR,95.94726991653442,93.41733980178833,,,,,,,,89.97713300354319,92.11430570795274,94.04924154541712,94.33053268262134,92.20492797022196,93.78266218978226
Armenia,ARM,"In-school proxy, primary age, female (%)",UIS.INS.PRM.F,,93.13445997238159,92.87772989273071,92.35265016555786,90.06995964050293,91.58703994750977,90.99822099229097,91.23577843346948,91.41785827772482,90.74090488913652,90.22016046237499,91.36559029732358,92.88677356012433,94.90640136143475,
Armenia,ARM,"In-school proxy, primary age, male (%)",UIS.INS.PRM.M,,96.71651005744934,96.20875000953674,95.6064600944519,93.26816987991333,94.23312997817993,94.01426144385155,94.32517482517483,93.49135330213919,92.35823194906999,91.93874997155923,94.09570586259224,96.24870243762751,97.95115594381969,
Armenia,ARM,"In-school proxy, secondary BEST (2T3), female (%) [STRICT]",UIS.INS.SEC.F,93.78178977966309,91.76364040374756,,,,,,,,90.15942487961945,91.64651654413078,92.38973691246834,93.39476345798161,91.74011420170139,93.71846799031754
Armenia,ARM,"In-school proxy, secondary BEST (2T3), male (%) [STRICT]",UIS.INS.SEC.M,98.06815004348755,95.0032000541687,,,,,,,,89.80972204716507,92.54909119887371,95.60258501116358,95.209052549122,92.63837436856177,93.84230335592339
Armenia,ARM,"Pupil-teacher ratio, primary (trained) (ratio)",UIS.PTR.PRM.TRAINED,,,,,,,,,,29.0679593373494,25.56610001650438,26.0453404718086,24.37056155169717,23.64880411746897,25.12650320162424
Armenia,ARM,"PTR secondary source flag (2T3 / avg(2,3) / only2 / only3 / missing)",UIS.PTR.SEC.SOURCE,missing,missing,missing,missing,missing,missing,missing,missing,missing,2T3,2T3,2T3,2T3,2T3,2T3
Armenia,ARM,"Pupil-teacher ratio, secondary (trained) BEST (ratio)",UIS.PTR.SEC.TRAINED,,,,,,,,,,13.30262876683052,14.08054536494552,14.85767955801105,14.06599535243997,13.65291021056814,15.00522233712513
Armenia,ARM,"Out-of-school rate, primary age (%) (ROFST.1.CP)",UIS.ROFST.1.CP,,4.982339859008789,5.371500015258789,5.938370227813721,8.252120018005371,7.025929927825928,7.420971110010221,7.142114055969305,7.488349188046508,8.405431422609402,8.874153921786101,7.201609814518728,5.359965154626345,3.509223563095702,1.084145409493376
Armenia,ARM,"Out-of-school rate, secondary age BEST (%) (ROFST.2T3.CP) [STRICT]",UIS.ROFST.SEC.BEST,4.052730083465576,6.58266019821167,,,,,,,,10.02286699645681,7.885694292047267,5.950758454582882,5.669467317378661,7.795072029778047,6.217337810217735
Armenia,ARM,Secondary BEST source flag (2T3 / missing) [STRICT],UIS.SEC.SOURCE,2T3,2T3,missing,missing,missing,missing,missing,missing,missing,2T3,2T3,2T3,2T3,2T3,2T3
Antigua and Barbuda,ATG,"In-school proxy (100 - ROFST.1.CP), primary age (%)",SE.PRM.TENR,96.71586990356445,98.65312004089355,99.54587998986244,97.07745305033893,98.8391376451078,99.04854844793547,98.80326580311588,98.63129997253418,99.08763534693031,99.76437838814095,,,,98.28898735957736,
Antigua and Barbuda,ATG,"In-school proxy (100 - ROFST.2T3.CP), secondary age BEST (%) [STRICT]",SE.SEC.NENR,,,,97.03700229948275,96.96237993240356,95.17216119256281,97.2316277802118,95.48444986343384,96.98990246976882,97.92458783920716,,,94.81921680718811,96.23595535829521,
Antigua and Barbuda,ATG,"In-school proxy, primary age, female (%)",UIS.INS.PRM.F,,,,99.63955845911241,98.65531151949799,,,,,,,,,,
Antigua and Barbuda,ATG,"In-school proxy, primary age, male (%)",UIS.INS.PRM.M,,,,94.58333333333333,99.01811040802967,,,,,,,,,,
Antigua and Barbuda,ATG,"In-school proxy, secondary BEST (2T3), female (%) [STRICT]",UIS.INS.SEC.F,,,,,,95.03106021881104,,93.18387985229492,97.95949006080627,,,,,,
Antigua and Barbuda,ATG,"In-school proxy, secondary BEST (2T3), male (%) [STRICT]",UIS.INS.SEC.M,,,,,,95.54928016662598,,97.72659993171692,97.21626996994019,,,,,,
Antigua and Barbuda,ATG,"Pupil-teacher ratio, primary (trained) (ratio)",UIS.PTR.PRM.TRAINED,27.51589012145996,22.38143920898438,23.02422904968262,,20.30339050292969,21.95425033569336,,21.85934066772461,23.48723983764648,,,,,,
Antigua and Barbuda,ATG,"PTR secondary source flag (2T3 / avg(2,3) / only2 / only3 / missing)",UIS.PTR.SEC.SOURCE,2T3,2T3,missing,missing,2T3,missing,missing,2T3,2T3,missing,missing,missing,missing,missing,missing
Antigua and Barbuda,ATG,"Pupil-teacher ratio, secondary (trained) BEST (ratio)",UIS.PTR.SEC.TRAINED,28.30871963500977,25.44879913330078,,,21.71236991882324,,,18.84375,19.49379920959473,,,,,,
Antigua and Barbuda,ATG,"Out-of-school rate, primary age (%) (ROFST.1.CP)",UIS.ROFST.1.CP,3.284130096435547,1.346879959106445,0.454120010137558,2.922546949661073,1.160862354892205,0.9514515520645302,1.196734196884126,1.36870002746582,0.9123646530696896,0.2356216118590491,,,,1.711012640422633,
Antigua and Barbuda,ATG,"Out-of-school rate, secondary age BEST (%) (ROFST.2T3.CP) [STRICT]",UIS.ROFST.SEC.BEST,,,,2.962997700517256,3.037620067596436,4.827838807437187,2.768372219788205,4.515550136566162,3.010097530231175,2.075412160792836,,,5.180783192811885,3.764044641704781,
Antigua and Barbuda,ATG,Secondary BEST source flag (2T3 / missing) [STRICT],UIS.SEC.SOURCE,missing,missing,missing,2T3,2T3,2T3,2T3,2T3,2T3,2T3,missing,missing,2T3,2T3,missing
Australia,AUS,"In-school proxy (100 - ROFST.1.CP), primary age (%)",SE.PRM.TENR,99.67649999260902,97.29431009292603,97.69553995132446,99.9517300017178,99.92803999781609,99.97186999954283,99.99221999989823,99.94221000000834,99.80834999680519,99.78596000373363,99.41914999485016,99.63218998908997,99.70359000563622,99.79254999756813,
Australia,AUS,"In-school proxy (100 - ROFST.2T3.CP), secondary age BEST (%) [STRICT]",SE.SEC.NENR,,,,,,99.68187001347542,99.65505000948906,99.57306000590324,97.8945300579071,98.73132002353668,98.47346997261047,97.88103008270264,96.92523002624512,96.70760011672974,
Australia,AUS,"In-school proxy, primary age, female (%)",UIS.INS.PRM.F,,97.64854001998901,98.09072995185852,,,,,,99.88923999667168,99.89163000136614,99.54038000106812,99.76253999769688,99.81109000742435,99.89954999834299,
Australia,AUS,"In-school proxy, primary age, male (%)",UIS.INS.PRM.M,,96.95800995826721,97.32104992866516,,,,,,99.73175999522209,99.68588000535965,99.30447000265121,99.50898000597954,99.60201001167297,99.69148001074791,
Australia,AUS,"In-school proxy, secondary BEST (2T3), female (%) [STRICT]",UIS.INS.SEC.F,,,,,,99.93885999917984,,,98.78406000137329,99.52441999316216,99.46086001396179,98.87690997123718,97.84417009353638,97.502769947052,
Australia,AUS,"In-school proxy, secondary BEST (2T3), male (%) [STRICT]",UIS.INS.SEC.M,,,,,,99.43747001886368,,,97.05447006225586,97.9831600189209,97.54332995414734,96.94510006904602,96.05983996391296,95.9571099281311,
Australia,AUS,"PTR secondary source flag (2T3 / avg(2,3) / only2 / only3 / missing)",UIS.PTR.SEC.SOURCE,missing,missing,missing,missing,missing,missing,missing,missing,missing,missing,missing,missing,missing,missing,missing
Australia,AUS,"Out-of-school rate, primary age (%) (ROFST.1.CP)",UIS.ROFST.1.CP,0.323500007390976,2.705689907073975,2.304460048675537,0.0482699982821941,0.0719600021839142,0.0281300004571676,0.0077800001017749,0.0577899999916553,0.191650003194809,0.2140399962663651,0.5808500051498413,0.3678100109100342,0.2964099943637848,0.2074500024318695,
Australia,AUS,"Out-of-school rate, secondary age BEST (%) (ROFST.2T3.CP) [STRICT]",UIS.ROFST.SEC.BEST,,,,,,0.3181299865245819,0.3449499905109406,0.426939994096756,2.105469942092896,1.268679976463318,1.526530027389526,2.118969917297363,3.074769973754883,3.292399883270264,
Australia,AUS,Secondary BEST source flag (2T3 / missing) [STRICT],UIS.SEC.SOURCE,missing,missing,missing,missing,missing,2T3,2T3,2T3,2T3,2T3,2T3,2T3,2T3,2T3,missing
Austria,AUT,"In-school proxy (100 - ROFST.1.CP), primary age (%)",SE.PRM.TENR,98.69904005527496,97.94076991081238,98.07326996326447,98.51999998092651,98.70411002635956,98.6580799818039,98.00200998783112,98.6687799692154,98.7414699792862,98.76642000675201,98.82518994808197,99.05220997333527,98.32407999038696,98.5005099773407,
Austria,AUT,"In-school proxy (100 - ROFST.2T3.CP), secondary age BEST (%) [STRICT]",SE.SEC.NENR,96.86794996261597,97.16296005249023,97.31132006645203,95.77458000183105,95.94620990753174,95.88458013534546,94.9181900024414,95.290030002594,95.61984014511108,95.87003993988037,95.93314981460571,96.213210105896,95.58015012741089,95.18238019943237,
Austria,AUT,"In-school proxy, primary age, female (%)",UIS.INS.PRM.F,98.60432994365692,98.00592005252838,97.92909002304077,98.30991995334625,98.52066004276276,98.60426998138428,97.921560049057,98.48531997203827,98.59544003009796,98.595370054245,98.71147000789642,98.91454994678497,98.22593998908997,98.42957997322083,
Austria,AUT,"In-school proxy, primary age, male (%)",UIS.INS.PRM.M,98.78893995285034,97.8789598941803,98.21068000793457,98.72053003311157,98.87959003448486,98.70942997932434,98.07854998111725,98.84284996986389,98.87920999526978,98.92769002914429,98.9321299791336,99.18133002519608,98.4162700176239,98.56733000278473,
Austria,AUT,"In-school proxy, secondary BEST (2T3), female (%) [STRICT]",UIS.INS.SEC.F,95.25775003433228,95.37017011642456,95.65322017669678,96.03099989891052,96.18502998352051,96.23725008964539,95.8819899559021,96.01230001449585,96.13616991043091,96.28439998626709,96.30444002151489,96.62519001960754,96.00008010864258,95.56107997894287,
Austria,AUT,"In-school proxy, secondary BEST (2T3), male (%) [STRICT]",UIS.INS.SEC.M,95.19612979888916,95.48172998428345,95.34906005859375,95.53107976913452,95.7195200920105,95.5503101348877,94.01767015457153,94.61302995681763,95.13283014297485,95.47809982299805,95.5812201499939,95.82270002365112,95.18343019485474,94.82523012161255,
Austria,AUT,"PTR secondary source flag (2T3 / avg(2,3) / only2 / only3 / missing)",UIS.PTR.SEC.SOURCE,missing,missing,missing,missing,missing,missing,missing,missing,missing,missing,missing,missing,missing,missing,missing
Austria,AUT,"Out-of-school rate, primary age (%) (ROFST.1.CP)",UIS.ROFST.1.CP,1.300959944725037,2.059230089187622,1.926730036735535,1.480000019073486,1.295889973640442,1.341920018196106,1.997990012168884,1.331220030784607,1.258530020713806,1.233579993247986,1.17481005191803,0.947790026664734,1.675920009613037,1.499490022659302,
Austria,AUT,"Out-of-school rate, secondary age BEST (%) (ROFST.2T3.CP) [STRICT]",UIS.ROFST.SEC.BEST,3.132050037384033,2.837039947509766,2.688679933547974,4.225419998168945,4.053790092468262,4.115419864654541,5.081809997558594,4.709969997406006,4.380159854888916,4.129960060119629,4.066850185394287,3.786789894104004,4.419849872589111,4.817619800567627,
Austria,AUT,Secondary BEST source flag (2T3 / missing) [STRICT],UIS.SEC.SOURCE,2T3,2T3,2T3,2T3,2T3,2T3,2T3,2T3,2T3,2T3,2T3,2T3,2T3,2T3,missing
Azerbaijan,AZE,"In-school proxy (100 - ROFST.1.CP), primary age (%)",SE.PRM.TENR,87.2459777992823,89.4463229413302,92.13952301798948,98.27657153922495,99.25473979540742,98.84333347737736,99.20518993472047,97.96503866358515,96.10565170358112,91.54974673671241,91.80679747553367,91.98900297028804,95.78239370054136,98.46187876215151,99.97341737174756
Azerbaijan,AZE,"In-school proxy (100 - ROFST.2T3.CP), secondary age BEST (%) [STRICT]",SE.SEC.NENR,81.32350384318931,80.59075795801408,80.87283575141117,81.2095174099608,83.38007701337122,85.447852517248,88.40511430270907,93.39924612388499,99.30634006557739,99.62325260812248,84.93889024574841,84.95102500660727,85.28140095232125,88.99212747761737,88.12870640394596
Azerbaijan,AZE,"In-school proxy, primary age, female (%)",UIS.INS.PRM.F,86.51950055239405,88.18973204806998,90.92229236249327,96.38813992879118,,,,98.76707090169661,95.90647450216406,92.9934862831103,93.13721365955946,91.5656953337803,95.246626896745,98.02009036155022,99.96983521087422
Azerbaijan,AZE,"In-school proxy, primary age, male (%)",UIS.INS.PRM.M,87.88259621075397,90.54375801989305,93.20451114333119,99.93001013907174,,,,97.27494486928404,96.27654609101516,90.30896419401259,90.6451403271333,92.36052087745281,96.25423484783931,98.85217678989352,99.9765890588472
Azerbaijan,AZE,"In-school proxy, secondary BEST (2T3), female (%) [STRICT]",UIS.INS.SEC.F,79.7183784362797,78.89792464466532,79.48648765325505,79.48465205256765,81.98045882097863,83.75682417168674,86.87890795098868,92.80284426199465,98.6900003689447,99.33643031083001,84.99404192806001,84.79948203402446,84.65551573078454,89.32304550181182,87.20541196367515
Azerbaijan,AZE,"In-school proxy, secondary BEST (2T3), male (%) [STRICT]",UIS.INS.SEC.M,82.78976096099515,82.1226667853322,82.11701668096944,82.74703984500717,84.61861898638581,86.93844871002402,89.74434756908528,93.92215716394472,99.84584480705841,99.87379330519454,84.89090568082356,85.0829083461687,85.8266519740092,88.70333924195819,88.93543340475632
Azerbaijan,AZE,"Pupil-teacher ratio, primary (trained) (ratio)",UIS.PTR.PRM.TRAINED,11.04449439233045,11.16573767837732,11.92389247416177,12.20122443981878,12.70573798655083,13.5957667258733,,15.76737967914439,15.50401542705104,15.78863419526873,16.23922800718133,16.07727940627101,16.03725460661746,15.96915749796251,15.64435579961664
Azerbaijan,AZE,"PTR secondary source flag (2T3 / avg(2,3) / only2 / only3 / missing)",UIS.PTR.SEC.SOURCE,missing,missing,missing,missing,missing,missing,only2,only2,2T3,2T3,2T3,2T3,2T3,2T3,2T3
Azerbaijan,AZE,"Pupil-teacher ratio, secondary (trained) BEST (ratio)",UIS.PTR.SEC.TRAINED,,,,,,,7.570635065171579,6.718096708164156,7.732805250280271,7.954107690662807,8.176094670622357,8.568989717919232,8.892893523714152,9.249815610221702,9.245764186062694
Azerbaijan,AZE,"Out-of-school rate, primary age (%) (ROFST.1.CP)",UIS.ROFST.1.CP,12.7540222007177,10.55367705866981,7.860476982010531,1.723428460775059,0.7452602045925875,1.15666652262265,0.7948100652795412,2.034961336414856,3.894348296418876,8.450253263287598,8.193202524466328,8.010997029711964,4.21760629945864,1.538121237848484,0.026582628252437
Azerbaijan,AZE,"Out-of-school rate, secondary age BEST (%) (ROFST.2T3.CP) [STRICT]",UIS.ROFST.SEC.BEST,18.67649615681068,19.40924204198592,19.12716424858882,18.79048259003921,16.61992298662878,14.55214748275201,11.59488569729094,6.600753876115004,0.693659934422616,0.3767473918775136,15.06110975425159,15.04897499339273,14.71859904767875,11.00787252238262,11.87129359605405
Azerbaijan,AZE,Secondary BEST source flag (2T3 / missing) [STRICT],UIS.SEC.SOURCE,2T3,2T3,2T3,2T3,2T3,2T3,2T3,2T3,2T3,2T3,2T3,2T3,2T3,2T3,2T3
Burundi,BDI,"In-school proxy (100 - ROFST.1.CP), primary age (%)",SE.PRM.TENR,94.16380287062765,94.7318299109482,93.5418455375263,88.05711220933766,91.07256115047596,88.9027336910341,87.33042428807757,83.07773084055172,80.375785171553,78.8602391100825,79.37785020798981,,,,
Burundi,BDI,"In-school proxy (100 - ROFST.2T3.CP), secondary age BEST (%) [STRICT]",SE.SEC.NENR,52.1768798828125,55.96266174316406,55.987060546875,60.42056608716373,57.95179712639044,54.88924330002836,56.44736394523507,54.24329292603179,51.70450158449574,47.95281971211315,52.17753307136874,,,,
Burundi,BDI,"In-school proxy, primary age, female (%)",UIS.INS.PRM.F,95.25647848796386,96.18828625756039,94.95046212242464,87.88343637848608,92.82036957998264,90.47161245407389,88.89577560065273,84.40308951455859,81.48995335613955,80.11943353425501,80.67725722405085,,,,
Burundi,BDI,"In-school proxy, primary age, male (%)",UIS.INS.PRM.M,93.07442425876735,93.28041828912097,92.13848183407578,88.23010609054172,89.33201433748015,87.34074861529484,85.77237947199683,81.75904238213468,79.26770660229906,77.60848063805885,78.08674779713817,,,,
Burundi,BDI,"In-school proxy, secondary BEST (2T3), female (%) [STRICT]",UIS.INS.SEC.F,48.86927032470703,53.46580123901367,54.5325813293457,61.53537349226985,58.37030551195556,56.08435785590974,57.78177222603581,56.54451605804945,54.22310954931609,50.2606201582747,55.05602404284227,,,,
Burundi,BDI,"In-school proxy, secondary BEST (2T3), male (%) [STRICT]",UIS.INS.SEC.M,55.48904037475586,58.46205139160156,57.44205856323242,59.30548977304826,57.53348166228577,53.69536442401954,55.11729924315406,51.95167366194545,49.19606071153257,45.65182398837854,49.30628540560805,,,,
Burundi,BDI,"Pupil-teacher ratio, primary (trained) (ratio)",UIS.PTR.PRM.TRAINED,,51.29588340712629,49.59057680753055,,47.37181475223922,43.22108907380759,49.66065839941643,49.61434171839268,42.5238291120644,42.9242797555534,765.1312728481223,,,,
Burundi,BDI,"PTR secondary source flag (2T3 / avg(2,3) / only2 / only3 / missing)",UIS.PTR.SEC.SOURCE,missing,2T3,2T3,missing,2T3,2T3,2T3,only3,2T3,2T3,only3,missing,missing,missing,missing
Burundi,BDI,"Pupil-teacher ratio, secondary (trained) BEST (ratio)",UIS.PTR.SEC.TRAINED,,40.59674072265625,39.6673583984375,,51.43809523809524,35.79281172540144,32.13206100463867,16.1679801940918,26.59841557622576,35.06060279290451,415.2600950118765,,,,
Burundi,BDI,"Out-of-school rate, primary age (%) (ROFST.1.CP)",UIS.ROFST.1.CP,5.836197129372345,5.268170089051795,6.458154462473706,11.94288779066234,8.927438849524034,11.0972663089659,12.66957571192243,16.92226915944828,19.62421482844699,21.1397608899175,20.62214979201019,,,,
Burundi,BDI,"Out-of-school rate, secondary age BEST (%) (ROFST.2T3.CP) [STRICT]",UIS.ROFST.SEC.BEST,47.8231201171875,44.03733825683594,44.012939453125,39.57943391283627,42.04820287360956,45.11075669997164,43.55263605476493,45.75670707396821,48.29549841550426,52.04718028788685,47.82246692863126,,,,
Burundi,BDI,Secondary BEST source flag (2T3 / missing) [STRICT],UIS.SEC.SOURCE,2T3,2T3,2T3,2T3,2T3,2T3,2T3,2T3,2T3,2T3,2T3,missing,missing,missing,missing
Belgium,BEL,"In-school proxy (100 - ROFST.1.CP), primary age (%)",SE.PRM.TENR,98.70457994937897,97.89896011352539,98.1224399805069,98.19218003749847,98.16893005371094,98.14875996112823,98.0809600353241,98.61776995658875,98.66164004802704,98.65251004695892,98.77073001861572,98.52596998214722,98.775750041008,98.34171998500824,
Belgium,BEL,"In-school proxy (100 - ROFST.2T3.CP), secondary age BEST (%) [STRICT]",SE.SEC.NENR,99.35124999284744,98.7237000465393,99.06165999174118,98.75266003608704,98.26345002651215,97.98401999473572,97.97241997718811,99.0467699766159,99.06426000595093,98.85298001766205,98.99926996231079,98.94646000862122,98.40933001041412,98.40099000930786,
Belgium,BEL,"In-school proxy, primary age, female (%)",UIS.INS.PRM.F,98.70905005931854,97.89931988716125,98.11191999912262,98.16054999828339,98.12746000289917,98.11868000030518,98.06301999092102,98.62092995643616,98.67245995998383,98.65849995613098,98.75854003429413,98.51791000366211,98.75039005279541,98.31744003295898,
Belgium,BEL,"In-school proxy, primary age, male (%)",UIS.INS.PRM.M,98.70029997825623,97.89861989021301,98.13248002529144,98.22244000434875,98.20857000350952,98.17744994163513,98.09807002544403,98.61476004123688,98.65130996704102,98.64680004119873,98.78235995769501,98.53366994857788,98.7999700307846,98.36491000652313,
Belgium,BEL,"In-school proxy, secondary BEST (2T3), female (%) [STRICT]",UIS.INS.SEC.F,99.53036999702454,99.02265000343323,99.35803002119064,98.99810004234314,98.34138000011444,98.06517994403839,98.10597002506256,98.99539995193481,99.01357001066208,98.83613002300262,98.99219000339508,98.86712002754211,98.48388004302979,98.46443998813629,
Belgium,BEL,"In-school proxy, secondary BEST (2T3), male (%) [STRICT]",UIS.INS.SEC.M,99.1797000169754,98.43803000450134,98.77883005142212,98.51785004138947,98.18870997428894,97.90628004074097,97.845370054245,99.09562999010086,99.11246001720428,98.8690299987793,99.00600999593735,99.02183002233505,98.33870995044708,98.34089994430542,
Belgium,BEL,"PTR secondary source flag (2T3 / avg(2,3) / only2 / only3 / missing)",UIS.PTR.SEC.SOURCE,missing,missing,missing,missing,missing,missing,missing,missing,missing,missing,missing,missing,missing,missing,missing
Belgium,BEL,"Out-of-school rate, primary age (%) (ROFST.1.CP)",UIS.ROFST.1.CP,1.295420050621033,2.101039886474609,1.877560019493103,1.807819962501526,1.831069946289063,1.851240038871765,1.919039964675903,1.382230043411255,1.338359951972961,1.347489953041077,1.229269981384277,1.474030017852783,1.224249958992004,1.65828001499176,
Belgium,BEL,"Out-of-school rate, secondary age BEST (%) (ROFST.2T3.CP) [STRICT]",UIS.ROFST.SEC.BEST,0.6487500071525574,1.276299953460693,0.9383400082588196,1.247339963912964,1.736549973487854,2.015980005264282,2.02758002281189,0.9532300233840942,0.9357399940490724,1.147019982337952,1.000730037689209,1.053539991378784,1.590669989585876,1.599009990692139,
Belgium,BEL,Secondary BEST source flag (2T3 / missing) [STRICT],UIS.SEC.SOURCE,2T3,2T3,2T3,2T3,2T3,2T3,2T3,2T3,2T3,2T3,2T3,2T3,2T3,2T3,missing
Benin,BEN,"In-school proxy (100 - ROFST.1.CP), primary age (%)",SE.PRM.TENR,92.09013986587524,93.06081008911133,95.8909797668457,96.15684008598328,96.51781988143921,,96.96803998947144,92.88430976867676,90.02200031280518,85.58471012115479,85.00784969329834,87.86528015136719,90.38978958129883,,
Benin,BEN,"In-school proxy (100 - ROFST.2T3.CP), secondary age BEST (%) [STRICT]",SE.SEC.NENR,,,,51.81658935546875,,,,,,,45.53755187988281,45.49354934692383,44.4882698059082,,
Benin,BEN,"In-school proxy, primary age, female (%)",UIS.INS.PRM.F,87.26344966888428,88.19044017791748,,,,,,89.96969985961914,87.32682991027832,82.68102073669434,82.29534912109375,84.90896987915039,87.55587005615234,,
Benin,BEN,"In-school proxy, primary age, male (%)",UIS.INS.PRM.M,96.76396989822388,97.77698993682861,,,,,,95.71688985824585,92.64356994628906,88.41038990020752,87.6484899520874,90.744460105896,93.15031003952026,,
Benin,BEN,"In-school proxy, secondary BEST (2T3), female (%) [STRICT]",UIS.INS.SEC.F,,,,43.43542098999023,,,,,,,41.4598503112793,41.88211059570312,41.46081924438477,,
Benin,BEN,"In-school proxy, secondary BEST (2T3), male (%) [STRICT]",UIS.INS.SEC.M,,,,59.92649841308594,,,,,,,49.48616027832031,48.99346160888672,47.42457962036133,,
Benin,BEN,"Pupil-teacher ratio, primary (trained) (ratio)",UIS.PTR.PRM.TRAINED,108.8216705322266,94.26548767089844,,,67.9404525756836,65.19049072265625,59.13365936279297,63.82320022583008,55.65758895874023,57.40560150146484,49.731689453125,51.88238143920898,,,
Benin,BEN,"PTR secondary source flag (2T3 / avg(2,3) / only2 / only3 / missing)",UIS.PTR.SEC.SOURCE,missing,missing,missing,missing,missing,2T3,2T3,missing,missing,missing,2T3,2T3,2T3,missing,missing
Benin,BEN,"Pupil-teacher ratio, secondary (trained) BEST (ratio)",UIS.PTR.SEC.TRAINED,,,,,,51.544921875,60.96881103515625,,,,53.49375152587891,49.89865875244141,45.5195198059082,,
Benin,BEN,"Out-of-school rate, primary age (%) (ROFST.1.CP)",UIS.ROFST.1.CP,7.909860134124756,6.939189910888672,4.109020233154297,3.843159914016724,3.482180118560791,,3.031960010528564,7.115690231323242,9.977999687194824,14.41528987884521,14.99215030670166,12.13471984863281,9.610210418701172,,
Benin,BEN,"Out-of-school rate, secondary age BEST (%) (ROFST.2T3.CP) [STRICT]",UIS.ROFST.SEC.BEST,,,,48.18341064453125,,,,,,,54.46244812011719,54.50645065307617,55.5117301940918,,
Benin,BEN,Secondary BEST source flag (2T3 / missing) [STRICT],UIS.SEC.SOURCE,missing,missing,missing,2T3,missing,missing,missing,missing,missing,missing,2T3,2T3,2T3,missing,missing
Burkina Faso,BFA,"In-school proxy (100 - ROFST.1.CP), primary age (%)",SE.PRM.TENR,58.96856284632176,63.51894896266175,64.41556779125429,65.30735401237393,66.24141308617146,67.50214931418554,72.76896594945659,73.59994348112137,75.55304717857535,74.20008212900139,71.47830078403575,70.94200807351604,67.75199867765237,58.03317395486858,65.71233603036016
Burkina Faso,BFA,"In-school proxy (100 - ROFST.2T3.CP), secondary age BEST (%) [STRICT]",SE.SEC.NENR,33.955067741652314,35.30799978517888,30.642623021786235,39.81486341733418,42.3455676695479,44.57148307820189,41.9428820821725,43.86600400436631,45.92935145253362,44.54462306657068,43.71966835721703,42.8451494770433,38.39261775378152,36.44029218510262,33.8791619505605
Burkina Faso,BFA,"In-school proxy, primary age, female (%)",UIS.INS.PRM.F,56.2884502301054,61.22417692205563,62.53655933133241,63.82312528910894,64.74069654295133,66.1013832534709,71.49510200502213,72.51475478021413,74.50296070910997,73.48227554930124,71.25774306490707,71.00596706857213,68.06096555992099,58.6163657412319,66.28813659784859
Burkina Faso,BFA,"In-school proxy, primary age, male (%)",UIS.INS.PRM.M,61.57519621315782,65.7493529919222,66.2412081092263,66.74931191835964,67.69926460571196,68.86256841071355,74.00576341228545,74.65341330677091,76.57225966032375,74.89659141450252,71.69225913056182,70.8799734879315,67.45237089158752,57.46771965512102,65.1541195982349
Burkina Faso,BFA,"In-school proxy, secondary BEST (2T3), female (%) [STRICT]",UIS.INS.SEC.F,30.500130970190554,32.03950073307527,16.207044132066343,37.92570441906992,41.08528675041789,43.79462012257983,41.73148757632678,44.09706557980596,46.53392617201271,45.82376578645236,45.4989406761077,45.42732292266523,41.43879460776586,39.62424831183642,37.32515819385882
Burkina Faso,BFA,"In-school proxy, secondary BEST (2T3), male (%) [STRICT]",UIS.INS.SEC.M,37.33389810184832,38.50546014737465,19.04594599382348,41.66039280571832,43.57570706120843,45.3289751230793,42.14886268160365,43.64106628369365,45.34112929558639,43.30020011888134,41.98858250827523,40.33378029187381,35.43059670696765,33.34450710081801,30.528495049042107
Burkina Faso,BFA,"Pupil-teacher ratio, primary (trained) (ratio)",UIS.PTR.PRM.TRAINED,,,50.86762440051214,53.85930163998864,52.74979664877176,49.37619481940897,56.76616217497826,47.39330746091863,45.35700643700927,44.46897689768977,41.492374671874,38.91658878781067,40.71226517920113,37.40527135055272,36.74663728155805
Burkina Faso,BFA,"PTR secondary source flag (2T3 / avg(2,3) / only2 / only3 / missing)",UIS.PTR.SEC.SOURCE,missing,2T3,2T3,2T3,2T3,2T3,2T3,2T3,2T3,2T3,2T3,2T3,2T3,2T3,2T3
Burkina Faso,BFA,"Pupil-teacher ratio, secondary (trained) BEST (ratio)",UIS.PTR.SEC.TRAINED,,55.14494341000365,54.48618383952308,55.07006139400506,57.74648466973044,42.01879977370643,39.28434065934066,40.06401020302644,38.69410378783302,36.5268615284128,32.71677161947796,30.15893136154574,27.19706758902739,27.04352586914865,25.8341912643079
Burkina Faso,BFA,"Out-of-school rate, primary age (%) (ROFST.1.CP)",UIS.ROFST.1.CP,41.03143715367824,36.48105103733825,35.5844322087457,34.69264598762607,33.75858691382854,32.49785068581446,27.23103405054341,26.40005651887863,24.44695282142465,25.79991787099861,28.52169921596425,29.05799192648397,32.24800132234763,41.96682604513142,34.28766396963984
Burkina Faso,BFA,"Out-of-school rate, secondary age BEST (%) (ROFST.2T3.CP) [STRICT]",UIS.ROFST.SEC.BEST,66.04493225834769,64.69200021482112,69.35737697821376,60.18513658266582,57.6544323304521,55.42851692179811,58.0571179178275,56.13399599563369,54.07064854746638,55.45537693342932,56.28033164278297,57.1548505229567,61.60738224621848,63.55970781489738,66.1208380494395
Burkina Faso,BFA,Secondary BEST source flag (2T3 / missing) [STRICT],UIS.SEC.SOURCE,2T3,2T3,2T3,2T3,2T3,2T3,2T3,2T3,2T3,2T3,2T3,2T3,2T3,2T3,2T3
Bangladesh,BGD,"In-school proxy (100 - ROFST.1.CP), primary age (%)",SE.PRM.TENR,90.24643039703369,,,,,,,96.72172330371613,96.6420704494484,,,,92.71375754008594,93.11538462883497,94.13780401407658
Bangladesh,BGD,"In-school proxy (100 - ROFST.2T3.CP), secondary age BEST (%) [STRICT]",SE.SEC.NENR,54.65382014620948,,,,,,,65.49559861989016,69.47437235105477,,,67.21859257100954,75.07928473372993,75.68316044277802,73.43178143238364
Bangladesh,BGD,"In-school proxy, primary age, female (%)",UIS.INS.PRM.F,94.62036991119385,,,,,,,99.32283445786383,97.61236838098479,,,,,,
Bangladesh,BGD,"In-school proxy, primary age, male (%)",UIS.INS.PRM.M,86.01156997680664,,,,,,,94.20100517515445,95.71098251610245,,,,,,
Bangladesh,BGD,"In-school proxy, secondary BEST (2T3), female (%) [STRICT]",UIS.INS.SEC.F,58.05424259167925,,,,,,,70.05416558027648,,,,74.75858540587134,75.71362041075636,80.64436097150863,79.24175073138092
Bangladesh,BGD,"In-school proxy, secondary BEST (2T3), male (%) [STRICT]",UIS.INS.SEC.M,51.34503652691448,,,,,,,61.06994683002535,,,,59.76492481980008,74.46507734862155,70.97905920658323,68.00987341437981
Bangladesh,BGD,"Pupil-teacher ratio, primary (trained) (ratio)",UIS.PTR.PRM.TRAINED,,,,,,,,59.40176387679808,61.98443426749179,,,71.39386428195687,64.28598451505606,54.70905522810585,55.85425083597487
Bangladesh,BGD,"PTR secondary source flag (2T3 / avg(2,3) / only2 / only3 / missing)",UIS.PTR.SEC.SOURCE,"avg(2,3)",2T3,2T3,2T3,missing,missing,2T3,2T3,missing,missing,2T3,2T3,2T3,2T3,2T3
Bangladesh,BGD,"Pupil-teacher ratio, secondary (trained) BEST (ratio)",UIS.PTR.SEC.TRAINED,58.21365379410725,57.15357192370917,57.39073944091797,60.65639178216401,,,57.80966186523438,51.13885116577148,,,53.15077236734503,45.98858245003746,45.05889214135908,44.05959484284055,47.91493143889284
Bangladesh,BGD,"Out-of-school rate, primary age (%) (ROFST.1.CP)",UIS.ROFST.1.CP,9.753569602966309,,,,,,,3.278276696283861,3.357929550551601,,,,7.286242459914058,6.88461537116503,5.862195985923427
Bangladesh,BGD,"Out-of-school rate, secondary age BEST (%) (ROFST.2T3.CP) [STRICT]",UIS.ROFST.SEC.BEST,45.34617985379052,,,,,,,34.50440138010983,30.52562764894523,,,32.78140742899046,24.92071526627006,24.31683955722199,26.56821856761635
Bangladesh,BGD,Secondary BEST source flag (2T3 / missing) [STRICT],UIS.SEC.SOURCE,2T3,missing,missing,missing,missing,missing,missing,2T3,2T3,missing,missing,2T3,2T3,2T3,2T3
Bulgaria,BGR,"In-school proxy (100 - ROFST.1.CP), primary age (%)",SE.PRM.TENR,99.15441000461578,98.51740002632141,97.49303007125854,96.30031991004944,96.74612998962402,97.0117199420929,96.63878011703491,96.46524000167847,95.96525001525879,95.81886005401611,95.78806018829346,94.95917987823486,94.70402002334595,94.28589010238647,
Bulgaria,BGR,"In-school proxy (100 - ROFST.2T3.CP), secondary age BEST (%) [STRICT]",SE.SEC.NENR,89.20425987243652,89.7121000289917,88.79936981201172,90.68898010253906,92.99420022964478,93.9435601234436,94.36751985549927,95.03389978408813,94.00487995147705,94.37534999847412,95.14028978347778,93.87090015411377,92.1651201248169,91.02583980560303,
Bulgaria,BGR,"In-school proxy, primary age, female (%)",UIS.INS.PRM.F,99.25382000207901,98.74980998039246,97.60128998756409,96.5337700843811,97.35310006141663,97.51549005508423,97.0291600227356,96.88291001319885,96.23099994659424,95.85130977630615,95.82557010650635,94.96046018600464,94.7552900314331,94.46080017089844,
Bulgaria,BGR,"In-school proxy, primary age, male (%)",UIS.INS.PRM.M,99.06044000387192,98.29841995239258,97.39117002487183,96.0814299583435,96.17847990989685,96.54169988632202,96.27419996261597,96.07309007644653,95.71438980102539,95.78812980651855,95.75254011154175,94.9579701423645,94.65549993515015,94.12051010131836,
Bulgaria,BGR,"In-school proxy, secondary BEST (2T3), female (%) [STRICT]",UIS.INS.SEC.F,88.21068954467773,88.83658981323242,87.94143009185791,89.01716995239258,91.22136974334717,92.110680103302,92.72736978530884,93.39800977706909,92.37040996551514,92.93309020996094,93.81442022323608,92.57180976867676,91.13646030426025,90.07363986968994,
Bulgaria,BGR,"In-school proxy, secondary BEST (2T3), male (%) [STRICT]",UIS.INS.SEC.M,90.14153957366943,90.53808975219727,89.61073017120361,92.28288984298706,94.68311977386475,95.68758010864258,95.92446994781494,96.58505010604858,95.54911994934082,95.73130989074707,96.38516998291016,95.0915298461914,93.13325023651123,91.92185974121094,
Bulgaria,BGR,"PTR secondary source flag (2T3 / avg(2,3) / only2 / only3 / missing)",UIS.PTR.SEC.SOURCE,missing,missing,missing,missing,missing,missing,missing,missing,missing,missing,missing,missing,missing,missing,missing
Bulgaria,BGR,"Out-of-school rate, primary age (%) (ROFST.1.CP)",UIS.ROFST.1.CP,0.8455899953842163,1.482599973678589,2.506969928741455,3.699680089950562,3.253870010375977,2.988280057907104,3.361219882965088,3.534759998321533,4.034749984741211,4.181139945983887,4.211939811706543,5.040820121765137,5.295979976654053,5.714109897613525,
Bulgaria,BGR,"Out-of-school rate, secondary age BEST (%) (ROFST.2T3.CP) [STRICT]",UIS.ROFST.SEC.BEST,10.79574012756348,10.2878999710083,11.20063018798828,9.311019897460938,7.005799770355225,6.056439876556396,5.632480144500732,4.966100215911865,5.995120048522949,5.624650001525879,4.859710216522217,6.12909984588623,7.834879875183105,8.974160194396973,
Bulgaria,BGR,Secondary BEST source flag (2T3 / missing) [STRICT],UIS.SEC.SOURCE,2T3,2T3,2T3,2T3,2T3,2T3,2T3,2T3,2T3,2T3,2T3,2T3,2T3,2T3,missing
Bahrain,BHR,"In-school proxy (100 - ROFST.1.CP), primary age (%)",SE.PRM.TENR,,93.59361117424633,99.47779009293205,99.5803467100438,99.4552269526186,98.4108765839912,98.31207734667886,98.19328357554443,97.17188852048903,96.98892914484578,,,96.75515725397362,93.28772706566824,95.2530693069307
Bahrain,BHR,"In-school proxy (100 - ROFST.2T3.CP), secondary age BEST (%) [STRICT]",SE.SEC.NENR,,88.72362977399392,93.34359824706858,96.12512412723923,96.78509107354391,93.50737376056323,94.07664767069889,94.90771070555816,95.61550915015268,97.0547221874843,,,95.55877110830788,99.12111629638932,97.74729347855266
Bahrain,BHR,"In-school proxy, primary age, female (%)",UIS.INS.PRM.F,,94.3214588634436,99.96500820120285,,,98.90592480858457,98.7938777380625,98.72169009041268,97.5929327385638,97.3988935848538,,,97.12137153107159,93.9173386107522,95.94979296066252
Bahrain,BHR,"In-school proxy, primary age, male (%)",UIS.INS.PRM.M,,92.9020429544264,99.01469640592845,,,97.9376927709744,97.85048206100838,97.68585379272402,96.76774800188058,96.59616492469756,,,96.40304472562644,92.68612864912171,94.58448452488126
Bahrain,BHR,"In-school proxy, secondary BEST (2T3), female (%) [STRICT]",UIS.INS.SEC.F,,90.28493766988471,94.44228243420733,97.00079989433289,97.88520002365112,94.3773296806934,95.00575673973019,96.0892780862879,96.4878028299114,97.79738998413086,,,,,97.331130027771
Bahrain,BHR,"In-school proxy, secondary BEST (2T3), male (%) [STRICT]",UIS.INS.SEC.M,,87.24509042494175,92.30076646043032,95.29274988174438,95.81324005126953,92.68199152091012,93.19248341016683,93.78660451920155,94.78382706164932,96.74972009658813,,,,,98.1382600069046
Bahrain,BHR,"Pupil-teacher ratio, primary (trained) (ratio)",UIS.PTR.PRM.TRAINED,,15.08153671583725,14.34078967122054,14.30137382501808,13.98180089637376,14.12677538137822,14.30554842024146,14.40537428023033,11.83446759501623,12.16966173361522,,,13.21236899689048,13.10900368180297,13.00563589961718
Bahrain,BHR,"PTR secondary source flag (2T3 / avg(2,3) / only2 / only3 / missing)",UIS.PTR.SEC.SOURCE,missing,2T3,2T3,2T3,2T3,2T3,2T3,2T3,2T3,2T3,missing,missing,2T3,2T3,2T3
Bahrain,BHR,"Pupil-teacher ratio, secondary (trained) BEST (ratio)",UIS.PTR.SEC.TRAINED,,12.80215827338129,11.64929241978422,11.95014225714673,11.74070180049941,11.76596563221339,11.47100748973182,11.89083557951482,10.16223761761969,10.34863041700736,,,12.59201190203708,12.40362530961495,12.18440428380187
Bahrain,BHR,"Out-of-school rate, primary age (%) (ROFST.1.CP)",UIS.ROFST.1.CP,,6.406388825753663,0.5222099070679512,0.419653289956207,0.5447730473813966,1.589123416008809,1.687922653321136,1.806716424455573,2.828111479510971,3.01107085515421,,,3.244842746026378,6.71227293433177,4.746930693069307
Bahrain,BHR,"Out-of-school rate, secondary age BEST (%) (ROFST.2T3.CP) [STRICT]",UIS.ROFST.SEC.BEST,,11.27637022600608,6.656401752931422,3.874875872760771,3.214908926456093,6.492626239436773,5.923352329301103,5.092289294441845,4.384490849847326,2.9452778125157,,,4.441228891692122,0.8788837036106891,2.252706521447331
Bahrain,BHR,Secondary BEST source flag (2T3 / missing) [STRICT],UIS.SEC.SOURCE,missing,2T3,2T3,2T3,2T3,2T3,2T3,2T3,2T3,2T3,missing,missing,2T3,2T3,2T3
Bahamas,BHS,"In-school proxy (100 - ROFST.1.CP), primary age (%)",SE.PRM.TENR,92.94504433854135,98.847767589056,96.78531466416669,,,,,,,,,,,71.08218993812214,84.12396121883657
Bahamas,BHS,"In-school proxy (100 - ROFST.2T3.CP), secondary age BEST (%) [STRICT]",SE.SEC.NENR,89.71460340993328,87.34708238605609,91.30182421227197,83.43795950684313,90.13534617386777,74.49753563734026,84.0706108014146,,80.32431781942898,77.62874895447484,,74.54230724093416,,85.53982074613702,81.70038305003591
Bahamas,BHS,"In-school proxy, primary age, female (%)",UIS.INS.PRM.F,94.0289432080749,,98.06014762398584,,,,,,,,,,,71.1658948515391,83.73658741847255
Bahamas,BHS,"In-school proxy, primary age, male (%)",UIS.INS.PRM.M,91.87814220732584,,95.5319659349886,,,,,,,,,,,71.00053149083178,84.5017440667533
Bahamas,BHS,"In-school proxy, secondary BEST (2T3), female (%) [STRICT]",UIS.INS.SEC.F,91.4927683193681,88.46489315307458,93.61749485281842,85.78746656041892,91.17681294377837,75.26134473746733,85.53330115830116,,82.89609209330506,78.53790613718412,,75.87695947944395,,93.16198015213013,82.71947832387393
Bahamas,BHS,"In-school proxy, secondary BEST (2T3), male (%) [STRICT]",UIS.INS.SEC.M,87.96427633307066,86.24489357127499,89.01642045142512,81.11829165495926,89.10669119337778,73.74318061829061,82.62656343061346,,77.78773754033705,76.73232083531087,,73.22894231328948,,78.04620933532715,80.69894387089118
Bahamas,BHS,"Pupil-teacher ratio, primary (trained) (ratio)",UIS.PTR.PRM.TRAINED,15.45111414279218,19.31296493092455,22.21840570317563,20.0,22.3274647887324,23.4713055954089,21.12680909717436,,21.66226138032306,21.96872727272727,,16.15374946594238,,11.74949596774194,20.07260479041916
Bahamas,BHS,"PTR secondary source flag (2T3 / avg(2,3) / only2 / only3 / missing)",UIS.PTR.SEC.SOURCE,2T3,2T3,2T3,2T3,2T3,2T3,2T3,2T3,2T3,2T3,missing,2T3,missing,2T3,2T3
Bahamas,BHS,"Pupil-teacher ratio, secondary (trained) BEST (ratio)",UIS.PTR.SEC.TRAINED,13.62613861386139,12.91539365452409,17.57165437302423,15.40864642305713,15.33446272991288,13.92756756756757,13.859375,16.61621621621622,15.02738960313024,13.17685370741483,,12.32354405176705,,12.25375,14.31859838274933
Bahamas,BHS,"Out-of-school rate, primary age (%) (ROFST.1.CP)",UIS.ROFST.1.CP,7.054955661458647,1.152232410943999,3.214685335833308,,,,,,,,,,,28.91781006187786,15.87603878116343
Bahamas,BHS,"Out-of-school rate, secondary age BEST (%) (ROFST.2T3.CP) [STRICT]",UIS.ROFST.SEC.BEST,10.28539659006672,12.65291761394392,8.698175787728028,16.56204049315688,9.864653826132225,25.50246436265974,15.92938919858539,,19.67568218057102,22.37125104552515,,25.45769275906584,,14.46017925386298,18.29961694996409
Bahamas,BHS,Secondary BEST source flag (2T3 / missing) [STRICT],UIS.SEC.SOURCE,2T3,2T3,2T3,2T3,2T3,2T3,2T3,missing,2T3,2T3,missing,2T3,missing,2T3,2T3
Bosnia and Herzegovina,BIH,"In-school proxy (100 - ROFST.1.CP), primary age (%)",SE.PRM.TENR,89.51383018493652,89.68994998931885,88.44861030578613,88.83835983276367,90.12254047393799,92.07460021972656,95.13058996200562,98.03127002716064,99.29614001512527,,98.15839004516602,98.44983005523682,98.5035400390625,97.9027099609375,
Bosnia and Herzegovina,BIH,"In-school proxy (100 - ROFST.2T3.CP), secondary age BEST (%) [STRICT]",SE.SEC.NENR,,,,,,86.51978969573975,84.17870044708252,83.8869400024414,85.49164009094238,85.71819972991943,86.06116962432861,86.11312007904053,87.99641990661621,87.42671966552734,
Bosnia and Herzegovina,BIH,"In-school proxy, primary age, female (%)",UIS.INS.PRM.F,90.56124019622803,90.43929958343506,89.14643955230713,89.695969581604,91.09969997406006,93.1424298286438,95.93835020065308,98.95164000988007,,,99.13523000478745,99.75982999801636,99.39516001939774,98.9060800075531,
Bosnia and Herzegovina,BIH,"In-school proxy, primary age, male (%)",UIS.INS.PRM.M,88.53250026702881,88.98904037475586,87.79668998718262,88.03835010528564,89.21220016479492,91.08049964904785,94.37936019897461,97.17601990699768,,,97.25020003318787,97.23074007034302,97.673180103302,96.96751999855042,
Bosnia and Herzegovina,BIH,"In-school proxy, secondary BEST (2T3), female (%) [STRICT]",UIS.INS.SEC.F,,,,,,88.49203968048096,86.10824966430664,85.64058017730713,87.43828964233398,87.57277011871338,88.06365966796875,88.14173984527588,89.92977046966553,89.9525499343872,
Bosnia and Herzegovina,BIH,"In-school proxy, secondary BEST (2T3), male (%) [STRICT]",UIS.INS.SEC.M,,,,,,84.68509006500244,82.38446044921875,82.25602912902832,83.68190956115723,83.99612998962402,84.20386028289795,84.23386001586914,86.20668029785156,85.08582019805908,
Bosnia and Herzegovina,BIH,"PTR secondary source flag (2T3 / avg(2,3) / only2 / only3 / missing)",UIS.PTR.SEC.SOURCE,missing,missing,missing,missing,missing,missing,missing,missing,missing,missing,missing,missing,missing,missing,missing
Bosnia and Herzegovina,BIH,"Out-of-school rate, primary age (%) (ROFST.1.CP)",UIS.ROFST.1.CP,10.48616981506348,10.31005001068115,11.55138969421387,11.16164016723633,9.877459526062012,7.925399780273438,4.869410037994385,1.968729972839355,0.7038599848747253,,1.841609954833984,1.550169944763184,1.4964599609375,2.0972900390625,
Bosnia and Herzegovina,BIH,"Out-of-school rate, secondary age BEST (%) (ROFST.2T3.CP) [STRICT]",UIS.ROFST.SEC.BEST,,,,,,13.48021030426025,15.82129955291748,16.11305999755859,14.50835990905762,14.28180027008057,13.93883037567139,13.88687992095947,12.00358009338379,12.57328033447266,
Bosnia and Herzegovina,BIH,Secondary BEST source flag (2T3 / missing) [STRICT],UIS.SEC.SOURCE,missing,missing,missing,missing,missing,2T3,2T3,2T3,2T3,2T3,2T3,2T3,2T3,2T3,missing
Belarus,BLR,"In-school proxy (100 - ROFST.1.CP), primary age (%)",SE.PRM.TENR,99.38150000572205,99.40101999044418,99.36260998249054,99.46949453842112,98.45680997245356,97.81964356133366,97.8464310625436,97.24650840603587,96.46410717443172,95.43929030218654,94.93749038736185,94.94434894714225,94.69673474812814,94.54992826912665,95.50823453993202
Belarus,BLR,"In-school proxy (100 - ROFST.2T3.CP), secondary age BEST (%) [STRICT]",SE.SEC.NENR,97.74843001365662,99.33158649777573,97.45155000686646,99.39353325453786,99.03120686179378,98.89929051074948,99.04372917910193,99.04061482084691,98.68936535055605,97.98482371777783,98.00336546359483,97.8431817920438,96.92712673599014,95.66513176442159,95.39870208144984
Belarus,BLR,"In-school proxy, primary age, female (%)",UIS.INS.PRM.F,,,,99.59818609723897,97.8329553711002,97.14243860585324,97.45221340520038,96.55024299841219,95.78462645174115,94.51813658225568,94.02510172398966,94.2692369022519,92.87368732693614,93.61397803650149,94.5212442924942
Belarus,BLR,"In-school proxy, primary age, male (%)",UIS.INS.PRM.M,,,,99.34735947527265,99.04862358494506,98.46072318275694,98.21810037360135,97.90194858002171,97.10454592089357,96.30761994355598,95.79826550350359,95.5803802433691,96.41066363223321,95.4298185741786,96.43664153146977
Belarus,BLR,"In-school proxy, secondary BEST (2T3), female (%) [STRICT]",UIS.INS.SEC.F,97.935800075531,97.84271001815796,97.70645999908447,99.50477999448776,99.40262001752853,99.15240997076035,99.47689998149872,99.49436385550827,99.21187936705971,98.58669856039876,98.46285928266767,98.28997866541992,96.53956706578924,96.27791700551563,95.88308044844682
Belarus,BLR,"In-school proxy, secondary BEST (2T3), male (%) [STRICT]",UIS.INS.SEC.M,97.57163000106812,97.3958899974823,97.21071004867554,99.28816998004913,98.68157005310059,98.66291999816895,98.6325900554657,98.60998738324855,98.1941900823676,97.414435130925,97.568688439606,97.42100716045171,97.2932542736664,95.08727815281242,94.94211339113583
Belarus,BLR,"Pupil-teacher ratio, primary (trained) (ratio)",UIS.PTR.PRM.TRAINED,15.001928721174,14.9820453101842,14.96235804517035,15.41944155393687,16.56930403917869,17.67840504247739,18.43476894058472,18.86881077705415,19.31858007406738,19.53377555164478,19.62812641083521,19.88909766026931,20.20065201857807,20.22430533804645,20.0779526134925
Belarus,BLR,"PTR secondary source flag (2T3 / avg(2,3) / only2 / only3 / missing)",UIS.PTR.SEC.SOURCE,missing,missing,missing,2T3,2T3,2T3,2T3,2T3,2T3,2T3,2T3,2T3,2T3,2T3,2T3
Belarus,BLR,"Pupil-teacher ratio, secondary (trained) BEST (ratio)",UIS.PTR.SEC.TRAINED,,,,8.102961191833732,8.388403135266575,8.707829778030119,8.634425460636516,8.664479257715323,8.862885064217178,9.156040384962573,9.52108551894194,9.667086452898602,9.945686543358423,10.28297555791711,10.47966510612632
Belarus,BLR,"Out-of-school rate, primary age (%) (ROFST.1.CP)",UIS.ROFST.1.CP,0.6184999942779541,0.5989800095558167,0.6373900175094604,0.5305054615788827,1.543190027546438,2.180356438666344,2.153568937456405,2.753491593964129,3.535892825568285,4.560709697813469,5.062509612638148,5.055651052857757,5.303265251871871,5.450071730873347,4.491765460067986
Belarus,BLR,"Out-of-school rate, secondary age BEST (%) (ROFST.2T3.CP) [STRICT]",UIS.ROFST.SEC.BEST,2.251569986343384,0.6684135022242738,2.548449993133545,0.6064667454621422,0.968793138206228,1.10070948925052,0.9562708208980653,0.9593851791530944,1.310634649443954,2.015176282222178,1.99663453640517,2.156818207956205,3.072873264009855,4.334868235578408,4.601297918550156
Belarus,BLR,Secondary BEST source flag (2T3 / missing) [STRICT],UIS.SEC.SOURCE,2T3,2T3,2T3,2T3,2T3,2T3,2T3,2T3,2T3,2T3,2T3,2T3,2T3,2T3,2T3
Belize,BLZ,"In-school proxy (100 - ROFST.1.CP), primary age (%)",SE.PRM.TENR,98.47473989059316,98.48185950767648,99.48148329544011,99.9460426967855,99.50166156334188,99.60989082444956,99.48132951726403,99.74145321989143,99.55888791903391,99.04714170504258,99.4232604773106,95.92750967216453,91.90687114652658,88.36441548787687,89.32289982538964
Belize,BLZ,"In-school proxy (100 - ROFST.2T3.CP), secondary age BEST (%) [STRICT]",SE.SEC.NENR,76.92804577018018,77.73298607179255,80.89607410871356,80.98528218288698,80.33447424288376,80.50980307943394,83.27918608130636,81.88816855753647,82.09245638043106,82.07092442761233,80.14782382521241,89.28804987574661,86.83037199707194,86.29044864780366,82.42340838334161
Belize,BLZ,"In-school proxy, primary age, female (%)",UIS.INS.PRM.F,98.90814558058925,98.17118093174432,,,,,,,,,,96.5667423435111,92.39254296002552,89.35798710601719,89.76996776899642
Belize,BLZ,"In-school proxy, primary age, male (%)",UIS.INS.PRM.M,98.04971319311663,98.78612962098383,,,,,,,,,,95.31747435443934,91.44336175395858,87.41614322950049,88.89637742207245
Belize,BLZ,"In-school proxy, secondary BEST (2T3), female (%) [STRICT]",UIS.INS.SEC.F,77.16266173752311,78.6934399418499,80.67373506911824,81.3021408077687,81.10126195362648,80.89809717827576,83.47225221334485,82.39506492386006,82.97476299727285,82.1431685412852,80.84395604395604,89.56506333599079,87.7635797173432,87.03188432240113,83.96309111880046
Belize,BLZ,"In-school proxy, secondary BEST (2T3), male (%) [STRICT]",UIS.INS.SEC.M,76.69415395955222,76.77821433410107,81.1164316750909,80.67230554586676,79.57955375951163,80.12853251617295,83.09000888663198,81.3926025895154,81.23125026408078,82.0005099005694,79.4706234499273,89.01957417582418,85.92918810499695,85.5792789639482,80.9500684296499
Belize,BLZ,"Pupil-teacher ratio, primary (trained) (ratio)",UIS.PTR.PRM.TRAINED,49.20560747663551,46.09242957746479,39.6780162842339,46.27904929577465,36.86382978723405,30.27441860465116,28.15115653577192,,24.96999508116085,23.34939759036144,22.1149373881932,21.80238970588235,20.73409090909091,20.03897849462366,20.21544715447154
Belize,BLZ,"PTR secondary source flag (2T3 / avg(2,3) / only2 / only3 / missing)",UIS.PTR.SEC.SOURCE,2T3,2T3,2T3,2T3,missing,2T3,2T3,missing,2T3,2T3,2T3,2T3,2T3,2T3,2T3
Belize,BLZ,"Pupil-teacher ratio, secondary (trained) BEST (ratio)",UIS.PTR.SEC.TRAINED,44.53804347826087,45.42432432432432,42.43525179856115,49.03733333333334,,34.5716894977169,34.03482587064676,,27.28397565922921,25.25854568054692,23.15899825276645,22.91676040494938,22.15739179314221,22.02588235294118,23.28250303766707
Belize,BLZ,"Out-of-school rate, primary age (%) (ROFST.1.CP)",UIS.ROFST.1.CP,1.525260109406843,1.518140492323527,0.5185167045598891,0.0539573032145039,0.4983384366581211,0.3901091755504285,0.5186704827359689,0.2585467801085804,0.4411120809660863,0.952858294957428,0.5767395226893947,4.072490327835472,8.093128853473413,11.63558451212313,10.67710017461036
Belize,BLZ,"Out-of-school rate, secondary age BEST (%) (ROFST.2T3.CP) [STRICT]",UIS.ROFST.SEC.BEST,23.07195422981983,22.26701392820745,19.10392589128644,19.01471781711303,19.66552575711624,19.49019692056607,16.72081391869363,18.11183144246353,17.90754361956894,17.92907557238767,19.85217617478758,10.71195012425339,13.16962800292806,13.70955135219634,17.57659161665839
Belize,BLZ,Secondary BEST source flag (2T3 / missing) [STRICT],UIS.SEC.SOURCE,2T3,2T3,2T3,2T3,2T3,2T3,2T3,2T3,2T3,2T3,2T3,2T3,2T3,2T3,2T3
Bolivia (Plurinational State of),BOL,"In-school proxy (100 - ROFST.1.CP), primary age (%)",SE.PRM.TENR,95.73745965744808,93.22599971677869,90.20725328726421,89.38604079075554,88.87219550565815,88.88971209481053,89.64780852718961,91.12592381410317,92.79986169113761,94.01477106548921,94.9544089749159,95.83681594579247,96.61874636519667,95.84251550622449,
Bolivia (Plurinational State of),BOL,"In-school proxy (100 - ROFST.2T3.CP), secondary age BEST (%) [STRICT]",SE.SEC.NENR,82.66196060180664,81.42947959899902,84.61275005340576,85.38027954101562,85.18062019348145,85.20195007324219,84.60367965698242,82.72608947753906,81.65973091125488,81.1032600402832,81.42288017272949,82.07080078125,82.80942916870117,84.87541007995605,
Bolivia (Plurinational State of),BOL,"In-school proxy, primary age, female (%)",UIS.INS.PRM.F,95.96448351595885,93.47489093171977,90.1789429265313,89.07982033818693,88.4852416477457,88.53897517042402,89.44056096339365,90.92450664378637,92.68132689233336,94.02089472274311,95.14812266917701,96.0525400744115,96.86233585529176,96.06688870104091,
Bolivia (Plurinational State of),BOL,"In-school proxy, primary age, male (%)",UIS.INS.PRM.M,95.5196814555489,92.98729826318545,90.23439931638248,89.67962465733376,89.24312218924676,89.2258668485957,89.84641068447412,91.3189174025772,92.91343280268828,94.00890395850183,94.7688085055602,95.63011981459347,96.38533970334981,95.6275156269321,
Bolivia (Plurinational State of),BOL,"In-school proxy, secondary BEST (2T3), female (%) [STRICT]",UIS.INS.SEC.F,82.41447067260742,81.34662055969238,84.61565017700195,85.29354953765869,85.0873498916626,84.97043991088867,84.37998962402344,82.60408020019531,81.54916000366211,81.1042709350586,81.68087959289551,82.51901054382324,83.29294013977051,85.32703018188477,
Bolivia (Plurinational State of),BOL,"In-school proxy, secondary BEST (2T3), male (%) [STRICT]",UIS.INS.SEC.M,82.89971923828125,81.50905990600586,84.60997009277344,85.46354961395264,85.27013969421387,85.4241304397583,84.81832981109619,82.84316062927246,81.76581001281738,81.1022891998291,81.17538070678711,81.640869140625,82.34569931030273,84.44227981567383,
Bolivia (Plurinational State of),BOL,"Pupil-teacher ratio, primary (trained) (ratio)",UIS.PTR.PRM.TRAINED,,20.11534731570339,18.63749880197708,20.22621333013378,19.95535127055306,19.84287901535534,19.99461782066341,20.47082819038444,20.33627583341988,20.42104405534323,20.43055473678005,20.5098563265065,20.50618713896138,20.15869353879192,
Bolivia (Plurinational State of),BOL,"PTR secondary source flag (2T3 / avg(2,3) / only2 / only3 / missing)",UIS.PTR.SEC.SOURCE,missing,2T3,2T3,2T3,2T3,2T3,2T3,2T3,2T3,2T3,2T3,2T3,2T3,2T3,missing
Bolivia (Plurinational State of),BOL,"Pupil-teacher ratio, secondary (trained) BEST (ratio)",UIS.PTR.SEC.TRAINED,,39.3408815348406,35.81891076032954,26.4731597339646,24.86151794829059,24.33370627135237,23.09731663685152,22.05522661017256,21.21184001674487,20.78365074515395,20.69390430412934,20.83630370689369,20.23560931784637,19.94196135959299,
Bolivia (Plurinational State of),BOL,"Out-of-school rate, primary age (%) (ROFST.1.CP)",UIS.ROFST.1.CP,4.262540342551914,6.774000283221316,9.792746712735791,10.61395920924445,11.12780449434185,11.11028790518947,10.35219147281039,8.874076185896822,7.200138308862396,5.985228934510786,5.045591025084099,4.163184054207528,3.381253634803331,4.157484493775516,
Bolivia (Plurinational State of),BOL,"Out-of-school rate, secondary age BEST (%) (ROFST.2T3.CP) [STRICT]",UIS.ROFST.SEC.BEST,17.33803939819336,18.57052040100098,15.38724994659424,14.61972045898438,14.81937980651855,14.79804992675781,15.39632034301758,17.27391052246094,18.34026908874512,18.8967399597168,18.57711982727051,17.92919921875,17.19057083129883,15.12458992004395,
Bolivia (Plurinational State of),BOL,Secondary BEST source flag (2T3 / missing) [STRICT],UIS.SEC.SOURCE,2T3,2T3,2T3,2T3,2T3,2T3,2T3,2T3,2T3,2T3,2T3,2T3,2T3,2T3,missing
Brazil,BRA,"In-school proxy (100 - ROFST.1.CP), primary age (%)",SE.PRM.TENR,,,94.17986011505127,96.0502700805664,96.01766991615295,95.58757019042969,95.74343013763428,95.77664995193481,95.17180013656616,95.80668020248413,95.4792799949646,94.77045011520386,96.01553988456726,,
Brazil,BRA,"In-school proxy (100 - ROFST.2T3.CP), secondary age BEST (%) [STRICT]",SE.SEC.NENR,,,90.63055038452148,92.51118993759155,92.11429977416992,90.58456039428711,91.01091957092285,90.78302955627441,92.03749990463257,92.02084016799927,92.19860982894897,92.62201976776123,94.24918985366821,,
Brazil,BRA,"In-school proxy, primary age, female (%)",UIS.INS.PRM.F,,,94.66774988174438,95.93180990219116,95.67399978637695,95.61390018463135,95.85063982009888,96.34786009788513,95.64223003387451,95.92941999435425,94.63394021987915,94.34734010696411,96.29723000526428,,
Brazil,BRA,"In-school proxy, primary age, male (%)",UIS.INS.PRM.M,,,93.71590995788574,96.16453003883362,96.35071992874146,95.5622501373291,95.64062976837158,95.23506021499634,94.72461986541748,95.68912982940674,96.30399990081787,95.17990016937256,95.74701023101807,,
Brazil,BRA,"In-school proxy, secondary BEST (2T3), female (%) [STRICT]",UIS.INS.SEC.F,,,91.14958000183105,92.63845014572144,92.7521800994873,91.03769969940186,91.34199047088623,90.69342994689941,91.97778987884521,92.3145899772644,92.84404993057251,94.00151014328003,95.41294002532959,,
Brazil,BRA,"In-school proxy, secondary BEST (2T3), male (%) [STRICT]",UIS.INS.SEC.M,,,90.12625026702881,92.38822984695435,91.50508975982666,90.15130996704102,90.69386959075928,90.86903953552246,92.09493017196655,91.74005031585693,91.58568954467773,91.32005023956299,93.15172004699707,,
Brazil,BRA,"Pupil-teacher ratio, primary (trained) (ratio)",UIS.PTR.PRM.TRAINED,,,,,,,,,,21.96556091308594,21.50532913208008,22.0427303314209,21.34441947937012,20.91659927368164,
Brazil,BRA,"PTR secondary source flag (2T3 / avg(2,3) / only2 / only3 / missing)",UIS.PTR.SEC.SOURCE,missing,missing,missing,missing,missing,missing,missing,missing,missing,2T3,2T3,2T3,2T3,2T3,missing
Brazil,BRA,"Pupil-teacher ratio, secondary (trained) BEST (ratio)",UIS.PTR.SEC.TRAINED,,,,,,,,,,20.4232006072998,20.36245918273926,20.48122024536133,20.51511001586914,20.17338943481445,
Brazil,BRA,"Out-of-school rate, primary age (%) (ROFST.1.CP)",UIS.ROFST.1.CP,,,5.82013988494873,3.949729919433594,3.982330083847046,4.412429809570313,4.256569862365723,4.223350048065186,4.828199863433838,4.193319797515869,4.5207200050354,5.229549884796143,3.984460115432739,,
Brazil,BRA,"Out-of-school rate, secondary age BEST (%) (ROFST.2T3.CP) [STRICT]",UIS.ROFST.SEC.BEST,,,9.369449615478516,7.488810062408447,7.885700225830078,9.415439605712892,8.989080429077148,9.216970443725586,7.962500095367432,7.979159832000732,7.801390171051025,7.37798023223877,5.750810146331787,,
Brazil,BRA,Secondary BEST source flag (2T3 / missing) [STRICT],UIS.SEC.SOURCE,missing,missing,2T3,2T3,2T3,2T3,2T3,2T3,2T3,2T3,2T3,2T3,2T3,missing,missing
Barbados,BRB,"In-school proxy (100 - ROFST.1.CP), primary age (%)",SE.PRM.TENR,98.22540060919084,97.97970768336835,,,94.70255989796848,95.33674028107319,96.05958894661823,93.19013008657006,93.55637587028643,93.65117165174318,92.32771747138858,90.66179049145835,87.91180942726812,85.51702976373122,82.40378678740481
Barbados,BRB,"In-school proxy (100 - ROFST.2T3.CP), secondary age BEST (%) [STRICT]",SE.SEC.NENR,94.72164092649315,96.19623169967096,,,98.04199343578834,98.06622167309642,95.42753283617299,98.68828178784962,98.10911183654048,98.05814469596095,95.5987941901891,94.7771816489653,94.96398922425642,95.75328054924977,95.53268491291563
Barbados,BRB,"In-school proxy, primary age, female (%)",UIS.INS.PRM.F,98.29090581991545,96.87046444121916,,,94.41206402072348,95.24207011686144,96.48909278157475,92.87943262411348,93.40722339002484,93.09037900874635,91.87081291870813,90.09477224090492,87.50515463917526,85.05460218408736,82.64281230382925
Barbados,BRB,"In-school proxy, primary age, male (%)",UIS.INS.PRM.M,98.1622746185853,99.0571856551238,,,94.98429789143114,95.42841746003234,95.6451029996386,93.48811899147469,93.69913122999543,94.19017373435457,92.76887430005793,91.21009065825778,88.30508474576271,85.96438273468156,82.17250455557806
Barbados,BRB,"In-school proxy, secondary BEST (2T3), female (%) [STRICT]",UIS.INS.SEC.F,93.77243995666504,97.717050075531,,,,,,99.60475000739098,99.03337001800537,98.9666404582725,95.59412550066756,95.86537389947621,95.84316368947309,96.11463525147259,96.61819021237304
Barbados,BRB,"In-school proxy, secondary BEST (2T3), male (%) [STRICT]",UIS.INS.SEC.M,95.83378982543945,94.8073000907898,,,,,,97.52284002304077,97.20237994194031,97.17136278916786,95.60332721183968,93.72646077692887,94.12144702842377,95.4077764540236,94.490022172949
Barbados,BRB,"Pupil-teacher ratio, primary (trained) (ratio)",UIS.PTR.PRM.TRAINED,22.23650637880275,23.61909758656873,,,18.48995633187773,20.35929892891918,19.33861940298507,17.66377816291161,18.29683257918552,18.94761904761905,17.36642599277979,15.89527896995708,14.69364161849711,14.09418509418509,13.50496688741722
Barbados,BRB,"PTR secondary source flag (2T3 / avg(2,3) / only2 / only3 / missing)",UIS.PTR.SEC.SOURCE,missing,missing,missing,missing,missing,2T3,2T3,2T3,2T3,2T3,2T3,2T3,2T3,2T3,2T3
Barbados,BRB,"Pupil-teacher ratio, secondary (trained) BEST (ratio)",UIS.PTR.SEC.TRAINED,,,,,,33.53018188476563,33.95000076293945,38.94038009643555,36.71857070922852,33.72309875488281,30.74798011779785,30.31731033325195,30.18630981445313,28.88455963134766,27.67166416791604
Barbados,BRB,"Out-of-school rate, primary age (%) (ROFST.1.CP)",UIS.ROFST.1.CP,1.774599390809164,2.020292316631654,,,5.297440102031521,4.663259718926811,3.940411053381765,6.809869913429933,6.443624129713566,6.34882834825681,7.672282528611425,9.338209508541656,12.08819057273188,14.48297023626879,17.59621321259518
Barbados,BRB,"Out-of-school rate, secondary age BEST (%) (ROFST.2T3.CP) [STRICT]",UIS.ROFST.SEC.BEST,5.27835907350685,3.803768300329041,,,1.95800656421166,1.933778326903576,4.57246716382702,1.311718212150381,1.890888163459519,1.941855304039059,4.401205809810907,5.22281835103471,5.036010775743581,4.246719450750235,4.46731508708437
Barbados,BRB,Secondary BEST source flag (2T3 / missing) [STRICT],UIS.SEC.SOURCE,2T3,2T3,missing,missing,2T3,2T3,2T3,2T3,2T3,2T3,2T3,2T3,2T3,2T3,2T3
Brunei Darussalam,BRN,"In-school proxy (100 - ROFST.1.CP), primary age (%)",SE.PRM.TENR,,,98.4576298155745,97.86224492042555,98.78885950350596,99.2384455529986,98.3616748226642,98.4226042893215,98.37357914546389,98.49344869775122,98.90513584793912,98.20195572831558,99.05788338304515,99.41523186037996,
Brunei Darussalam,BRN,"In-school proxy (100 - ROFST.2T3.CP), secondary age BEST (%) [STRICT]",SE.SEC.NENR,93.81888008117676,93.76409006118774,93.7361798286438,91.4008903503418,86.69371032714844,89.03413792306334,83.2870101928711,84.1196699142456,83.29017066955566,83.07509994506836,84.71240997314453,83.200642950793,83.2291570974343,81.23666134716761,
Brunei Darussalam,BRN,"In-school proxy, secondary BEST (2T3), female (%) [STRICT]",UIS.INS.SEC.F,96.02513003349304,95.0348801612854,95.90313005447388,94.65842008590698,90.25895023345947,87.12290000915527,87.03423023223877,87.65349006652832,86.31309986114502,86.39494037628174,87.93447017669678,,,84.13683032989502,
Brunei Darussalam,BRN,"In-school proxy, secondary BEST (2T3), male (%) [STRICT]",UIS.INS.SEC.M,91.82159996032715,92.61412000656128,91.7869701385498,88.51023006439209,83.55594062805176,79.38924026489258,79.96492004394531,80.95219039916992,80.55566024780273,80.03989028930664,81.74220085144043,,,79.29739952087402,
Brunei Darussalam,BRN,"Pupil-teacher ratio, primary (trained) (ratio)",UIS.PTR.PRM.TRAINED,13.03124046325684,12.84243011474609,12.02616024017334,11.91676044464111,11.73321908026278,12.26381299332119,12.00919881305638,11.93072289156627,11.43138961415724,11.28119608970673,10.93162393162393,12.44724409448819,11.92826617826618,11.76234003656307,
Brunei Darussalam,BRN,"PTR secondary source flag (2T3 / avg(2,3) / only2 / only3 / missing)",UIS.PTR.SEC.SOURCE,missing,2T3,2T3,2T3,2T3,2T3,2T3,2T3,2T3,2T3,2T3,2T3,2T3,2T3,missing
Brunei Darussalam,BRN,"Pupil-teacher ratio, secondary (trained) BEST (ratio)",UIS.PTR.SEC.TRAINED,,10.93449974060059,10.92722034454346,11.11211013793945,10.010009765625,9.74608039855957,9.397859573364258,9.691370010375977,9.281740188598633,9.0479097366333,8.285030364990234,9.144056562085726,8.811418685121108,8.931470973374072,
Brunei Darussalam,BRN,"Out-of-school rate, primary age (%) (ROFST.1.CP)",UIS.ROFST.1.CP,,,1.542370184425497,2.13775507957444,1.211140496494043,0.7615544470013969,1.638325177335807,1.577395710678497,1.626420854536108,1.506551302248778,1.094864152060872,1.798044271684423,0.9421166169548492,0.584768139620034,
Brunei Darussalam,BRN,"Out-of-school rate, secondary age BEST (%) (ROFST.2T3.CP) [STRICT]",UIS.ROFST.SEC.BEST,6.181119918823242,6.235909938812256,6.263820171356201,8.599109649658203,13.30628967285156,10.96586207693666,16.71298980712891,15.88033008575439,16.70982933044434,16.92490005493164,15.28759002685547,16.79935704920701,16.7708429025657,18.76333865283239,
Brunei Darussalam,BRN,Secondary BEST source flag (2T3 / missing) [STRICT],UIS.SEC.SOURCE,2T3,2T3,2T3,2T3,2T3,2T3,2T3,2T3,2T3,2T3,2T3,2T3,2T3,2T3,missing
Botswana,BWA,"In-school proxy (100 - ROFST.1.CP), primary age (%)",SE.PRM.TENR,,,90.92229159203725,89.26017571949296,88.0601917988222,,,,,,,,99.46493119380867,,
Botswana,BWA,"In-school proxy (100 - ROFST.2T3.CP), secondary age BEST (%) [STRICT]",SE.SEC.NENR,,,88.55591320991859,88.75587918626395,84.89068541949297,,,,,,,,82.05801027030077,,
Botswana,BWA,"In-school proxy, primary age, female (%)",UIS.INS.PRM.F,,,91.86341866973456,89.9675929980856,88.55828276865213,,,,,,,,,,
Botswana,BWA,"In-school proxy, primary age, male (%)",UIS.INS.PRM.M,,,90.00031658593726,88.56671511538768,87.57156930057614,,,,,,,,,,
Botswana,BWA,"In-school proxy, secondary BEST (2T3), female (%) [STRICT]",UIS.INS.SEC.F,,,89.28054499488584,89.482240644965,82.71268684464937,,,,,,,,83.36809303155964,,
Botswana,BWA,"In-school proxy, secondary BEST (2T3), male (%) [STRICT]",UIS.INS.SEC.M,,,87.83950087290003,88.03903171326704,87.03751214059264,,,,,,,,80.76513410268527,,
Botswana,BWA,"Pupil-teacher ratio, primary (trained) (ratio)",UIS.PTR.PRM.TRAINED,,,23.52574430823117,22.93088334457181,,,,,,,,,22.99102463707005,,
Botswana,BWA,"PTR secondary source flag (2T3 / avg(2,3) / only2 / only3 / missing)",UIS.PTR.SEC.SOURCE,missing,missing,missing,missing,missing,missing,missing,missing,missing,missing,missing,missing,only2,missing,missing
Botswana,BWA,"Pupil-teacher ratio, secondary (trained) BEST (ratio)",UIS.PTR.SEC.TRAINED,,,,,,,,,,,,,11.71005317801975,,
Botswana,BWA,"Out-of-school rate, primary age (%) (ROFST.1.CP)",UIS.ROFST.1.CP,,,9.077708407962746,10.73982428050703,11.9398082011778,,,,,,,,0.5350688061913378,,
Botswana,BWA,"Out-of-school rate, secondary age BEST (%) (ROFST.2T3.CP) [STRICT]",UIS.ROFST.SEC.BEST,,,11.44408679008141,11.24412081373605,15.10931458050703,,,,,,,,17.94198972969923,,
Botswana,BWA,Secondary BEST source flag (2T3 / missing) [STRICT],UIS.SEC.SOURCE,missing,missing,2T3,2T3,2T3,missing,missing,missing,missing,missing,missing,missing,2T3,missing,missing
Central African Republic,CAF,"In-school proxy (100 - ROFST.1.CP), primary age (%)",SE.PRM.TENR,61.92502975463867,59.54299163818359,62.10514831542969,,,,,,,,,,,,
Central African Republic,CAF,"In-school proxy (100 - ROFST.2T3.CP), secondary age BEST (%) [STRICT]",SE.SEC.NENR,,29.97943115234375,29.488937377929688,,,,,,,,,,,,
Central African Republic,CAF,"In-school proxy, primary age, female (%)",UIS.INS.PRM.F,53.79103088378906,52.26728820800781,55.58436965942383,,,,,,,,,,,,
Central African Republic,CAF,"In-school proxy, primary age, male (%)",UIS.INS.PRM.M,69.9280891418457,66.6873893737793,68.49893951416016,,,,,,,,,,,,
Central African Republic,CAF,"In-school proxy, secondary BEST (2T3), female (%) [STRICT]",UIS.INS.SEC.F,,22.48162841796875,21.83751678466797,,,,,,,,,,,,
Central African Republic,CAF,"In-school proxy, secondary BEST (2T3), male (%) [STRICT]",UIS.INS.SEC.M,,37.49848175048828,37.11373901367187,,,,,,,,,,,,
Central African Republic,CAF,"PTR secondary source flag (2T3 / avg(2,3) / only2 / only3 / missing)",UIS.PTR.SEC.SOURCE,missing,missing,missing,missing,missing,missing,2T3,missing,missing,missing,missing,missing,missing,missing,missing
Central African Republic,CAF,"Pupil-teacher ratio, secondary (trained) BEST (ratio)",UIS.PTR.SEC.TRAINED,,,,,,,76.35388946533203,,,,,,,,
Central African Republic,CAF,"Out-of-school rate, primary age (%) (ROFST.1.CP)",UIS.ROFST.1.CP,38.07497024536133,40.45700836181641,37.89485168457031,,,,,,,,,,,,
Central African Republic,CAF,"Out-of-school rate, secondary age BEST (%) (ROFST.2T3.CP) [STRICT]",UIS.ROFST.SEC.BEST,,70.02056884765625,70.51106262207031,,,,,,,,,,,,
Central African Republic,CAF,Secondary BEST source flag (2T3 / missing) [STRICT],UIS.SEC.SOURCE,missing,2T3,2T3,missing,missing,missing,missing,missing,missing,missing,missing,missing,missing,missing,missing
Canada,CAN,"In-school proxy (100 - ROFST.1.CP), primary age (%)",SE.PRM.TENR,,,99.49084001779556,99.38664001226425,99.52529001235962,99.70666000247002,98.55004000663757,98.63224005699158,98.66175997257233,97.18755006790161,96.90897011756897,95.2296199798584,94.74497985839844,94.9523401260376,
Canada,CAN,"In-school proxy (100 - ROFST.2T3.CP), secondary age BEST (%) [STRICT]",SE.SEC.NENR,,,92.81312990188599,93.14489984512329,93.08425998687744,93.06303977966309,95.78101015090942,96.33892011642456,96.55307006835938,92.87983989715576,92.48726987838745,92.69449996948242,92.40486001968384,91.70094966888428,
Canada,CAN,"In-school proxy, primary age, female (%)",UIS.INS.PRM.F,,,99.70346999168396,99.41148000955582,99.45796000957489,,97.90975999832153,98.10564005374908,98.38639998435974,97.11923003196716,96.958899974823,95.37003993988037,94.90759992599487,95.04825019836426,
Canada,CAN,"In-school proxy, primary age, male (%)",UIS.INS.PRM.M,,,99.28904002904892,99.36295998096466,99.58978000283241,,99.16730999946594,99.13841998577118,98.92499995231628,97.25255990028381,96.86162996292114,95.09667015075684,94.59087991714478,94.86141014099121,
Canada,CAN,"In-school proxy, secondary BEST (2T3), female (%) [STRICT]",UIS.INS.SEC.F,,,93.05943012237549,93.42584991455078,93.04812002182007,93.04877996444702,95.78458023071289,96.14464998245239,96.31677007675171,92.8944001197815,92.77110004425049,93.17052984237671,92.76330995559692,91.48770999908447,
Canada,CAN,"In-school proxy, secondary BEST (2T3), male (%) [STRICT]",UIS.INS.SEC.M,,,92.58058977127075,92.88002014160156,93.11834001541138,93.07650995254517,95.7776198387146,96.52415990829468,96.77877998352051,92.86596012115479,92.21811008453369,92.2461199760437,92.06723022460938,91.90205001831055,
Canada,CAN,"PTR secondary source flag (2T3 / avg(2,3) / only2 / only3 / missing)",UIS.PTR.SEC.SOURCE,missing,missing,missing,missing,missing,missing,missing,missing,missing,missing,missing,missing,missing,missing,missing
Canada,CAN,"Out-of-school rate, primary age (%) (ROFST.1.CP)",UIS.ROFST.1.CP,,,0.5091599822044373,0.6133599877357483,0.4747099876403809,0.2933399975299835,1.449959993362427,1.367759943008423,1.338240027427673,2.812449932098389,3.09102988243103,4.770380020141602,5.255020141601563,5.047659873962402,
Canada,CAN,"Out-of-school rate, secondary age BEST (%) (ROFST.2T3.CP) [STRICT]",UIS.ROFST.SEC.BEST,,,7.186870098114014,6.855100154876709,6.915740013122559,6.936960220336914,4.218989849090576,3.661079883575439,3.446929931640625,7.120160102844238,7.512730121612549,7.305500030517578,7.595139980316162,8.299050331115723,
Canada,CAN,Secondary BEST source flag (2T3 / missing) [STRICT],UIS.SEC.SOURCE,missing,missing,2T3,2T3,2T3,2T3,2T3,2T3,2T3,2T3,2T3,2T3,2T3,2T3,missing
Switzerland,CHE,"In-school proxy (100 - ROFST.1.CP), primary age (%)",SE.PRM.TENR,,,,,,99.96730000153184,99.91308999806643,99.87383000552654,99.86921000480652,99.8943300023675,99.8626099973917,99.76478999853134,99.73668000102043,99.95301000028849,
Switzerland,CHE,"In-school proxy (100 - ROFST.2T3.CP), secondary age BEST (%) [STRICT]",SE.SEC.NENR,,,,89.54728984832764,89.43813037872314,95.12826013565063,94.84750986099243,94.75725984573364,94.76765012741089,94.80217981338501,95.09643983840942,95.32607984542847,95.21399021148682,95.5195198059082,
Switzerland,CHE,"In-school proxy, primary age, female (%)",UIS.INS.PRM.F,,,,,,99.97519000060856,99.92306999862194,99.88165000081062,99.90482000261545,99.93423999845982,99.89652000367641,99.83011999726295,99.771099999547,,
Switzerland,CHE,"In-school proxy, primary age, male (%)",UIS.INS.PRM.M,,,,,,99.95980999991298,99.90365000069141,99.86642999947071,99.83547000586987,99.85656000673771,99.83055000007153,99.70298001170158,99.70414999127388,,
Switzerland,CHE,"In-school proxy, secondary BEST (2T3), female (%) [STRICT]",UIS.INS.SEC.F,,,,88.76805973052979,88.75337028503418,94.56077003479004,94.21475982666016,94.36557006835938,94.42425012588501,94.43277978897095,94.76939010620117,95.14496994018555,94.88093996047974,95.21893978118896,
Switzerland,CHE,"In-school proxy, secondary BEST (2T3), male (%) [STRICT]",UIS.INS.SEC.M,,,,90.28831005096436,90.0879898071289,95.66559982299805,95.44675016403198,95.12615013122559,95.09093999862671,95.15042018890381,95.40553998947144,95.4970498085022,95.52853012084961,95.80329990386963,
Switzerland,CHE,"PTR secondary source flag (2T3 / avg(2,3) / only2 / only3 / missing)",UIS.PTR.SEC.SOURCE,missing,missing,missing,missing,missing,missing,missing,missing,missing,missing,missing,missing,missing,missing,missing
Switzerland,CHE,"Out-of-school rate, primary age (%) (ROFST.1.CP)",UIS.ROFST.1.CP,,,,,,0.0326999984681606,0.0869100019335747,0.1261699944734573,0.1307899951934814,0.1056699976325035,0.1373900026082993,0.2352100014686584,0.2633199989795685,0.0469899997115135,
Switzerland,CHE,"Out-of-school rate, secondary age BEST (%) (ROFST.2T3.CP) [STRICT]",UIS.ROFST.SEC.BEST,,,,10.45271015167236,10.56186962127686,4.871739864349365,5.152490139007568,5.242740154266357,5.232349872589111,5.19782018661499,4.903560161590576,4.673920154571533,4.786009788513184,4.480480194091797,
Switzerland,CHE,Secondary BEST source flag (2T3 / missing) [STRICT],UIS.SEC.SOURCE,missing,missing,missing,2T3,2T3,2T3,2T3,2T3,2T3,2T3,2T3,2T3,2T3,2T3,missing
Chile,CHL,"In-school proxy (100 - ROFST.1.CP), primary age (%)",SE.PRM.TENR,96.6719799041748,96.41544008255005,96.60575008392334,96.64585995674133,97.04204988479614,97.27678990364075,97.51949000358582,97.69743990898132,98.09666001796722,98.39320003986359,97.72504997253418,97.83330011367798,98.70711994171143,98.67041003704071,
Chile,CHL,"In-school proxy (100 - ROFST.2T3.CP), secondary age BEST (%) [STRICT]",SE.SEC.NENR,92.20403003692627,92.46421003341675,91.42506980895996,94.1321702003479,94.41977977752686,94.70819997787476,95.09644985198975,95.32223987579346,95.90906000137329,96.25682997703552,96.2047700881958,97.19930005073547,98.24822998046875,98.68155002593994,
Chile,CHL,"In-school proxy, primary age, female (%)",UIS.INS.PRM.F,96.49331998825073,96.13806009292603,96.36276006698608,96.41458988189697,96.77630996704102,96.97869992256165,97.26185011863708,97.42069005966187,97.79637002944946,98.03242003917694,97.16142010688782,97.25501990318298,98.00934994220734,97.76782989501953,
Chile,CHL,"In-school proxy, primary age, male (%)",UIS.INS.PRM.M,96.84422993659973,96.68287992477417,96.84002995491028,96.86888003349304,97.29836010932922,97.56434988975525,97.76806998252869,97.96446990966797,98.38636994361877,98.74119997024536,98.2687599658966,98.39105999469757,99.37985998392105,99.54021999239922,
Chile,CHL,"In-school proxy, secondary BEST (2T3), female (%) [STRICT]",UIS.INS.SEC.F,92.60457992553711,92.88754987716675,91.93918991088867,94.18083000183105,94.43933010101318,94.70438003540039,95.10579013824463,95.26006984710693,95.70504999160767,95.97838020324707,95.87083005905151,96.66887998580933,97.6229600906372,97.8190701007843,
Chile,CHL,"In-school proxy, secondary BEST (2T3), male (%) [STRICT]",UIS.INS.SEC.M,91.8173599243164,92.0556001663208,90.92889976501465,94.08520984649658,94.40090990066528,94.71189022064209,95.0874400138855,95.38226985931396,96.10612988471985,96.52577996253967,96.52731990814209,97.71156001091003,98.851979970932,99.51421999931335,
Chile,CHL,"PTR secondary source flag (2T3 / avg(2,3) / only2 / only3 / missing)",UIS.PTR.SEC.SOURCE,missing,missing,missing,missing,missing,missing,missing,missing,missing,missing,missing,missing,missing,missing,missing
Chile,CHL,"Out-of-school rate, primary age (%) (ROFST.1.CP)",UIS.ROFST.1.CP,3.328020095825195,3.584559917449951,3.39424991607666,3.354140043258667,2.957950115203857,2.723210096359253,2.480509996414185,2.302560091018677,1.903339982032776,1.606799960136414,2.27495002746582,2.166699886322021,1.292880058288574,1.32958996295929,
Chile,CHL,"Out-of-school rate, secondary age BEST (%) (ROFST.2T3.CP) [STRICT]",UIS.ROFST.SEC.BEST,7.79596996307373,7.535789966583252,8.574930191040039,5.8678297996521,5.580220222473145,5.291800022125244,4.903550148010254,4.677760124206543,4.090939998626709,3.743170022964478,3.795229911804199,2.800699949264526,1.75177001953125,1.318449974060059,
Chile,CHL,Secondary BEST source flag (2T3 / missing) [STRICT],UIS.SEC.SOURCE,2T3,2T3,2T3,2T3,2T3,2T3,2T3,2T3,2T3,2T3,2T3,2T3,2T3,2T3,missing
Côte d'Ivoire,CIV,"In-school proxy (100 - ROFST.1.CP), primary age (%)",SE.PRM.TENR,,,,65.7535612154903,70.44003371186687,72.77207485694916,79.83134869486634,79.58962676889247,82.92426142244031,83.79139060774689,85.01720378386005,82.90605085048213,82.41784380691844,86.84077279594042,87.39692952176306
Côte d'Ivoire,CIV,"In-school proxy (100 - ROFST.2T3.CP), secondary age BEST (%) [STRICT]",SE.SEC.NENR,,,,32.08220428790855,44.15382978316729,14.720048238830984,46.17945731764453,48.64587616203146,48.02343034907496,49.33545749913291,50.08275539233579,51.40880589773027,50.59126825685541,61.57639566269786,62.37393756524509
Côte d'Ivoire,CIV,"In-school proxy, primary age, female (%)",UIS.INS.PRM.F,,,,64.87888510104213,68.15952034388297,70.22681096235601,77.57736598597,77.88616262112262,81.26132931215339,82.66447940451744,83.76113798356567,81.69873318969513,80.3622907276173,86.03254432639785,86.79508236156478
Côte d'Ivoire,CIV,"In-school proxy, primary age, male (%)",UIS.INS.PRM.M,,,,66.57612049589846,72.57388466256667,75.16972916040315,81.9652968468895,81.20648171485686,84.5019767549485,84.85981944068973,86.21209885184452,84.06439172837158,84.40500937828995,87.627517349399,87.98708820248939
Côte d'Ivoire,CIV,"In-school proxy, secondary BEST (2T3), female (%) [STRICT]",UIS.INS.SEC.F,,,,25.841113771303213,38.00732187916419,12.91244940002369,41.06992054101642,44.052954867518,44.77218329506275,46.46059565162556,47.43937346121109,49.5304168212307,50.65879797273927,61.536661377171,63.43907118691218
Côte d'Ivoire,CIV,"In-school proxy, secondary BEST (2T3), male (%) [STRICT]",UIS.INS.SEC.M,,,,38.07581113422452,49.89568624984205,21.115403577631227,50.84781539470448,52.8379344199861,51.00807942123885,51.9963314511557,52.54820989180682,53.17258471930215,50.52747008168691,61.61410748645415,61.36174113645986
Côte d'Ivoire,CIV,"Pupil-teacher ratio, primary (trained) (ratio)",UIS.PTR.PRM.TRAINED,,48.84621379860066,41.97443414528993,49.51356887679853,50.06420196671709,42.05050215208034,42.50101634374743,42.42645371724215,41.82229752190184,41.59663394109397,40.57407132611169,40.92062874639698,41.82652699911478,43.91136660916381,46.13822329483423
Côte d'Ivoire,CIV,"PTR secondary source flag (2T3 / avg(2,3) / only2 / only3 / missing)",UIS.PTR.SEC.SOURCE,missing,missing,missing,missing,2T3,missing,2T3,missing,2T3,2T3,2T3,2T3,2T3,2T3,2T3
Côte d'Ivoire,CIV,"Pupil-teacher ratio, secondary (trained) BEST (ratio)",UIS.PTR.SEC.TRAINED,,,,,22.30057230904688,,25.83657930951954,,27.28113802877159,28.85722615253052,26.40140658174098,29.28593134174902,26.3539077025926,32.00631185306089,31.74156857045972
Côte d'Ivoire,CIV,"Out-of-school rate, primary age (%) (ROFST.1.CP)",UIS.ROFST.1.CP,,,,34.24643878450971,29.55996628813312,27.22792514305084,20.16865130513366,20.41037323110753,17.07573857755969,16.20860939225311,14.98279621613994,17.09394914951787,17.58215619308156,13.15922720405958,12.60307047823695
Côte d'Ivoire,CIV,"Out-of-school rate, secondary age BEST (%) (ROFST.2T3.CP) [STRICT]",UIS.ROFST.SEC.BEST,,,,67.91779571209145,55.84617021683271,85.27995176116902,53.82054268235547,51.35412383796854,51.97656965092504,50.66454250086709,49.91724460766421,48.59119410226973,49.40873174314459,38.42360433730214,37.62606243475491
Côte d'Ivoire,CIV,Secondary BEST source flag (2T3 / missing) [STRICT],UIS.SEC.SOURCE,missing,missing,missing,2T3,2T3,2T3,2T3,2T3,2T3,2T3,2T3,2T3,2T3,2T3,2T3
Cameroon,CMR,"In-school proxy (100 - ROFST.1.CP), primary age (%)",SE.PRM.TENR,,91.45617961883545,94.19076013565063,,94.83086301124003,95.22581892990267,95.66754590518833,94.23119020462036,,92.54476976394653,,95.5839284551307,96.0666877850977,96.29093901993495,96.23829007148743
Cameroon,CMR,"In-school proxy (100 - ROFST.2T3.CP), secondary age BEST (%) [STRICT]",SE.SEC.NENR,,,54.56378936767578,,57.42326115978257,58.49518964792952,59.47643422581842,,,,,45.99221455708906,47.01489740229609,45.75563368955288,
Cameroon,CMR,"In-school proxy, primary age, female (%)",UIS.INS.PRM.F,,85.17728042602539,,,,,,89.64643001556396,,87.74897003173828,,,,,
Cameroon,CMR,"In-school proxy, primary age, male (%)",UIS.INS.PRM.M,,97.69895005226135,,,,,,98.78498995304108,,97.30029010772705,,,,,
Cameroon,CMR,"In-school proxy, secondary BEST (2T3), female (%) [STRICT]",UIS.INS.SEC.F,,,49.98469161987305,,52.74055394124981,53.96751737470832,54.93194443592584,,,,,43.32210176891195,44.61505269073336,43.6319648599581,
Cameroon,CMR,"In-school proxy, secondary BEST (2T3), male (%) [STRICT]",UIS.INS.SEC.M,,,59.12253189086914,,62.08553676395978,63.00486493978678,64.00294126467716,,,,,48.6501469223009,49.4031321569088,47.86817223590935,
Cameroon,CMR,"Pupil-teacher ratio, primary (trained) (ratio)",UIS.PTR.PRM.TRAINED,79.79079440845551,67.66647792688221,57.83818998812762,,,,,54.91546694806663,,,,54.67259428729895,52.8908548261144,59.88833259763492,
Cameroon,CMR,"PTR secondary source flag (2T3 / avg(2,3) / only2 / only3 / missing)",UIS.PTR.SEC.SOURCE,missing,missing,missing,2T3,2T3,2T3,missing,missing,missing,missing,missing,missing,missing,2T3,missing
Cameroon,CMR,"Pupil-teacher ratio, secondary (trained) BEST (ratio)",UIS.PTR.SEC.TRAINED,,,,42.89345542305508,38.07565344857127,37.37818239841146,,,,,,,,28.33014847013661,
Cameroon,CMR,"Out-of-school rate, primary age (%) (ROFST.1.CP)",UIS.ROFST.1.CP,,8.54382038116455,5.809239864349365,,5.16913698875997,4.774181070097325,4.332454094811672,5.768809795379639,,7.455230236053467,,4.416071544869292,3.933312214902299,3.709060980065045,3.761709928512573
Cameroon,CMR,"Out-of-school rate, secondary age BEST (%) (ROFST.2T3.CP) [STRICT]",UIS.ROFST.SEC.BEST,,,45.43621063232422,,42.57673884021743,41.50481035207048,40.52356577418158,,,,,54.00778544291094,52.98510259770391,54.24436631044712,
Cameroon,CMR,Secondary BEST source flag (2T3 / missing) [STRICT],UIS.SEC.SOURCE,missing,missing,2T3,missing,2T3,2T3,2T3,missing,missing,missing,missing,2T3,2T3,2T3,missing
Democratic Republic of the Congo,COD,"Pupil-teacher ratio, primary (trained) (ratio)",UIS.PTR.PRM.TRAINED,40.37757110595703,41.59114074707031,,,37.32619094848633,,,,33.57950973510742,,,39.3931884765625,,,
Democratic Republic of the Congo,COD,"PTR secondary source flag (2T3 / avg(2,3) / only2 / only3 / missing)",UIS.PTR.SEC.SOURCE,2T3,missing,missing,2T3,2T3,missing,missing,missing,missing,missing,missing,missing,missing,missing,missing
Democratic Republic of the Congo,COD,"Pupil-teacher ratio, secondary (trained) BEST (ratio)",UIS.PTR.SEC.TRAINED,49.08172988891602,,,65.56555938720703,62.03992080688477,,,,,,,,,,
Democratic Republic of the Congo,COD,Secondary BEST source flag (2T3 / missing) [STRICT],UIS.SEC.SOURCE,missing,missing,missing,missing,missing,missing,missing,missing,missing,missing,missing,missing,missing,missing,missing
Congo,COG,"In-school proxy (100 - ROFST.1.CP), primary age (%)",SE.PRM.TENR,86.13710975646973,,88.35151958465576,,,,,,78.75741004943848,,,,,82.92292022705078,
Congo,COG,"In-school proxy, primary age, female (%)",UIS.INS.PRM.F,84.44320011138916,,92.06546020507812,,,,,,78.01874923706055,,,,,83.0853500366211,
Congo,COG,"In-school proxy, primary age, male (%)",UIS.INS.PRM.M,87.81509971618652,,84.6749095916748,,,,,,79.48620986938477,,,,,82.76329040527344,
Congo,COG,"Pupil-teacher ratio, primary (trained) (ratio)",UIS.PTR.PRM.TRAINED,56.63397979736328,59.36796188354492,55.33320999145508,,,,,,,,,,,,
Congo,COG,"PTR secondary source flag (2T3 / avg(2,3) / only2 / only3 / missing)",UIS.PTR.SEC.SOURCE,missing,missing,2T3,missing,missing,missing,missing,missing,missing,missing,missing,missing,missing,missing,missing
Congo,COG,"Pupil-teacher ratio, secondary (trained) BEST (ratio)",UIS.PTR.SEC.TRAINED,,,31.54054069519043,,,,,,,,,,,,
Congo,COG,"Out-of-school rate, primary age (%) (ROFST.1.CP)",UIS.ROFST.1.CP,13.86289024353027,,11.64848041534424,,,,,,21.24258995056152,,,,,17.07707977294922,
Congo,COG,Secondary BEST source flag (2T3 / missing) [STRICT],UIS.SEC.SOURCE,missing,missing,missing,missing,missing,missing,missing,missing,missing,missing,missing,missing,missing,missing,missing
Colombia,COL,"In-school proxy (100 - ROFST.1.CP), primary age (%)",SE.PRM.TENR,99.73019999265671,99.8928200006485,98.29263997077942,,,96.60304999351501,94.7756700515747,95.92543983459473,95.3045301437378,94.97770977020264,93.88891983032227,93.01328992843628,92.6754698753357,,
Colombia,COL,"In-school proxy (100 - ROFST.2T3.CP), secondary age BEST (%) [STRICT]",SE.SEC.NENR,91.34718990325928,93.36900997161865,91.0126600265503,92.3407301902771,90.72420024871826,90.70438003540039,91.48869037628174,91.44927978515625,91.49526023864746,92.17557001113892,93.26490020751953,93.7832899093628,92.65758991241455,,
Colombia,COL,"In-school proxy, primary age, female (%)",UIS.INS.PRM.F,,,98.28254997730255,,,97.00289011001587,95.40113019943237,96.45835995674133,95.79235982894897,95.55800008773804,94.47131013870239,93.42034006118774,93.21140003204346,,
Colombia,COL,"In-school proxy, primary age, male (%)",UIS.INS.PRM.M,,,98.30227994918823,,,96.22182011604309,94.1790099143982,95.41695022583008,94.8380298614502,94.42260980606079,93.33153009414673,92.62356996536255,92.16230010986328,,
Colombia,COL,"In-school proxy, secondary BEST (2T3), female (%) [STRICT]",UIS.INS.SEC.F,91.88232040405273,93.79029989242554,91.75529956817627,93.24549007415771,91.55502986907959,91.57756996154785,92.35263013839722,92.20544004440308,92.12551021575928,92.83109998703003,94.05565977096558,94.56748008728027,93.53858995437622,,
Colombia,COL,"In-school proxy, secondary BEST (2T3), male (%) [STRICT]",UIS.INS.SEC.M,90.82923030853271,92.96245002746582,90.29794025421143,91.47183036804199,89.92763042449951,89.86812973022461,90.66147041320801,90.72519969940186,90.89021015167236,91.54607009887695,92.50625991821289,93.03111982345581,91.81274032592773,,
Colombia,COL,"Pupil-teacher ratio, primary (trained) (ratio)",UIS.PTR.PRM.TRAINED,28.13106918334961,27.57965087890625,25.04796028137207,25.68132972717285,24.72415924072266,25.77967071533203,25.63722991943359,24.91642951965332,,23.67988014221191,24.09236907958984,24.67716979980469,23.45817947387695,,
Colombia,COL,"PTR secondary source flag (2T3 / avg(2,3) / only2 / only3 / missing)",UIS.PTR.SEC.SOURCE,2T3,2T3,2T3,2T3,2T3,2T3,2T3,2T3,missing,2T3,2T3,2T3,2T3,missing,missing
Colombia,COL,"Pupil-teacher ratio, secondary (trained) BEST (ratio)",UIS.PTR.SEC.TRAINED,28.1455192565918,26.32085990905762,26.06144905090332,25.95219039916992,25.13582038879395,27.15142059326172,26.68291091918945,26.45022964477539,,26.33114051818848,26.56525993347168,26.87556076049805,25.92122077941895,,
Colombia,COL,"Out-of-school rate, primary age (%) (ROFST.1.CP)",UIS.ROFST.1.CP,0.2698000073432922,0.1071799993515015,1.707360029220581,,,3.396950006484985,5.224329948425293,4.074560165405273,4.695469856262207,5.022290229797363,6.111080169677734,6.986710071563721,7.324530124664307,,
Colombia,COL,"Out-of-school rate, secondary age BEST (%) (ROFST.2T3.CP) [STRICT]",UIS.ROFST.SEC.BEST,8.652810096740723,6.630990028381348,8.987339973449707,7.6592698097229,9.275799751281738,9.295619964599608,8.511309623718262,8.55072021484375,8.504739761352539,7.824429988861084,6.735099792480469,6.216710090637207,7.342410087585449,,
Colombia,COL,Secondary BEST source flag (2T3 / missing) [STRICT],UIS.SEC.SOURCE,2T3,2T3,2T3,2T3,2T3,2T3,2T3,2T3,2T3,2T3,2T3,2T3,2T3,missing,missing
Comoros,COM,"In-school proxy (100 - ROFST.1.CP), primary age (%)",SE.PRM.TENR,,,,94.946240695505,93.71910027550288,,,91.13214803936994,88.05980438622947,,,74.45658462403094,,,79.35255351072114
Comoros,COM,"In-school proxy (100 - ROFST.2T3.CP), secondary age BEST (%) [STRICT]",SE.SEC.NENR,,,,60.52221457986888,62.98440277789941,,,61.14094639781133,70.83507761348984,,,53.79816874738714,,,63.97447250297719
Comoros,COM,"In-school proxy, primary age, female (%)",UIS.INS.PRM.F,,,,92.63488326466549,92.72769337549163,,,91.53643957943252,88.77410224659474,,,73.60008076457127,,,79.47543633459696
Comoros,COM,"In-school proxy, primary age, male (%)",UIS.INS.PRM.M,,,,97.16856560778692,94.66925351071693,,,90.75062013659995,87.38133243720071,,,75.28345407881486,,,79.2328315116519
Comoros,COM,"In-school proxy, secondary BEST (2T3), female (%) [STRICT]",UIS.INS.SEC.F,,,,61.05710491367861,64.05946763998931,,,62.59678483385994,73.10173526063409,,,55.77439117006734,,,67.89898423381317
Comoros,COM,"In-school proxy, secondary BEST (2T3), male (%) [STRICT]",UIS.INS.SEC.M,,,,60.00479599876674,61.94374547585399,,,59.76227271232696,68.69712351945856,,,51.93178195728403,,,60.20386780026345
Comoros,COM,"Pupil-teacher ratio, primary (trained) (ratio)",UIS.PTR.PRM.TRAINED,,50.30815709969789,,37.04870530209618,73.17993920972644,,,,,,,39.31287425149701,,,25.84817813765182
Comoros,COM,"PTR secondary source flag (2T3 / avg(2,3) / only2 / only3 / missing)",UIS.PTR.SEC.SOURCE,missing,only2,missing,missing,missing,missing,missing,missing,missing,missing,missing,missing,missing,missing,missing
Comoros,COM,"Pupil-teacher ratio, secondary (trained) BEST (ratio)",UIS.PTR.SEC.TRAINED,,19.22534942626953,,,,,,,,,,,,,
Comoros,COM,"Out-of-school rate, primary age (%) (ROFST.1.CP)",UIS.ROFST.1.CP,,,,5.053759304495009,6.280899724497113,,,8.867851960630059,11.94019561377052,,,25.54341537596906,,,20.64744648927886
Comoros,COM,"Out-of-school rate, secondary age BEST (%) (ROFST.2T3.CP) [STRICT]",UIS.ROFST.SEC.BEST,,,,39.47778542013112,37.01559722210059,,,38.85905360218867,29.16492238651016,,,46.20183125261286,,,36.02552749702281
Comoros,COM,Secondary BEST source flag (2T3 / missing) [STRICT],UIS.SEC.SOURCE,missing,missing,missing,2T3,2T3,missing,missing,2T3,2T3,missing,missing,2T3,missing,missing,2T3
Cabo Verde,CPV,"In-school proxy (100 - ROFST.1.CP), primary age (%)",SE.PRM.TENR,91.72626517682991,92.15003265636177,94.22647171497893,94.57344243700884,94.88032348529316,95.13610068664886,94.78951967945653,94.94552509825382,96.3122557370478,96.22838126292082,94.67554356986348,95.23649330552378,58.16400397299709,,
Cabo Verde,CPV,"In-school proxy (100 - ROFST.2T3.CP), secondary age BEST (%) [STRICT]",SE.SEC.NENR,76.2702693939209,,79.03670790497765,81.34667741493908,82.72737442666966,84.15798611111111,85.43118316660917,86.31591925881565,85.57911212293682,86.19592649202005,88.6698551082717,87.71868316796971,86.79551982879639,,
Cabo Verde,CPV,"In-school proxy, primary age, female (%)",UIS.INS.PRM.F,92.73431448489544,92.96282124864486,95.18155279299374,96.00813713066097,96.26930826057757,96.677471636953,95.98586043982189,96.18581739814593,97.52707456715183,97.79028559516364,96.34354630694692,96.96748391584072,48.74500954695365,,
Cabo Verde,CPV,"In-school proxy, primary age, male (%)",UIS.INS.PRM.M,90.76545980745378,91.37627489072365,93.32110319952737,93.21756122159539,93.569345841785,93.68253462824391,93.66233267149171,93.77856453170261,95.17163212435233,94.76477291225785,93.11380176887178,93.61501123888328,67.03163812263041,,
Cabo Verde,CPV,"In-school proxy, secondary BEST (2T3), female (%) [STRICT]",UIS.INS.SEC.F,,,82.6709204210024,85.5071098973538,87.1925923467525,88.82848979022928,90.83721433986787,91.744847455123,91.21313923105636,91.03671706263499,92.3947504239475,91.79213565268236,90.1793098449707,,
Cabo Verde,CPV,"In-school proxy, secondary BEST (2T3), male (%) [STRICT]",UIS.INS.SEC.M,,,75.58662854878428,77.4358217763352,78.58023549719499,79.86284688841889,80.48611340444504,81.36700336700338,80.45117890874499,81.77614579083367,85.2490097166266,83.96334478808706,83.66370010375977,,
Cabo Verde,CPV,"Pupil-teacher ratio, primary (trained) (ratio)",UIS.PTR.PRM.TRAINED,26.25839793281654,25.25210084033613,24.28576537911302,,23.16613979627678,,22.67669172932331,22.28814762242725,21.13171057019006,20.46289637136319,19.73118971061093,21.3418118466899,20.18046849224678,,
Cabo Verde,CPV,"PTR secondary source flag (2T3 / avg(2,3) / only2 / only3 / missing)",UIS.PTR.SEC.SOURCE,2T3,only3,2T3,missing,2T3,missing,2T3,2T3,2T3,2T3,2T3,2T3,2T3,missing,missing
Cabo Verde,CPV,"Pupil-teacher ratio, secondary (trained) BEST (ratio)",UIS.PTR.SEC.TRAINED,21.55031446540881,16.08926174496644,19.50755667506297,,18.0836677987033,,17.55531587057011,16.6821270310192,15.71703792895846,16.03349282296651,17.1929012345679,16.03070683661645,19.21231933929801,,
Cabo Verde,CPV,"Out-of-school rate, primary age (%) (ROFST.1.CP)",UIS.ROFST.1.CP,8.273734823170088,7.849967343638229,5.77352828502107,5.426557562991169,5.119676514706841,4.863899313351141,5.210480320543473,5.054474901746182,3.687744262952199,3.77161873707918,5.324456430136524,4.763506694476217,41.83599602700291,,
Cabo Verde,CPV,"Out-of-school rate, secondary age BEST (%) (ROFST.2T3.CP) [STRICT]",UIS.ROFST.SEC.BEST,23.7297306060791,,20.96329209502236,18.65332258506092,17.27262557333035,15.84201388888889,14.56881683339082,13.68408074118435,14.42088787706318,13.80407350797995,11.33014489172829,12.28131683203029,13.20448017120361,,
Cabo Verde,CPV,Secondary BEST source flag (2T3 / missing) [STRICT],UIS.SEC.SOURCE,2T3,missing,2T3,2T3,2T3,2T3,2T3,2T3,2T3,2T3,2T3,2T3,2T3,missing,missing
Costa Rica,CRI,"In-school proxy (100 - ROFST.1.CP), primary age (%)",SE.PRM.TENR,,96.96732997894287,95.30495023727417,93.40758991241455,90.87230014801025,91.46815967559814,92.23166990280151,90.10126972198486,93.45359992980957,95.2793698310852,94.69894981384277,93.8831901550293,94.01322984695435,95.27234983444214,
Costa Rica,CRI,"In-school proxy (100 - ROFST.2T3.CP), secondary age BEST (%) [STRICT]",SE.SEC.NENR,,83.58876037597656,83.37405014038086,83.56344985961914,84.88815975189209,85.46360969543457,86.44624042510986,83.5557804107666,88.94120979309082,90.52486991882324,88.15830039978027,89.70456027984619,92.71927976608276,91.58489036560059,
Costa Rica,CRI,"In-school proxy, primary age, female (%)",UIS.INS.PRM.F,,96.45803999900818,94.79919004440308,93.092050075531,90.4497299194336,91.06239032745361,92.11461019515991,89.92632961273193,93.2407898902893,94.99037981033325,94.41463994979858,93.61190986633301,93.4988899230957,95.04287004470825,
Costa Rica,CRI,"In-school proxy, primary age, male (%)",UIS.INS.PRM.M,,97.45937991142273,95.79371976852417,93.71168994903564,91.27929019927979,91.85813045501709,92.34378004074097,90.2686996459961,93.6571798324585,95.55616998672485,94.97154998779297,94.1439299583435,94.5087399482727,95.49311017990112,
Costa Rica,CRI,"In-school proxy, secondary BEST (2T3), female (%) [STRICT]",UIS.INS.SEC.F,,84.02085018157959,83.68177032470703,84.01078033447266,85.31239032745361,85.69186973571777,86.56927013397217,83.99399948120117,89.2193603515625,90.8800401687622,88.45963954925537,90.00360012054443,93.31757020950317,92.0497899055481,
Costa Rica,CRI,"In-school proxy, secondary BEST (2T3), male (%) [STRICT]",UIS.INS.SEC.M,,83.1732292175293,83.07844924926758,83.13253021240234,84.4798698425293,85.24398040771484,86.32730960845947,83.13175010681152,88.67243957519531,90.18194961547852,87.86843967437744,89.41759967803955,92.14716005325317,91.14027976989746,
Costa Rica,CRI,"Pupil-teacher ratio, primary (trained) (ratio)",UIS.PTR.PRM.TRAINED,19.94976043701172,18.96385955810547,,14.19731998443604,14.074049949646,13.49851989746094,12.77643013000488,12.43311023712158,12.93363952636719,12.30906963348389,12.13010025024414,,,,
Costa Rica,CRI,"PTR secondary source flag (2T3 / avg(2,3) / only2 / only3 / missing)",UIS.PTR.SEC.SOURCE,2T3,2T3,missing,2T3,2T3,2T3,2T3,2T3,2T3,2T3,2T3,missing,missing,missing,missing
Costa Rica,CRI,"Pupil-teacher ratio, secondary (trained) BEST (ratio)",UIS.PTR.SEC.TRAINED,17.63743019104004,16.63835906982422,,14.58885955810547,15.00946044921875,14.48563003540039,13.23464012145996,13.97564029693604,12.93887042999268,13.74382972717285,13.19532012939453,,,,
Costa Rica,CRI,"Out-of-school rate, primary age (%) (ROFST.1.CP)",UIS.ROFST.1.CP,,3.032670021057129,4.69504976272583,6.592410087585449,9.127699851989746,8.531840324401855,7.768330097198486,9.898730278015137,6.54640007019043,4.720630168914795,5.301050186157227,6.116809844970703,5.986770153045654,4.727650165557861,
Costa Rica,CRI,"Out-of-school rate, secondary age BEST (%) (ROFST.2T3.CP) [STRICT]",UIS.ROFST.SEC.BEST,,16.41123962402344,16.62594985961914,16.43655014038086,15.11184024810791,14.53639030456543,13.55375957489014,16.4442195892334,11.05879020690918,9.475130081176758,11.84169960021973,10.29543972015381,7.280720233917236,8.415109634399414,
Costa Rica,CRI,Secondary BEST source flag (2T3 / missing) [STRICT],UIS.SEC.SOURCE,missing,2T3,2T3,2T3,2T3,2T3,2T3,2T3,2T3,2T3,2T3,2T3,2T3,2T3,missing
Cuba,CUB,"In-school proxy (100 - ROFST.1.CP), primary age (%)",SE.PRM.TENR,98.43943586781799,97.63758743566055,97.9980943796754,99.29147648868222,97.93661615309325,97.58848250276411,97.73078769505527,97.56919528804728,97.79887436036957,98.1250432041118,98.68162824545753,98.72728150548248,96.61783426620057,96.63071889150665,95.31584458296147
Cuba,CUB,"In-school proxy (100 - ROFST.2T3.CP), secondary age BEST (%) [STRICT]",SE.SEC.NENR,91.08391728222153,91.23140797728965,90.06426008178556,89.14742710776704,88.28820744932514,85.85789356038067,85.91716203868447,86.34397077198227,86.21813239478048,87.04742256632795,82.85946075813206,88.25068618123889,88.14159541548894,85.96713341604841,84.79839910261114
Cuba,CUB,"In-school proxy, primary age, female (%)",UIS.INS.PRM.F,97.78197034564496,96.87151003994185,97.27883653525534,,97.5097416056377,96.97426552895801,97.15469296485293,96.92945085234258,97.10731596166343,97.62270641883161,98.29113034951398,98.64015783882228,96.8846200864627,96.87321890870321,95.72401011737554
Cuba,CUB,"In-school proxy, primary age, male (%)",UIS.INS.PRM.M,99.0668226963123,98.37059537123035,98.68755240078579,,98.34430880897393,98.17461004261948,98.2803556338317,98.17958119182462,98.45922837856351,98.60338595553486,99.05234586238096,98.80966359036981,96.36673631250147,96.40359799544807,94.93556102765704
Cuba,CUB,"In-school proxy, secondary BEST (2T3), female (%) [STRICT]",UIS.INS.SEC.F,90.15473542962775,90.38855241832296,89.64582117385797,88.98950464889165,88.79641500559858,86.84740241683554,86.77905859075574,87.73647718455106,87.45280745441401,88.05432424785438,89.6223201751709,89.03572183712305,88.77308497581402,86.43651809075924,85.47939766894478
Cuba,CUB,"In-school proxy, secondary BEST (2T3), male (%) [STRICT]",UIS.INS.SEC.M,91.96590408073287,92.03413009333646,90.46394205709987,89.29807581152971,87.80360651184603,84.91263311813717,85.09186451973333,85.00932538444928,85.0352396769717,86.08427586064685,88.17446041107178,87.50181637792872,87.53931748698598,85.51944503993448,84.14843083918639
Cuba,CUB,"Pupil-teacher ratio, primary (trained) (ratio)",UIS.PTR.PRM.TRAINED,9.12865309268418,9.110330187641612,9.055276835139066,9.06109011525551,8.889002363167833,8.70881166614955,8.586865792321138,8.665612030075188,9.024282642544671,9.23814019353316,8.924671211995888,8.55199107850463,8.296022222222222,8.343973918853536,
Cuba,CUB,"PTR secondary source flag (2T3 / avg(2,3) / only2 / only3 / missing)",UIS.PTR.SEC.SOURCE,2T3,2T3,2T3,2T3,2T3,2T3,2T3,2T3,2T3,2T3,2T3,2T3,2T3,2T3,missing
Cuba,CUB,"Pupil-teacher ratio, secondary (trained) BEST (ratio)",UIS.PTR.SEC.TRAINED,9.46352192428284,9.034150097377598,8.429045741240182,8.30604730656426,8.809129118851802,8.952075233817876,9.260670957248337,9.376649307749489,9.514639789700665,9.569112627986348,9.060048184561472,8.301189056512024,8.304138094646348,8.072051312507424,
Cuba,CUB,"Out-of-school rate, primary age (%) (ROFST.1.CP)",UIS.ROFST.1.CP,1.560564132182014,2.362412564339448,2.001905620324608,0.7085235113177719,2.063383846906746,2.411517497235895,2.269212304944736,2.430804711952713,2.201125639630429,1.874956795888189,1.318371754542467,1.27271849451752,3.382165733799431,3.369281108493347,4.684155417038531
Cuba,CUB,"Out-of-school rate, secondary age BEST (%) (ROFST.2T3.CP) [STRICT]",UIS.ROFST.SEC.BEST,8.916082717778472,8.768592022710354,9.93573991821444,10.85257289223295,11.71179255067485,14.14210643961932,14.08283796131553,13.65602922801773,13.78186760521952,12.95257743367204,17.14053924186795,11.74931381876111,11.85840458451106,14.03286658395159,15.20160089738885
Cuba,CUB,Secondary BEST source flag (2T3 / missing) [STRICT],UIS.SEC.SOURCE,2T3,2T3,2T3,2T3,2T3,2T3,2T3,2T3,2T3,2T3,2T3,2T3,2T3,2T3,2T3
Curaçao,CUW,"In-school proxy (100 - ROFST.1.CP), primary age (%)",SE.PRM.TENR,,,,,,,,,,,99.5850620850058,,,96.5829521053123,
Curaçao,CUW,"In-school proxy (100 - ROFST.2T3.CP), secondary age BEST (%) [STRICT]",SE.SEC.NENR,,,,,,,,,,,95.3193962909466,,,96.68971162222697,
Curaçao,CUW,"In-school proxy, primary age, female (%)",UIS.INS.PRM.F,,,,,,,,,,,,,,96.83058009988474,
Curaçao,CUW,"In-school proxy, primary age, male (%)",UIS.INS.PRM.M,,,,,,,,,,,,,,96.34877384196186,
Curaçao,CUW,"In-school proxy, secondary BEST (2T3), female (%) [STRICT]",UIS.INS.SEC.F,,,,,,,,,,,94.93997001647949,,,94.54938983917236,
Curaçao,CUW,"In-school proxy, secondary BEST (2T3), male (%) [STRICT]",UIS.INS.SEC.M,,,,,,,,,,,95.69722986221313,,,94.93809986114502,
Curaçao,CUW,"PTR secondary source flag (2T3 / avg(2,3) / only2 / only3 / missing)",UIS.PTR.SEC.SOURCE,missing,missing,missing,missing,missing,missing,missing,missing,missing,missing,missing,missing,missing,missing,missing
Curaçao,CUW,"Out-of-school rate, primary age (%) (ROFST.1.CP)",UIS.ROFST.1.CP,,,,,,,,,,,0.4149379149941939,,,3.417047894687704,
Curaçao,CUW,"Out-of-school rate, secondary age BEST (%) (ROFST.2T3.CP) [STRICT]",UIS.ROFST.SEC.BEST,,,,,,,,,,,4.680603709053395,,,3.310288377773039,
Curaçao,CUW,Secondary BEST source flag (2T3 / missing) [STRICT],UIS.SEC.SOURCE,missing,missing,missing,missing,missing,missing,missing,missing,missing,missing,2T3,missing,missing,2T3,missing
Cayman Islands,CYM,"In-school proxy (100 - ROFST.1.CP), primary age (%)",SE.PRM.TENR,,98.17470664928292,98.50755972481143,97.80164876342742,,,,,94.13150567573356,94.12894961571307,96.14473400818436,94.51273046532046,97.34630694383016,99.86639825728402,94.83101391650099
Cayman Islands,CYM,"In-school proxy (100 - ROFST.2T3.CP), secondary age BEST (%) [STRICT]",SE.SEC.NENR,,92.68847795163585,87.79697624190065,85.65820465846637,,,,,89.98719590268885,93.10259008407593,92.27272987365723,93.15572023391724,85.95296001434326,92.56022170112982,92.44295583001885
Cayman Islands,CYM,"In-school proxy, primary age, female (%)",UIS.INS.PRM.F,,97.24489795918367,,97.08929452392698,,,,,93.9061814993424,93.58638743455498,95.88801399825022,93.92461197339246,97.28768341485105,,95.93818984547461
Cayman Islands,CYM,"In-school proxy, primary age, male (%)",UIS.INS.PRM.M,,99.14666666666666,,98.53238866396761,,,,,94.34673366834171,94.64882943143813,96.39372083156555,95.08909169926119,97.40431148262209,,93.72236958443855
Cayman Islands,CYM,"In-school proxy, secondary BEST (2T3), female (%) [STRICT]",UIS.INS.SEC.F,,94.15584415584415,89.57983193277312,87.19052744886974,,,,,88.7423935091278,91.41864967346191,92.55166006088257,92.70106983184814,84.13267993927002,92.53926701570681,92.79897128161166
Cayman Islands,CYM,"In-school proxy, secondary BEST (2T3), male (%) [STRICT]",UIS.INS.SEC.M,,91.32344865458539,86.13861386138615,84.20784513499746,,,,,91.25711329539575,94.80000019073486,91.99619007110596,93.59963989257812,87.70491981506348,92.58024176740308,92.10310965630114
Cayman Islands,CYM,"Pupil-teacher ratio, primary (trained) (ratio)",UIS.PTR.PRM.TRAINED,,12.73162939297125,13.71768707482993,14.7940074906367,,,,,15.74725274725275,14.40026113168869,13.07004893012367,13.05522169702216,13.12389380530973,12.67313019390582,13.41795665634675
Cayman Islands,CYM,"PTR secondary source flag (2T3 / avg(2,3) / only2 / only3 / missing)",UIS.PTR.SEC.SOURCE,missing,2T3,2T3,missing,missing,missing,missing,missing,2T3,2T3,2T3,2T3,2T3,2T3,2T3
Cayman Islands,CYM,"Pupil-teacher ratio, secondary (trained) BEST (ratio)",UIS.PTR.SEC.TRAINED,,8.966850828729282,5.325806451612904,,,,,,10.96529968454259,11.15347957611084,10.18840980529785,10.90434884538741,11.12570953369141,11.05753424657534,10.65526315789474
Cayman Islands,CYM,"Out-of-school rate, primary age (%) (ROFST.1.CP)",UIS.ROFST.1.CP,,1.825293350717079,1.492440275188573,2.198351236572571,,,,,5.868494324266439,5.871050384286934,3.855265991815636,5.487269534679543,2.653693056169836,0.1336017427159835,5.168986083499006
Cayman Islands,CYM,"Out-of-school rate, secondary age BEST (%) (ROFST.2T3.CP) [STRICT]",UIS.ROFST.SEC.BEST,,7.311522048364154,12.20302375809935,14.34179534153363,,,,,10.01280409731114,6.897409915924072,7.727270126342773,6.844279766082764,14.04703998565674,7.439778298870177,7.55704416998116
Cayman Islands,CYM,Secondary BEST source flag (2T3 / missing) [STRICT],UIS.SEC.SOURCE,missing,2T3,2T3,2T3,missing,missing,missing,missing,2T3,2T3,2T3,2T3,2T3,2T3,2T3
Cyprus,CYP,"In-school proxy (100 - ROFST.1.CP), primary age (%)",SE.PRM.TENR,99.96545000001788,99.84676000475883,98.68947994709015,98.20473003387451,97.72876000404358,98.60023999214172,98.26364994049072,98.65960001945496,99.42478001117706,99.49263000488281,99.58939999341965,99.93439000099897,99.16003000736237,99.36884999275208,
Cyprus,CYP,"In-school proxy (100 - ROFST.2T3.CP), secondary age BEST (%) [STRICT]",SE.SEC.NENR,90.88206005096436,91.45598030090332,93.57121992111206,94.91317987442017,96.27035999298096,96.23830008506775,95.69974994659424,96.9834098815918,96.49136996269226,95.90752983093262,95.81552982330322,97.67208003997803,99.1337199807167,97.9194700717926,
Cyprus,CYP,"In-school proxy, primary age, female (%)",UIS.INS.PRM.F,,,98.67571997642517,98.4421900510788,98.15536999702454,98.73985004425049,98.43113005161285,98.8328800201416,99.18150001764297,,,,,,
Cyprus,CYP,"In-school proxy, primary age, male (%)",UIS.INS.PRM.M,,,98.70250999927521,97.9805600643158,97.32924008369446,98.46796000003815,98.10457003116608,98.49483001232147,99.65775001049042,,,,,,
Cyprus,CYP,"In-school proxy, secondary BEST (2T3), female (%) [STRICT]",UIS.INS.SEC.F,92.01457977294922,92.238450050354,94.51799011230469,95.50991010665894,96.85549998283386,96.42322993278503,95.57778978347778,96.67246007919312,95.8765001296997,94.89131021499634,95.08620977401733,97.49775004386902,99.15083998441696,97.96268010139465,
Cyprus,CYP,"In-school proxy, secondary BEST (2T3), male (%) [STRICT]",UIS.INS.SEC.M,89.80033016204834,90.71319961547852,92.66867017745972,94.34603023529053,95.71026992797852,96.06029009819031,95.81731986999512,97.28397011756897,97.08832001686096,96.90151000022888,96.52519011497498,97.84036993980408,99.11739999055862,97.87825989723206,
Cyprus,CYP,"Pupil-teacher ratio, primary (trained) (ratio)",UIS.PTR.PRM.TRAINED,,,,,,,,12.03921985626221,11.92623996734619,11.54907989501953,11.56830024719238,11.26694011688232,,,
Cyprus,CYP,"PTR secondary source flag (2T3 / avg(2,3) / only2 / only3 / missing)",UIS.PTR.SEC.SOURCE,missing,missing,missing,missing,missing,missing,missing,2T3,2T3,2T3,2T3,2T3,missing,missing,missing
Cyprus,CYP,"Pupil-teacher ratio, secondary (trained) BEST (ratio)",UIS.PTR.SEC.TRAINED,,,,,,,,8.311309814453125,8.063079833984375,7.730740070343018,7.684760093688965,7.430109977722168,,,
Cyprus,CYP,"Out-of-school rate, primary age (%) (ROFST.1.CP)",UIS.ROFST.1.CP,0.0345499999821186,0.1532399952411652,1.310520052909851,1.795269966125488,2.271239995956421,1.399760007858276,1.736350059509277,1.340399980545044,0.575219988822937,0.5073699951171875,0.4106000065803528,0.0656099990010262,0.8399699926376343,0.6311500072479248,
Cyprus,CYP,"Out-of-school rate, secondary age BEST (%) (ROFST.2T3.CP) [STRICT]",UIS.ROFST.SEC.BEST,9.117939949035645,8.54401969909668,6.428780078887939,5.086820125579834,3.729640007019043,3.761699914932251,4.300250053405762,3.016590118408203,3.508630037307739,4.092470169067383,4.184470176696777,2.327919960021973,0.8662800192832947,2.080529928207397,
Cyprus,CYP,Secondary BEST source flag (2T3 / missing) [STRICT],UIS.SEC.SOURCE,2T3,2T3,2T3,2T3,2T3,2T3,2T3,2T3,2T3,2T3,2T3,2T3,2T3,2T3,missing
Czechia,CZE,"In-school proxy (100 - ROFST.1.CP), primary age (%)",SE.PRM.TENR,98.97013998031616,98.63730001449585,99.55878999829292,99.02530997991562,98.32895994186401,97.88233995437622,97.49231004714966,97.09321999549866,97.92531991004944,98.13642001152039,98.47528994083405,99.90286999940872,99.91431000083685,99.19091999530792,
Czechia,CZE,"In-school proxy (100 - ROFST.2T3.CP), secondary age BEST (%) [STRICT]",SE.SEC.NENR,,,,97.54643988609314,97.69617009162903,97.632080078125,97.60232996940613,97.58585000038147,97.16999006271362,96.73391008377075,96.44298005104065,98.03630995750427,98.22853004932404,96.25258994102478,
Czechia,CZE,"In-school proxy, primary age, female (%)",UIS.INS.PRM.F,99.07353001832962,98.76145005226135,99.71408998966217,99.34131997823715,98.51305997371674,98.01583003997803,97.56574010848999,97.20391988754272,98.02324998378754,98.2360600233078,98.5647599697113,,,99.2029299736023,
Czechia,CZE,"In-school proxy, primary age, male (%)",UIS.INS.PRM.M,98.87244999408722,98.52026998996735,99.4117900133133,98.72646999359131,98.15430998802185,97.7555799484253,97.42231011390686,96.98779010772705,97.83187007904053,98.04147005081177,98.39003002643585,,,99.17948001623154,
Czechia,CZE,"In-school proxy, secondary BEST (2T3), female (%) [STRICT]",UIS.INS.SEC.F,,,,97.75652003288269,97.83558988571167,97.74078011512756,97.7070701122284,97.69211006164551,97.26591992378235,96.85855007171631,96.61790990829468,98.15990996360779,98.24038004875183,96.22548007965088,
Czechia,CZE,"In-school proxy, secondary BEST (2T3), male (%) [STRICT]",UIS.INS.SEC.M,,,,97.34755992889404,97.564199924469,97.52912998199463,97.50322008132935,97.4853401184082,97.07937002182007,96.61595010757446,96.27705001831055,97.91878008842468,98.2172600030899,96.27828001976013,
Czechia,CZE,"PTR secondary source flag (2T3 / avg(2,3) / only2 / only3 / missing)",UIS.PTR.SEC.SOURCE,missing,missing,missing,missing,missing,missing,missing,missing,missing,missing,missing,missing,missing,missing,missing
Czechia,CZE,"Out-of-school rate, primary age (%) (ROFST.1.CP)",UIS.ROFST.1.CP,1.029860019683838,1.36269998550415,0.441210001707077,0.9746900200843812,1.671040058135986,2.117660045623779,2.507689952850342,2.906780004501343,2.074680089950562,1.863579988479614,1.524710059165955,0.0971300005912781,0.0856899991631508,0.8090800046920776,
Czechia,CZE,"Out-of-school rate, secondary age BEST (%) (ROFST.2T3.CP) [STRICT]",UIS.ROFST.SEC.BEST,,,,2.45356011390686,2.303829908370972,2.367919921875,2.397670030593872,2.41414999961853,2.830009937286377,3.266089916229248,3.557019948959351,1.963690042495728,1.771469950675964,3.74741005897522,
Czechia,CZE,Secondary BEST source flag (2T3 / missing) [STRICT],UIS.SEC.SOURCE,missing,missing,missing,2T3,2T3,2T3,2T3,2T3,2T3,2T3,2T3,2T3,2T3,2T3,missing
Germany,DEU,"In-school proxy (100 - ROFST.1.CP), primary age (%)",SE.PRM.TENR,98.91901004314423,99.40420997142792,99.10910999774933,99.08797997236252,98.76895999908447,99.14228999614716,98.25373995304108,98.92036998271942,99.12909001111984,99.0435299873352,98.81344997882843,98.53723001480103,98.08529996871948,99.7914499938488,
Germany,DEU,"In-school proxy (100 - ROFST.2T3.CP), secondary age BEST (%) [STRICT]",SE.SEC.NENR,96.3567099571228,97.26347994804382,97.09028005599976,96.9816300868988,96.79359006881714,96.13527011871338,94.61559009552002,95.41361999511719,95.12482023239136,95.40818977355957,95.33153009414673,95.96708011627197,95.39200019836426,96.07655000686646,
Germany,DEU,"In-school proxy, primary age, female (%)",UIS.INS.PRM.F,98.88917994499207,99.49843001365662,99.22500997781754,99.1737300157547,98.87809002399445,99.27780002355576,98.53787004947662,99.20520997047424,99.40876001119614,99.30260998010635,99.06445997953415,98.83660995960236,98.48061001300812,,
Germany,DEU,"In-school proxy, primary age, male (%)",UIS.INS.PRM.M,98.947389960289,99.31484001874924,98.99907004833221,99.00664001703262,98.6654599905014,99.0137500166893,97.98523998260498,98.6510100364685,98.86438000202179,98.79852998256683,98.57596004009247,98.25400996208191,97.71140003204346,,
Germany,DEU,"In-school proxy, secondary BEST (2T3), female (%) [STRICT]",UIS.INS.SEC.F,96.71883010864258,97.47001004219055,97.06347990036011,96.85429000854492,96.62706995010376,96.06643009185791,95.035560131073,95.42649984359741,95.0162000656128,95.32641983032227,95.33445978164673,96.07873010635376,95.51395988464355,96.13967990875244,
Germany,DEU,"In-school proxy, secondary BEST (2T3), male (%) [STRICT]",UIS.INS.SEC.M,96.01304006576538,97.06713008880615,97.11572003364563,97.1024100780487,96.95139002799988,96.20037007331848,94.22475004196167,95.40166997909546,95.22600984573364,95.48485994338989,95.32878017425537,95.86188983917236,95.2771201133728,96.017009973526,
Germany,DEU,"PTR secondary source flag (2T3 / avg(2,3) / only2 / only3 / missing)",UIS.PTR.SEC.SOURCE,missing,missing,missing,missing,missing,missing,missing,missing,missing,missing,missing,missing,missing,missing,missing
Germany,DEU,"Out-of-school rate, primary age (%) (ROFST.1.CP)",UIS.ROFST.1.CP,1.080989956855774,0.5957900285720825,0.8908900022506714,0.9120200276374816,1.231040000915527,0.8577100038528442,1.746260046958923,1.079630017280579,0.8709099888801575,0.9564700126647948,1.18655002117157,1.462769985198975,1.914700031280518,0.2085500061511993,
Germany,DEU,"Out-of-school rate, secondary age BEST (%) (ROFST.2T3.CP) [STRICT]",UIS.ROFST.SEC.BEST,3.643290042877197,2.736520051956177,2.909719944000244,3.018369913101196,3.206409931182861,3.864729881286621,5.38440990447998,4.586380004882813,4.875179767608643,4.59181022644043,4.668469905853271,4.032919883728027,4.607999801635742,3.923449993133545,
Germany,DEU,Secondary BEST source flag (2T3 / missing) [STRICT],UIS.SEC.SOURCE,2T3,2T3,2T3,2T3,2T3,2T3,2T3,2T3,2T3,2T3,2T3,2T3,2T3,2T3,missing
Djibouti,DJI,"Pupil-teacher ratio, primary (trained) (ratio)",UIS.PTR.PRM.TRAINED,,35.2351188659668,,35.64004135131836,,33.02204132080078,,,29.37453079223633,,,,,38.53234100341797,
Djibouti,DJI,"PTR secondary source flag (2T3 / avg(2,3) / only2 / only3 / missing)",UIS.PTR.SEC.SOURCE,missing,2T3,missing,missing,2T3,2T3,missing,missing,missing,missing,missing,missing,missing,2T3,missing
Djibouti,DJI,"Pupil-teacher ratio, secondary (trained) BEST (ratio)",UIS.PTR.SEC.TRAINED,,27.89546012878418,,,24.54022979736328,22.77297019958496,,,,,,,,25.81391906738281,
Djibouti,DJI,Secondary BEST source flag (2T3 / missing) [STRICT],UIS.SEC.SOURCE,missing,missing,missing,missing,missing,missing,missing,missing,missing,missing,missing,missing,missing,missing,missing
Dominica,DMA,"In-school proxy (100 - ROFST.1.CP), primary age (%)",SE.PRM.TENR,,98.37664997577667,98.13173997402191,96.6017599105835,97.13556003570557,98.1962399482727,95.98829984664917,,,93.58424997329712,96.22610998153687,95.90393018722534,96.64701008796692,96.04811000823975,
Dominica,DMA,"In-school proxy (100 - ROFST.2T3.CP), secondary age BEST (%) [STRICT]",SE.SEC.NENR,91.45853042602539,94.19189977645874,,,,88.64733982086182,91.86658000946045,,,93.97821662523036,93.0336799621582,93.19189202649535,94.00677013397217,91.0297498703003,
Dominica,DMA,"In-school proxy, primary age, female (%)",UIS.INS.PRM.F,,,,,97.31025004386902,,94.65078020095825,,,91.13685989379883,93.82559013366699,93.33333015441895,94.27801990509033,94.05497980117798,
Dominica,DMA,"In-school proxy, primary age, male (%)",UIS.INS.PRM.M,,,,,96.95735001564026,,97.33967995643616,,,96.10179996490479,98.67098999023438,98.50943994522095,99.02158999443054,98.04123997688293,
Dominica,DMA,"In-school proxy, secondary BEST (2T3), female (%) [STRICT]",UIS.INS.SEC.F,90.15423011779785,91.9932804107666,,,,85.6852798461914,89.31039047241211,,,90.9259901046753,89.0035400390625,87.8576602935791,,87.61061954498291,
Dominica,DMA,"In-school proxy, secondary BEST (2T3), male (%) [STRICT]",UIS.INS.SEC.M,92.77418994903564,96.43826007843018,,,,91.7282600402832,94.52790021896362,,,97.10017991065979,97.17234992980957,98.53681004047394,,94.69193983078003,
Dominica,DMA,"Pupil-teacher ratio, primary (trained) (ratio)",UIS.PTR.PRM.TRAINED,26.33657073974609,27.58643913269043,26.0191707611084,22.75651931762695,21.98571014404297,21.71470069885254,19.89945983886719,,,18.61818181818182,20.68561935424805,18.55588912963867,16.1702709197998,15.79726028442383,
Dominica,DMA,"PTR secondary source flag (2T3 / avg(2,3) / only2 / only3 / missing)",UIS.PTR.SEC.SOURCE,2T3,2T3,2T3,missing,2T3,2T3,only3,missing,missing,2T3,missing,2T3,2T3,2T3,missing
Dominica,DMA,"Pupil-teacher ratio, secondary (trained) BEST (ratio)",UIS.PTR.SEC.TRAINED,34.17171859741211,28.07692307692308,29.43478260869565,,23.69455909729004,23.56356048583984,15.00734996795654,,,21.80717488789238,,20.38528060913086,21.66354942321777,19.74889945983887,
Dominica,DMA,"Out-of-school rate, primary age (%) (ROFST.1.CP)",UIS.ROFST.1.CP,,1.623350024223328,1.868260025978088,3.398240089416504,2.864439964294434,1.803760051727295,4.01170015335083,,,6.415750026702881,3.773890018463135,4.096069812774658,3.352989912033081,3.951889991760254,
Dominica,DMA,"Out-of-school rate, secondary age BEST (%) (ROFST.2T3.CP) [STRICT]",UIS.ROFST.SEC.BEST,8.54146957397461,5.80810022354126,,,,11.35266017913818,8.13341999053955,,,6.021783374769646,6.966320037841797,6.808107973504647,5.993229866027832,8.970250129699707,
Dominica,DMA,Secondary BEST source flag (2T3 / missing) [STRICT],UIS.SEC.SOURCE,2T3,2T3,missing,missing,missing,2T3,2T3,missing,missing,2T3,2T3,2T3,2T3,2T3,missing
Denmark,DNK,"In-school proxy (100 - ROFST.1.CP), primary age (%)",SE.PRM.TENR,99.39122998714447,99.51464998722076,99.58507999777794,99.50468999147415,99.38318002223969,99.37472999095917,99.32323002815247,99.43822997808456,99.61882999539375,99.59637999534607,99.64480999112129,99.53047999739647,99.41350001096725,99.15082001686096,
Denmark,DNK,"In-school proxy (100 - ROFST.2T3.CP), secondary age BEST (%) [STRICT]",SE.SEC.NENR,92.96322011947632,93.84715986251831,94.49865007400513,94.98087978363037,94.88028001785278,94.99509000778198,94.65089988708496,94.6435899734497,94.97171020507812,95.28303003311157,95.74307012557983,96.22375011444092,95.99614000320435,95.16827011108398,
Denmark,DNK,"In-school proxy, primary age, female (%)",UIS.INS.PRM.F,99.48398000001907,99.62020000815392,99.6506099998951,99.56545001268387,99.60451000928879,99.55292001366615,99.36423999071121,99.49914997816086,99.66767999529839,99.62336000800133,99.70671001076698,99.57995998859406,99.4566599726677,99.22601002454758,
Denmark,DNK,"In-school proxy, primary age, male (%)",UIS.INS.PRM.M,99.3027999997139,99.41390001773834,99.52241000533104,99.44665002822876,99.17210000753403,99.20530998706818,99.28428000211716,99.38036000728607,99.57238000631332,99.57080000638962,99.58605000376701,99.48353999853134,99.37251001596451,99.07938998937607,
Denmark,DNK,"In-school proxy, secondary BEST (2T3), female (%) [STRICT]",UIS.INS.SEC.F,93.30246019363403,94.16563987731934,94.69032001495361,95.32979011535645,95.33199977874756,95.3560700416565,95.08000993728638,94.94168996810913,95.22218990325928,95.58978986740112,96.00534009933472,96.4485399723053,96.14761996269226,95.36630010604858,
Denmark,DNK,"In-school proxy, secondary BEST (2T3), male (%) [STRICT]",UIS.INS.SEC.M,92.64118003845215,93.54492998123169,94.31666994094849,94.64918994903564,94.45048999786377,94.65069007873535,94.24215984344482,94.3597297668457,94.73276996612549,94.98982000350952,95.49278020858765,96.00942993164062,95.8517198562622,94.97960996627808,
Denmark,DNK,"PTR secondary source flag (2T3 / avg(2,3) / only2 / only3 / missing)",UIS.PTR.SEC.SOURCE,missing,missing,missing,missing,missing,missing,missing,missing,missing,missing,missing,missing,missing,missing,missing
Denmark,DNK,"Out-of-school rate, primary age (%) (ROFST.1.CP)",UIS.ROFST.1.CP,0.6087700128555298,0.4853500127792358,0.4149200022220612,0.4953100085258484,0.6168199777603149,0.6252700090408325,0.6767699718475342,0.5617700219154358,0.3811700046062469,0.4036200046539307,0.3551900088787079,0.4695200026035309,0.5864999890327454,0.8491799831390381,
Denmark,DNK,"Out-of-school rate, secondary age BEST (%) (ROFST.2T3.CP) [STRICT]",UIS.ROFST.SEC.BEST,7.036779880523682,6.152840137481689,5.501349925994873,5.019120216369629,5.119719982147217,5.004909992218018,5.349100112915039,5.356410026550293,5.028289794921875,4.716969966888428,4.256929874420166,3.776249885559082,4.003859996795654,4.831729888916016,
Denmark,DNK,Secondary BEST source flag (2T3 / missing) [STRICT],UIS.SEC.SOURCE,2T3,2T3,2T3,2T3,2T3,2T3,2T3,2T3,2T3,2T3,2T3,2T3,2T3,2T3,missing
Dominican Republic,DOM,"In-school proxy (100 - ROFST.1.CP), primary age (%)",SE.PRM.TENR,95.44265778301748,95.59457693152027,94.51745582907476,94.27823472725545,92.54935617928115,96.05643144708631,96.20584574814413,95.23456575192645,94.4694279534104,96.13661006259423,96.26463024150232,89.79047328265463,93.9874191294998,95.02715679757412,95.07233953219853
Dominican Republic,DOM,"In-school proxy (100 - ROFST.2T3.CP), secondary age BEST (%) [STRICT]",SE.SEC.NENR,79.73292967918289,79.4429175748908,79.66868546303002,82.51516464570352,83.73431589773435,83.91804414459665,84.30496560311391,83.86260469804517,82.77010117272926,84.69999425626459,83.67665396423993,77.17371877540722,77.95741958951929,77.78427958065723,79.61564950318406
Dominican Republic,DOM,"In-school proxy, primary age, female (%)",UIS.INS.PRM.F,92.75276936764327,94.26591257176594,93.4169171200044,93.51550677197203,92.0135666143317,95.56111813701976,96.18072650119227,95.29381184380148,94.71585718133281,96.48846683356396,96.75536465545373,90.5131299708969,94.07589364043832,95.12435794178673,95.19141955385959
Dominican Republic,DOM,"In-school proxy, primary age, male (%)",UIS.INS.PRM.M,98.03772652388797,96.87886647390812,95.58127205250553,95.0157764499567,93.06676405989013,96.53473435265462,96.23006822167483,95.17747899444082,94.23234230648725,95.79754377452535,95.79176029453258,89.09372790541174,93.90212648175422,94.93351968033268,94.957675864082
Dominican Republic,DOM,"In-school proxy, secondary BEST (2T3), female (%) [STRICT]",UIS.INS.SEC.F,80.1207562179334,79.92638430461763,80.03701689810941,82.75876045227051,83.89154052734375,84.0935001373291,84.51410855311394,84.13939434257564,83.32247339608094,85.6938879477656,85.31818157684691,79.47091845161245,80.62117952152292,80.35884308475006,82.79432481745283
Dominican Republic,DOM,"In-school proxy, secondary BEST (2T3), male (%) [STRICT]",UIS.INS.SEC.M,79.3541087300289,78.97069167244295,79.30892433710493,82.34469985961914,83.95920944213867,83.7468204498291,84.10081553503937,83.59259860135083,82.23102106580278,83.73087150152375,82.07787999289837,74.93701573007286,75.36402274394337,75.2774690440037,76.52142053335427
Dominican Republic,DOM,"Pupil-teacher ratio, primary (trained) (ratio)",UIS.PTR.PRM.TRAINED,30.08749058197676,30.00432821123503,27.77990606670562,28.90880594675683,25.30394348207871,20.95125743320137,21.21506510631284,19.94179793158314,19.94980073200488,19.89143509584459,19.83386857582383,18.62312965408778,,,
Dominican Republic,DOM,"PTR secondary source flag (2T3 / avg(2,3) / only2 / only3 / missing)",UIS.PTR.SEC.SOURCE,2T3,2T3,2T3,2T3,2T3,2T3,missing,missing,missing,missing,missing,2T3,missing,missing,missing
Dominican Republic,DOM,"Pupil-teacher ratio, secondary (trained) BEST (ratio)",UIS.PTR.SEC.TRAINED,31.23906061129339,36.16749839021249,32.47099318752241,36.23682136947443,28.46345266118431,26.67277892561983,,,,,,13.50446972775295,,,
Dominican Republic,DOM,"Out-of-school rate, primary age (%) (ROFST.1.CP)",UIS.ROFST.1.CP,4.557342216982517,4.405423068479739,5.482544170925234,5.721765272744547,7.450643820718857,3.943568552913694,3.794154251855878,4.765434248073547,5.530572046589593,3.863389937405774,3.735369758497681,10.20952671734537,6.012580870500199,4.972843202425879,4.927660467801473
Dominican Republic,DOM,"Out-of-school rate, secondary age BEST (%) (ROFST.2T3.CP) [STRICT]",UIS.ROFST.SEC.BEST,20.26707032081712,20.5570824251092,20.33131453696998,17.48483535429648,16.26568410226565,16.08195585540335,15.69503439688608,16.13739530195483,17.22989882727075,15.30000574373541,16.32334603576007,22.82628122459278,22.04258041048071,22.21572041934278,20.38435049681594
Dominican Republic,DOM,Secondary BEST source flag (2T3 / missing) [STRICT],UIS.SEC.SOURCE,2T3,2T3,2T3,2T3,2T3,2T3,2T3,2T3,2T3,2T3,2T3,2T3,2T3,2T3,2T3
Algeria,DZA,"In-school proxy (100 - ROFST.1.CP), primary age (%)",SE.PRM.TENR,98.9160303248178,99.17219329394617,99.33728363120623,99.52430996525614,99.5208216899998,99.58907371786279,99.52897212018912,99.58323735690892,99.26996323465418,98.08523123579873,99.75164330124393,99.12112505318126,97.86954953264883,99.06997067859997,98.42048277156853
Algeria,DZA,"In-school proxy (100 - ROFST.2T3.CP), secondary age BEST (%) [STRICT]",SE.SEC.NENR,85.57536378350999,85.44791098985536,85.93222971026587,86.44746703493195,86.97575257856037,87.76920509793486,87.81719007150195,87.96372114641139,88.34968702535699,88.1594365563609,93.86393975319343,90.07212660908233,88.50081856949706,90.9273144569867,95.11590620185191
Algeria,DZA,"In-school proxy, primary age, female (%)",UIS.INS.PRM.F,,,,,,,,99.27248865054415,99.07981770421243,97.80714713213179,,99.26439427514326,98.43952363055328,,
Algeria,DZA,"In-school proxy, primary age, male (%)",UIS.INS.PRM.M,,,,,,,,99.88020347646749,99.45182699111193,98.35142073421673,,98.9837578844913,97.32263887749241,,
Algeria,DZA,"In-school proxy, secondary BEST (2T3), female (%) [STRICT]",UIS.INS.SEC.F,88.08290484352187,87.70103391541713,87.65353915482154,87.93418656117193,88.53860172316044,88.75227547364213,88.30811362283227,88.80187697136375,89.26329640461165,89.18398377647183,95.03628891841763,91.11065230278624,89.86832174089213,93.07745046108138,97.12220001220703
Algeria,DZA,"In-school proxy, secondary BEST (2T3), male (%) [STRICT]",UIS.INS.SEC.M,83.24873459500098,83.34472821356347,84.31638857424701,85.04375876007293,85.49172696721062,86.83044642254104,87.34583800926121,87.16044476419252,87.47519393424876,87.17949492286911,92.74311365564945,89.07947990601012,87.19346788496976,88.87059892911418,93.57254981994629
Algeria,DZA,"Pupil-teacher ratio, primary (trained) (ratio)",UIS.PTR.PRM.TRAINED,,,,,23.66406059265137,24.26429427981555,24.69856367507272,24.7981276378942,24.96769975595872,25.15826188213711,25.82079894424844,25.08684165628344,25.36863544811167,25.19825911245823,22.4515225123255
Algeria,DZA,"PTR secondary source flag (2T3 / avg(2,3) / only2 / only3 / missing)",UIS.PTR.SEC.SOURCE,missing,missing,missing,missing,missing,missing,missing,missing,missing,missing,missing,missing,missing,missing,missing
Algeria,DZA,"Out-of-school rate, primary age (%) (ROFST.1.CP)",UIS.ROFST.1.CP,1.083969675182206,0.8278067060538408,0.6627163687937612,0.4756900347438685,0.4791783100001996,0.410926282137215,0.4710278798108805,0.4167626430910725,0.730036765345809,1.914768764201269,0.2483566987560727,0.8788749468187408,2.130450467351162,0.9300293214000322,1.579517228431467
Algeria,DZA,"Out-of-school rate, secondary age BEST (%) (ROFST.2T3.CP) [STRICT]",UIS.ROFST.SEC.BEST,14.42463621649001,14.55208901014464,14.06777028973413,13.55253296506806,13.02424742143963,12.23079490206514,12.18280992849805,12.03627885358861,11.65031297464302,11.8405634436391,6.136060246806568,9.92787339091767,11.49918143050294,9.072685543013309,4.884093798148088
Algeria,DZA,Secondary BEST source flag (2T3 / missing) [STRICT],UIS.SEC.SOURCE,2T3,2T3,2T3,2T3,2T3,2T3,2T3,2T3,2T3,2T3,2T3,2T3,2T3,2T3,2T3
Ecuador,ECU,"In-school proxy (100 - ROFST.1.CP), primary age (%)",SE.PRM.TENR,99.48233569715546,99.28860593529603,98.12699662811507,98.02746226145241,98.86487852640761,97.363926071432,97.28522472811136,97.5378586315745,98.50029026554488,98.3690942869346,98.6375725817826,98.36493194207073,98.32482231666359,95.27619369526319,
Ecuador,ECU,"In-school proxy (100 - ROFST.2T3.CP), secondary age BEST (%) [STRICT]",SE.SEC.NENR,76.64098846776545,76.76074092019485,80.62825922857805,84.08036970320121,86.20020762478183,86.70594672468265,86.07307986046608,84.0857991102633,83.22395287393371,82.26710552009732,83.33698270199255,84.77048026894735,86.9258319790713,87.12148160753515,
Ecuador,ECU,"In-school proxy, primary age, female (%)",UIS.INS.PRM.F,,,99.24150753758387,99.09693886013801,,98.47950997679045,98.52590349610661,98.86496517494933,,,,99.81492389383608,,96.83476250336716,
Ecuador,ECU,"In-school proxy, primary age, male (%)",UIS.INS.PRM.M,,,97.05783127719887,97.00312575711239,,96.29841944975783,96.10147588117971,96.27217286628132,,,,96.97988284108804,,93.78547327943524,
Ecuador,ECU,"In-school proxy, secondary BEST (2T3), female (%) [STRICT]",UIS.INS.SEC.F,76.11734593423901,76.3566145913884,80.39409246481121,83.91668608030935,87.30144023895264,87.18278212143242,86.71740450096632,84.84634939526337,84.33926766695171,83.54175711196518,86.28266449866288,86.01409480545746,88.36552206258281,88.54295094902673,
Ecuador,ECU,"In-school proxy, secondary BEST (2T3), male (%) [STRICT]",UIS.INS.SEC.M,77.14740213956807,77.151365628912,80.8544542646174,84.23836689402401,87.38296031951904,86.24644974020241,85.45281266552762,83.35469289895639,82.15366404392675,81.04579425585817,80.51805337519623,83.58156270977042,85.55055427201091,85.76397413453608,
Ecuador,ECU,"Pupil-teacher ratio, primary (trained) (ratio)",UIS.PTR.PRM.TRAINED,,,,,,,,,,,27.81537760551607,27.34641663462392,26.49057006976279,24.6807881676263,24.86378598045057
Ecuador,ECU,"PTR secondary source flag (2T3 / avg(2,3) / only2 / only3 / missing)",UIS.PTR.SEC.SOURCE,missing,missing,missing,missing,missing,missing,missing,missing,missing,2T3,2T3,2T3,2T3,2T3,2T3
Ecuador,ECU,"Pupil-teacher ratio, secondary (trained) BEST (ratio)",UIS.PTR.SEC.TRAINED,,,,,,,,,,26.99338135307399,27.65637355774816,27.67768729883267,26.67153948393105,25.30963619974217,24.50571413718854
Ecuador,ECU,"Out-of-school rate, primary age (%) (ROFST.1.CP)",UIS.ROFST.1.CP,0.5176643028445362,0.7113940647039688,1.873003371884929,1.972537738547586,1.135121473592399,2.636073928567992,2.714775271888634,2.462141368425502,1.49970973445513,1.630905713065409,1.362427418217399,1.635068057929278,1.675177683336421,4.723806304736811,
Ecuador,ECU,"Out-of-school rate, secondary age BEST (%) (ROFST.2T3.CP) [STRICT]",UIS.ROFST.SEC.BEST,23.35901153223455,23.23925907980516,19.37174077142196,15.91963029679878,13.79979237521818,13.29405327531735,13.92692013953392,15.91420088973671,16.77604712606629,17.73289447990268,16.66301729800745,15.22951973105264,13.0741680209287,12.87851839246485,
Ecuador,ECU,Secondary BEST source flag (2T3 / missing) [STRICT],UIS.SEC.SOURCE,2T3,2T3,2T3,2T3,2T3,2T3,2T3,2T3,2T3,2T3,2T3,2T3,2T3,2T3,missing
Egypt,EGY,"In-school proxy (100 - ROFST.1.CP), primary age (%)",SE.PRM.TENR,86.9272403717041,84.78285026550293,86.88541030883789,,86.01348399356957,,88.68205080363775,89.47641029889074,91.89436073438141,93.89864331402437,95.51618328603047,96.80059754380865,,95.59997853191534,96.48561369509896
Egypt,EGY,"In-school proxy (100 - ROFST.2T3.CP), secondary age BEST (%) [STRICT]",SE.SEC.NENR,,,,,72.99970278599027,,74.57730584898067,74.65835183336995,75.19707353561563,76.00305122723177,77.67206481017259,80.35246576337869,,81.46419447910387,82.16313468010381
Egypt,EGY,"In-school proxy, primary age, female (%)",UIS.INS.PRM.F,,,86.46868991851807,,85.27878476417999,,88.17475915148336,89.1479563752232,91.97846454276159,94.04303330929645,95.6761493848345,96.91707695427424,,95.67628796351482,96.52176472160649
Egypt,EGY,"In-school proxy, primary age, male (%)",UIS.INS.PRM.M,,,87.28359985351562,,86.71663821044353,,89.1663075706512,89.78945645262752,91.81427977079937,93.76117048824621,95.36380905541405,96.68956428741764,,95.52710580949014,96.45107732872421
Egypt,EGY,"In-school proxy, secondary BEST (2T3), female (%) [STRICT]",UIS.INS.SEC.F,,,,,72.84720470160849,,73.78196481562992,73.87720460270559,74.51864674781292,75.43701552305117,76.97774664100868,79.41554753818794,,80.42291437311185,81.61340954827003
Egypt,EGY,"In-school proxy, secondary BEST (2T3), male (%) [STRICT]",UIS.INS.SEC.M,,,,,73.14435736133834,,75.33559766928624,75.40485606529874,75.84641849384009,76.54540728301777,78.3374682966726,81.24957347095848,,82.45777236093299,82.68727269913268
Egypt,EGY,"Pupil-teacher ratio, primary (trained) (ratio)",UIS.PTR.PRM.TRAINED,,,,32.19155395120254,,,30.85265482975613,,28.62758945492667,29.53265726403437,33.58267013292974,31.83586904694205,,35.53703253806329,36.59870731649359
Egypt,EGY,"PTR secondary source flag (2T3 / avg(2,3) / only2 / only3 / missing)",UIS.PTR.SEC.SOURCE,missing,missing,missing,only2,missing,missing,2T3,missing,2T3,2T3,2T3,2T3,missing,2T3,2T3
Egypt,EGY,"Pupil-teacher ratio, secondary (trained) BEST (ratio)",UIS.PTR.SEC.TRAINED,,,,26.0896965820684,,,21.9655726751634,,18.51700251506302,19.11240912071692,21.82585026452674,21.39379943397322,,24.90612452927613,26.59777985817038
Egypt,EGY,"Out-of-school rate, primary age (%) (ROFST.1.CP)",UIS.ROFST.1.CP,13.0727596282959,15.21714973449707,13.11458969116211,,13.98651600643044,,11.31794919636225,10.52358970110926,8.105639265618588,6.101356685975625,4.483816713969532,3.19940245619135,,4.400021468084655,3.514386304901043
Egypt,EGY,"Out-of-school rate, secondary age BEST (%) (ROFST.2T3.CP) [STRICT]",UIS.ROFST.SEC.BEST,,,,,27.00029721400973,,25.42269415101933,25.34164816663005,24.80292646438437,23.99694877276824,22.32793518982741,19.64753423662132,,18.53580552089614,17.83686531989619
Egypt,EGY,Secondary BEST source flag (2T3 / missing) [STRICT],UIS.SEC.SOURCE,missing,missing,missing,missing,2T3,missing,2T3,2T3,2T3,2T3,2T3,2T3,missing,2T3,2T3
Eritrea,ERI,"In-school proxy (100 - ROFST.1.CP), primary age (%)",SE.PRM.TENR,57.67530822753906,62.71020126342773,66.60863876342773,66.5878791809082,66.90539932250977,65.70063018798828,,60.63708114624023,60.6209602355957,,,,59.61518859863281,,
Eritrea,ERI,"In-school proxy (100 - ROFST.2T3.CP), secondary age BEST (%) [STRICT]",SE.SEC.NENR,55.59812164306641,53.94187164306641,53.39218139648437,55.23392868041992,55.38434982299805,52.60586929321289,,53.86027145385742,55.55450820922852,,,,59.12660980224609,,
Eritrea,ERI,"In-school proxy, primary age, female (%)",UIS.INS.PRM.F,53.58626174926758,57.90377044677734,61.44044876098633,62.23461151123047,62.61003112792969,61.74901962280273,,57.15871810913086,57.02811813354492,,,,56.49937057495117,,
Eritrea,ERI,"In-school proxy, primary age, male (%)",UIS.INS.PRM.M,61.71776962280273,67.45830917358398,71.7109603881836,70.87933921813965,71.13765907287598,69.59242057800293,,64.06016159057617,64.15518951416016,,,,62.67420959472656,,
Eritrea,ERI,"In-school proxy, secondary BEST (2T3), female (%) [STRICT]",UIS.INS.SEC.F,47.65176010131836,46.79999160766602,46.3037109375,48.6008186340332,48.89125823974609,46.99961853027344,,49.14170837402344,51.03733062744141,,,,53.75751113891602,,
Eritrea,ERI,"In-school proxy, secondary BEST (2T3), male (%) [STRICT]",UIS.INS.SEC.M,63.49763870239258,61.03593826293945,60.42457962036133,61.80168914794922,61.80862045288086,58.14561080932617,,58.51638031005859,60.01078033447266,,,,64.42082977294922,,
Eritrea,ERI,"Pupil-teacher ratio, primary (trained) (ratio)",UIS.PTR.PRM.TRAINED,40.46131134033203,44.47666931152344,45.70558929443359,57.18378829956055,60.07709121704102,,,,45.8692512512207,,,,43.02745056152344,,
Eritrea,ERI,"PTR secondary source flag (2T3 / avg(2,3) / only2 / only3 / missing)",UIS.PTR.SEC.SOURCE,2T3,2T3,2T3,2T3,missing,missing,missing,missing,missing,missing,missing,missing,missing,missing,missing
Eritrea,ERI,"Pupil-teacher ratio, secondary (trained) BEST (ratio)",UIS.PTR.SEC.TRAINED,57.92248153686523,55.53409957885742,48.95853042602539,46.24444961547852,,,,,,,,,,,
Eritrea,ERI,"Out-of-school rate, primary age (%) (ROFST.1.CP)",UIS.ROFST.1.CP,42.32469177246094,37.28979873657227,33.39136123657227,33.4121208190918,33.09460067749023,34.29936981201172,,39.36291885375977,39.3790397644043,,,,40.38481140136719,,
Eritrea,ERI,"Out-of-school rate, secondary age BEST (%) (ROFST.2T3.CP) [STRICT]",UIS.ROFST.SEC.BEST,44.40187835693359,46.05812835693359,46.60781860351563,44.76607131958008,44.61565017700195,47.39413070678711,,46.13972854614258,44.44549179077148,,,,40.87339019775391,,
Eritrea,ERI,Secondary BEST source flag (2T3 / missing) [STRICT],UIS.SEC.SOURCE,2T3,2T3,2T3,2T3,2T3,2T3,missing,2T3,2T3,missing,missing,missing,2T3,missing,missing
Spain,ESP,"In-school proxy (100 - ROFST.1.CP), primary age (%)",SE.PRM.TENR,98.20626997947693,98.03857004642487,97.71303009986877,97.35788011550903,97.15609002113342,96.96481990814209,97.06396007537842,97.27436995506287,97.54120993614197,97.94284009933472,98.16955995559692,98.14075994491577,98.20626997947693,98.71194994449615,
Spain,ESP,"In-school proxy (100 - ROFST.2T3.CP), secondary age BEST (%) [STRICT]",SE.SEC.NENR,96.360680103302,96.37459993362427,96.60106992721558,96.29298996925354,95.8915901184082,95.62607002258301,95.59027004241943,95.61184978485107,95.69362020492554,95.72996997833252,95.67383003234863,95.92417001724243,95.84731006622314,96.13268995285034,
Spain,ESP,"In-school proxy, primary age, female (%)",UIS.INS.PRM.F,98.35372996330261,98.19665002822876,97.85208010673523,97.49703001976013,97.36030006408691,97.20432996749878,97.30789995193481,97.53902006149292,97.75541996955872,98.10341000556946,98.29837000370026,98.23512005805969,98.30324995517731,98.67259001731873,
Spain,ESP,"In-school proxy, primary age, male (%)",UIS.INS.PRM.M,98.06684994697571,97.88913989067078,97.58170008659363,97.22642993927002,96.9636299610138,96.73943996429443,96.83503007888794,97.0260500907898,97.34042000770569,97.79226994514465,98.04868996143341,98.05218994617462,98.115149974823,98.74905002117157,
Spain,ESP,"In-school proxy, secondary BEST (2T3), female (%) [STRICT]",UIS.INS.SEC.F,97.08114004135132,96.8363299369812,97.00514006614685,96.7094099521637,96.27748990058899,96.03147006034851,96.06461000442505,96.19260001182556,96.34382009506226,96.44071006774902,96.42735004425049,96.62295007705688,96.37226009368896,96.35188007354736,
Spain,ESP,"In-school proxy, secondary BEST (2T3), male (%) [STRICT]",UIS.INS.SEC.M,95.68065977096558,95.93937015533447,96.21981000900269,95.9004898071289,95.52740001678467,95.24390983581543,95.14300012588501,95.06423997879028,95.0809998512268,95.06103992462158,94.9667501449585,95.26856994628906,95.3560299873352,95.92639017105103,
Spain,ESP,"Pupil-teacher ratio, primary (trained) (ratio)",UIS.PTR.PRM.TRAINED,12.40145015716553,12.39875984191895,12.60120964050293,13.31974983215332,13.09628963470459,13.18622970581055,12.99102020263672,13.1317195892334,13.03806018829346,12.88941955566406,12.80202960968018,11.80208015441895,11.75327014923096,11.76556968688965,
Spain,ESP,"PTR secondary source flag (2T3 / avg(2,3) / only2 / only3 / missing)",UIS.PTR.SEC.SOURCE,2T3,2T3,2T3,2T3,2T3,2T3,2T3,2T3,2T3,2T3,2T3,2T3,2T3,2T3,missing
Spain,ESP,"Pupil-teacher ratio, secondary (trained) BEST (ratio)",UIS.PTR.SEC.TRAINED,10.80488014221191,11.05290985107422,11.35027027130127,12.01327991485596,11.90956974029541,11.98293972015381,11.60931015014648,11.56882953643799,11.46045017242432,11.25944042205811,11.17753028869629,10.96039009094238,10.97959995269775,10.84506988525391,
Spain,ESP,"Out-of-school rate, primary age (%) (ROFST.1.CP)",UIS.ROFST.1.CP,1.793730020523071,1.961429953575134,2.286969900131226,2.642119884490967,2.843909978866577,3.03518009185791,2.936039924621582,2.725630044937134,2.458790063858032,2.057159900665283,1.830440044403076,1.859240055084229,1.793730020523071,1.288050055503845,
Spain,ESP,"Out-of-school rate, secondary age BEST (%) (ROFST.2T3.CP) [STRICT]",UIS.ROFST.SEC.BEST,3.639319896697998,3.625400066375732,3.398930072784424,3.70701003074646,4.108409881591797,4.373929977416992,4.409729957580566,4.388150215148926,4.306379795074463,4.27003002166748,4.326169967651367,4.075829982757568,4.152689933776855,3.867310047149658,
Spain,ESP,Secondary BEST source flag (2T3 / missing) [STRICT],UIS.SEC.SOURCE,2T3,2T3,2T3,2T3,2T3,2T3,2T3,2T3,2T3,2T3,2T3,2T3,2T3,2T3,missing
Estonia,EST,"In-school proxy (100 - ROFST.1.CP), primary age (%)",SE.PRM.TENR,,,,,97.55687999725342,97.516930103302,97.54373002052307,97.58740997314453,97.6307098865509,97.73604011535645,97.78204011917114,97.87695002555847,98.17594003677368,97.53447008132935,
Estonia,EST,"In-school proxy (100 - ROFST.2T3.CP), secondary age BEST (%) [STRICT]",SE.SEC.NENR,,,,,96.28569006919861,95.59385013580322,95.71767997741699,95.50402021408081,95.50530004501343,95.52982997894287,95.56413984298706,95.858069896698,96.19374990463257,94.42941999435425,
Estonia,EST,"In-school proxy, primary age, female (%)",UIS.INS.PRM.F,,,,,97.59080004692078,97.57863998413086,97.61307001113892,97.60486006736755,97.71085000038147,97.82505989074707,97.81493997573853,97.93770003318787,98.21390998363495,97.50229001045227,
Estonia,EST,"In-school proxy, primary age, male (%)",UIS.INS.PRM.M,,,,,97.52483010292053,97.4583899974823,97.47811007499695,97.57088994979858,97.55521011352539,97.65170001983643,97.75072002410889,97.81895995140076,98.13962996006012,97.56518006324768,
Estonia,EST,"In-school proxy, secondary BEST (2T3), female (%) [STRICT]",UIS.INS.SEC.F,,,,,96.8287000656128,96.14490008354187,96.1740300655365,95.93620014190674,95.76151990890503,95.79517984390259,95.87076997756958,96.18004989624023,96.43538999557495,94.71634006500244,
Estonia,EST,"In-school proxy, secondary BEST (2T3), male (%) [STRICT]",UIS.INS.SEC.M,,,,,95.77544021606445,95.07746982574463,95.28775978088379,95.09336996078491,95.26082992553711,95.27885007858276,95.27346992492676,95.55164003372192,95.9646201133728,94.1571397781372,
Estonia,EST,"PTR secondary source flag (2T3 / avg(2,3) / only2 / only3 / missing)",UIS.PTR.SEC.SOURCE,missing,missing,missing,missing,missing,missing,missing,missing,missing,missing,missing,missing,missing,missing,missing
Estonia,EST,"Out-of-school rate, primary age (%) (ROFST.1.CP)",UIS.ROFST.1.CP,,,,,2.443120002746582,2.483069896697998,2.456269979476929,2.412590026855469,2.369290113449097,2.263959884643555,2.217959880828857,2.123049974441528,1.824059963226318,2.465529918670654,
Estonia,EST,"Out-of-school rate, secondary age BEST (%) (ROFST.2T3.CP) [STRICT]",UIS.ROFST.SEC.BEST,,,,,3.714309930801392,4.406149864196777,4.282320022583008,4.495979785919189,4.494699954986572,4.470170021057129,4.435860157012939,4.141930103302002,3.806250095367432,5.570580005645752,
Estonia,EST,Secondary BEST source flag (2T3 / missing) [STRICT],UIS.SEC.SOURCE,missing,missing,missing,missing,2T3,2T3,2T3,2T3,2T3,2T3,2T3,2T3,2T3,2T3,missing
Ethiopia,ETH,"In-school proxy (100 - ROFST.1.CP), primary age (%)",SE.PRM.TENR,71.82385021666406,75.2490005493164,76.27666313998374,,80.86601262898834,79.78290173260056,,,,,,74.26662063598633,75.35494486535815,76.17194194811525,77.54489172471578
Ethiopia,ETH,"In-school proxy (100 - ROFST.2T3.CP), secondary age BEST (%) [STRICT]",SE.SEC.NENR,,,,,42.41949285152013,42.85252637727697,,,,,,,43.43777822078528,41.75398498736711,39.18349203977638
Ethiopia,ETH,"In-school proxy, primary age, female (%)",UIS.INS.PRM.F,70.24530365830566,73.41198921203613,74.6368365297244,,78.55681035780913,77.25779172687051,,,,,,71.20890998840332,72.54538717632566,73.58585344322736,74.92187163838294
Ethiopia,ETH,"In-school proxy, primary age, male (%)",UIS.INS.PRM.M,73.35632095091108,77.03342056274414,77.86970020433682,,83.10654723514838,82.23052110830241,,,,,,77.22076034545898,78.0691305809988,78.6706652943006,80.07987780182526
Ethiopia,ETH,"In-school proxy, secondary BEST (2T3), female (%) [STRICT]",UIS.INS.SEC.F,,,,,40.79967540497703,40.49245002131116,,,,,,,42.97096308990369,41.90425838411427,39.73262138598502
Ethiopia,ETH,"In-school proxy, secondary BEST (2T3), male (%) [STRICT]",UIS.INS.SEC.M,,,,,43.99330917704026,45.148942992724,,,,,,,43.89208757586083,41.6078335687107,38.64972815622346
Ethiopia,ETH,"Pupil-teacher ratio, primary (trained) (ratio)",UIS.PTR.PRM.TRAINED,137.3348340635544,108.2850960998089,79.4154803735662,,67.65565936124646,,,,,,,,,,
Ethiopia,ETH,"PTR secondary source flag (2T3 / avg(2,3) / only2 / only3 / missing)",UIS.PTR.SEC.SOURCE,only2,only2,"avg(2,3)",missing,missing,only3,missing,missing,missing,missing,missing,missing,missing,missing,missing
Ethiopia,ETH,"Pupil-teacher ratio, secondary (trained) BEST (ratio)",UIS.PTR.SEC.TRAINED,85.04332665802804,66.71811088578008,68.14933323286317,,,43.66558837890625,,,,,,,,,
Ethiopia,ETH,"Out-of-school rate, primary age (%) (ROFST.1.CP)",UIS.ROFST.1.CP,28.17614978333594,24.75099945068359,23.72333686001626,,19.13398737101166,20.21709826739944,,,,,,25.73337936401367,24.64505513464185,23.82805805188475,22.45510827528422
Ethiopia,ETH,"Out-of-school rate, secondary age BEST (%) (ROFST.2T3.CP) [STRICT]",UIS.ROFST.SEC.BEST,,,,,57.58050714847987,57.14747362272303,,,,,,,56.56222177921472,58.24601501263289,60.81650796022362
Ethiopia,ETH,Secondary BEST source flag (2T3 / missing) [STRICT],UIS.SEC.SOURCE,missing,missing,missing,missing,2T3,2T3,missing,missing,missing,missing,missing,missing,2T3,2T3,2T3
Finland,FIN,"In-school proxy (100 - ROFST.1.CP), primary age (%)",SE.PRM.TENR,98.79044997692108,98.87082004547119,98.73774003982544,98.66126000881195,98.66273999214172,98.39759004116058,98.37029004096985,98.17044997215271,98.17867004871368,97.77228999137878,98.10889005661011,98.6387699842453,98.02367997169495,98.44766998291016,
Finland,FIN,"In-school proxy (100 - ROFST.2T3.CP), secondary age BEST (%) [STRICT]",SE.SEC.NENR,95.97948980331421,95.70235013961792,95.63595008850098,96.70583009719849,96.54203009605408,97.2532000541687,97.57261991500854,97.37817001342773,97.57321000099182,97.99916005134583,97.90398001670837,97.44825005531311,96.98971009254456,97.11753010749817,
Finland,FIN,"In-school proxy, primary age, female (%)",UIS.INS.PRM.F,98.75683999061584,98.77270996570587,98.72924995422363,98.71633994579315,98.73840999603271,98.43341994285583,98.40195000171661,98.27456998825073,98.32631003856659,98.09047996997833,98.37376999855042,98.61274003982544,97.97164988517761,98.44281005859375,
Finland,FIN,"In-school proxy, primary age, male (%)",UIS.INS.PRM.M,98.82260000705719,98.9646600484848,98.74584996700287,98.60864996910095,98.59022998809814,98.36329996585846,98.33993995189667,98.07084000110626,98.03736996650696,97.4679000377655,97.85541009902954,98.66365003585815,98.07342994213104,98.45231997966766,
Finland,FIN,"In-school proxy, secondary BEST (2T3), female (%) [STRICT]",UIS.INS.SEC.F,96.12307000160217,95.70905017852783,95.53560018539429,96.60648989677429,96.42717003822327,97.1406900882721,97.40038990974426,97.45547008514404,97.38139009475708,97.55629992485046,97.865149974823,97.70800995826721,97.16458010673523,97.34665989875793,
Finland,FIN,"In-school proxy, secondary BEST (2T3), male (%) [STRICT]",UIS.INS.SEC.M,95.8414101600647,95.6958999633789,95.73255014419556,96.80135011672974,96.65195989608765,97.36086988449097,97.737380027771,97.3047399520874,97.7550299167633,98.42098999023438,97.9411199092865,97.19998002052307,96.82240009307861,96.89873003959656,
Finland,FIN,"PTR secondary source flag (2T3 / avg(2,3) / only2 / only3 / missing)",UIS.PTR.SEC.SOURCE,missing,missing,missing,missing,missing,missing,missing,missing,missing,missing,missing,missing,missing,missing,missing
Finland,FIN,"Out-of-school rate, primary age (%) (ROFST.1.CP)",UIS.ROFST.1.CP,1.209550023078918,1.129179954528809,1.262259960174561,1.338739991188049,1.337260007858276,1.602409958839417,1.629709959030151,1.82955002784729,1.821329951286316,2.227710008621216,1.891109943389893,1.3612300157547,1.976320028305054,1.552330017089844,
Finland,FIN,"Out-of-school rate, secondary age BEST (%) (ROFST.2T3.CP) [STRICT]",UIS.ROFST.SEC.BEST,4.020510196685791,4.29764986038208,4.364049911499023,3.294169902801514,3.457969903945923,2.746799945831299,2.427380084991455,2.621829986572266,2.426789999008179,2.000839948654175,2.096019983291626,2.55174994468689,3.010289907455444,2.882469892501831,
Finland,FIN,Secondary BEST source flag (2T3 / missing) [STRICT],UIS.SEC.SOURCE,2T3,2T3,2T3,2T3,2T3,2T3,2T3,2T3,2T3,2T3,2T3,2T3,2T3,2T3,missing
Fiji,FJI,"In-school proxy (100 - ROFST.1.CP), primary age (%)",SE.PRM.TENR,,88.98171043395996,90.11575984954834,88.84309685016191,91.9769175194564,94.89065080335392,97.99778050565985,97.08099044414828,97.54052553775432,,97.17027997970581,,,,97.6066370237438
Fiji,FJI,"In-school proxy (100 - ROFST.2T3.CP), secondary age BEST (%) [STRICT]",SE.SEC.NENR,,82.72286033630371,81.45788955688477,85.92702457090928,84.27288994290605,86.28234651449597,85.28368479860951,,86.30141171955697,,86.70357196515404,87.68815558727518,88.11960682636263,89.25647342126787,92.43477010726929
Fiji,FJI,"In-school proxy, primary age, female (%)",UIS.INS.PRM.F,,88.6894998550415,89.88199043273926,88.43956620277585,91.08409133098199,93.48456579166128,95.06689977645874,,,,,,,,
Fiji,FJI,"In-school proxy, primary age, male (%)",UIS.INS.PRM.M,,89.26051998138428,90.34008026123047,89.23257705866402,92.84388124808478,96.26284478096268,99.17700999975204,,,,,,,,
Fiji,FJI,"In-school proxy, secondary BEST (2T3), female (%) [STRICT]",UIS.INS.SEC.F,,84.45234966278076,83.8032398223877,87.20877590109698,,,86.14991146960456,,,,91.11993980407715,,,89.42625045776367,92.62240982055664
Fiji,FJI,"In-school proxy, secondary BEST (2T3), male (%) [STRICT]",UIS.INS.SEC.M,,81.0550708770752,79.18985939025879,84.68384786867527,,,84.43178020509032,,,,90.20059013366699,,,89.08446025848389,92.24521017074585
Fiji,FJI,"Pupil-teacher ratio, primary (trained) (ratio)",UIS.PTR.PRM.TRAINED,,30.75971031188965,27.99728012084961,,,,,,,21.22945022583008,22.41160011291504,20.2125743415463,19.8009933207741,18.14375490966221,20.30256593014968
Fiji,FJI,"PTR secondary source flag (2T3 / avg(2,3) / only2 / only3 / missing)",UIS.PTR.SEC.SOURCE,missing,2T3,2T3,missing,missing,missing,missing,missing,missing,missing,missing,only3,only3,only3,only3
Fiji,FJI,"Pupil-teacher ratio, secondary (trained) BEST (ratio)",UIS.PTR.SEC.TRAINED,,26.46550941467285,19.29260063171387,,,,,,,,,6.847568523430592,8.377980833519056,7.405573890722406,9.376777251184834
Fiji,FJI,"Out-of-school rate, primary age (%) (ROFST.1.CP)",UIS.ROFST.1.CP,,11.01828956604004,9.88424015045166,11.15690314983809,8.023082480543591,5.109349196646077,2.002219494340154,2.919009555851709,2.459474462245686,,2.829720020294189,,,,2.393362976256203
Fiji,FJI,"Out-of-school rate, secondary age BEST (%) (ROFST.2T3.CP) [STRICT]",UIS.ROFST.SEC.BEST,,17.27713966369629,18.54211044311523,14.07297542909072,15.72711005709395,13.71765348550403,14.71631520139049,,13.69858828044303,,13.29642803484596,12.31184441272482,11.88039317363737,10.74352657873213,7.565229892730713
Fiji,FJI,Secondary BEST source flag (2T3 / missing) [STRICT],UIS.SEC.SOURCE,missing,2T3,2T3,2T3,2T3,2T3,2T3,missing,2T3,missing,2T3,2T3,2T3,2T3,2T3
France,FRA,"In-school proxy (100 - ROFST.1.CP), primary age (%)",SE.PRM.TENR,98.73195004463196,99.75818000733852,99.63010999560356,99.42076998949051,98.63812005519867,99.48501998186111,99.83280000090599,99.94159999862313,99.98527999967337,99.88367000222206,99.98156999982893,99.92954999953508,99.95678000152111,99.88954000174999,
France,FRA,"In-school proxy (100 - ROFST.2T3.CP), secondary age BEST (%) [STRICT]",SE.SEC.NENR,96.57360005378723,96.13718008995056,96.43069005012512,96.56670999526978,95.94911003112793,96.48320007324219,96.78509998321533,97.27347993850708,97.40176010131836,97.78586006164551,98.64660000801086,98.47342002391815,98.21412003040314,97.94622993469238,
France,FRA,"In-school proxy, primary age, female (%)",UIS.INS.PRM.F,98.69407999515533,99.94028000161052,99.9874200001359,99.69822999835014,98.82571995258331,99.56303998827934,99.97443999908864,,,,,,,,
France,FRA,"In-school proxy, primary age, male (%)",UIS.INS.PRM.M,98.76807999610901,99.58428001403809,99.28895998001099,99.15612000226974,98.458899974823,99.41042000055313,99.69758000969887,,,,,,,,
France,FRA,"In-school proxy, secondary BEST (2T3), female (%) [STRICT]",UIS.INS.SEC.F,96.85156011581421,96.56839990615845,96.74766993522644,96.8253800868988,96.25989007949829,96.85560011863708,97.0857400894165,97.6129400730133,97.67884993553162,97.96526002883911,98.74329996109009,98.79814994335175,98.66475999355316,98.38631999492645,
France,FRA,"In-school proxy, secondary BEST (2T3), male (%) [STRICT]",UIS.INS.SEC.M,96.30876994132996,95.72653007507324,96.12850999832153,96.32020998001099,95.65320014953613,96.12836003303528,96.49848008155823,96.95047998428345,97.13802003860474,97.6149799823761,98.55461001396179,98.16538000106812,97.7870500087738,97.52910995483398,
France,FRA,"PTR secondary source flag (2T3 / avg(2,3) / only2 / only3 / missing)",UIS.PTR.SEC.SOURCE,missing,missing,missing,missing,missing,missing,missing,missing,missing,missing,missing,missing,missing,missing,missing
France,FRA,"Out-of-school rate, primary age (%) (ROFST.1.CP)",UIS.ROFST.1.CP,1.268049955368042,0.2418199926614761,0.3698900043964386,0.579230010509491,1.361879944801331,0.5149800181388855,0.1671999990940094,0.0584000013768673,0.0147200003266335,0.1163299977779388,0.0184300001710653,0.0704500004649162,0.0432199984788895,0.1104599982500076,
France,FRA,"Out-of-school rate, secondary age BEST (%) (ROFST.2T3.CP) [STRICT]",UIS.ROFST.SEC.BEST,3.426399946212769,3.862819910049438,3.569309949874878,3.433290004730225,4.05088996887207,3.516799926757813,3.214900016784668,2.72652006149292,2.598239898681641,2.214139938354492,1.353399991989136,1.526579976081848,1.785879969596863,2.053770065307617,
France,FRA,Secondary BEST source flag (2T3 / missing) [STRICT],UIS.SEC.SOURCE,2T3,2T3,2T3,2T3,2T3,2T3,2T3,2T3,2T3,2T3,2T3,2T3,2T3,2T3,missing
Micronesia (Federated States of),FSM,"In-school proxy (100 - ROFST.1.CP), primary age (%)",SE.PRM.TENR,,,,,87.01298999786377,82.36215019226074,88.40629251066342,87.1327530149881,93.85467255679586,89.20450677374127,80.93807564547635,80.93446287000934,79.98070343124601,76.06279570462328,76.94188200821918
Micronesia (Federated States of),FSM,"In-school proxy (100 - ROFST.2T3.CP), secondary age BEST (%) [STRICT]",SE.SEC.NENR,,,,,,,73.78452450569242,70.25226188505368,65.19920373459982,65.66789847551661,66.44070158544939,71.04804485374879,69.22754995096828,67.50208928971745,68.81472125620233
Micronesia (Federated States of),FSM,"In-school proxy, primary age, female (%)",UIS.INS.PRM.F,,,,,84.44894981384277,80.32008934020996,85.48079533476346,85.50922694560803,97.95127545938936,86.65921974182129,81.80927003883775,82.15089984218194,81.05532757699342,77.14367808458871,78.37058464086529
Micronesia (Federated States of),FSM,"In-school proxy, primary age, male (%)",UIS.INS.PRM.M,,,,,89.60612964630127,84.41983985900879,91.32979888400497,88.74001968010027,89.85820281687121,88.08664292501312,80.10924548874,79.78440056528746,78.9705855168049,75.04715658943157,75.59950938943106
Micronesia (Federated States of),FSM,"In-school proxy, secondary BEST (2T3), female (%) [STRICT]",UIS.INS.SEC.F,,,,,,,73.50404118998951,71.19087069273647,61.68275862068965,69.23718304917092,68.35953771012606,72.80689480139117,70.7984374663819,69.48606606174476,70.36301831635878
Micronesia (Federated States of),FSM,"In-school proxy, secondary BEST (2T3), male (%) [STRICT]",UIS.INS.SEC.M,,,,,,,74.06080039742126,69.3342305268778,68.67584718738264,62.07716028472326,64.50435289993754,69.2781220460344,67.66016313176002,65.54063579895822,67.30662863736721
Micronesia (Federated States of),FSM,"Pupil-teacher ratio, primary (trained) (ratio)",UIS.PTR.PRM.TRAINED,,,,,,,,,59.6864406779661,63.38990825688074,58.73853211009175,53.68067226890756,,56.58851674641149,58.22772277227723
Micronesia (Federated States of),FSM,"PTR secondary source flag (2T3 / avg(2,3) / only2 / only3 / missing)",UIS.PTR.SEC.SOURCE,missing,missing,missing,missing,only2,only2,only2,missing,only2,only2,only2,only2,missing,only2,only2
Micronesia (Federated States of),FSM,"Pupil-teacher ratio, secondary (trained) BEST (ratio)",UIS.PTR.SEC.TRAINED,,,,,78.35087719298245,52.51898734177215,5.402490139007568,,18.39301310043668,20.45026178010471,21.79268292682927,23.7483870967742,,33.92035398230089,49.9
Micronesia (Federated States of),FSM,"Out-of-school rate, primary age (%) (ROFST.1.CP)",UIS.ROFST.1.CP,,,,,12.98701000213623,17.63784980773926,11.59370748933658,12.8672469850119,6.145327443204136,10.79549322625873,19.06192435452366,19.06553712999066,20.01929656875399,23.93720429537671,23.05811799178082
Micronesia (Federated States of),FSM,"Out-of-school rate, secondary age BEST (%) (ROFST.2T3.CP) [STRICT]",UIS.ROFST.SEC.BEST,,,,,,,26.21547549430758,29.74773811494632,34.80079626540017,34.33210152448339,33.55929841455061,28.95195514625121,30.77245004903172,32.49791071028255,31.18527874379767
Micronesia (Federated States of),FSM,Secondary BEST source flag (2T3 / missing) [STRICT],UIS.SEC.SOURCE,missing,missing,missing,missing,missing,missing,2T3,2T3,2T3,2T3,2T3,2T3,2T3,2T3,2T3
Gabon,GAB,"In-school proxy (100 - ROFST.1.CP), primary age (%)",SE.PRM.TENR,,,,,,,,,,71.23669792924134,,,,,
Gabon,GAB,"In-school proxy (100 - ROFST.2T3.CP), secondary age BEST (%) [STRICT]",SE.SEC.NENR,,,,,,,,,,60.22014370220371,,,,,
Gabon,GAB,"In-school proxy, primary age, female (%)",UIS.INS.PRM.F,,,,,,,,,,71.27485048694277,,,,,
Gabon,GAB,"In-school proxy, primary age, male (%)",UIS.INS.PRM.M,,,,,,,,,,71.19883365526223,,,,,
Gabon,GAB,"In-school proxy, secondary BEST (2T3), female (%) [STRICT]",UIS.INS.SEC.F,,,,,,,,,,61.34010867509019,,,,,
Gabon,GAB,"In-school proxy, secondary BEST (2T3), male (%) [STRICT]",UIS.INS.SEC.M,,,,,,,,,,59.10426226098712,,,,,
Gabon,GAB,"Pupil-teacher ratio, primary (trained) (ratio)",UIS.PTR.PRM.TRAINED,,,,,,,,,,26.8211834908006,,,,,
Gabon,GAB,"PTR secondary source flag (2T3 / avg(2,3) / only2 / only3 / missing)",UIS.PTR.SEC.SOURCE,missing,missing,missing,missing,missing,missing,missing,missing,missing,missing,missing,missing,missing,missing,missing
Gabon,GAB,"Out-of-school rate, primary age (%) (ROFST.1.CP)",UIS.ROFST.1.CP,,,,,,,,,,28.76330207075866,,,,,
Gabon,GAB,"Out-of-school rate, secondary age BEST (%) (ROFST.2T3.CP) [STRICT]",UIS.ROFST.SEC.BEST,,,,,,,,,,39.77985629779629,,,,,
Gabon,GAB,Secondary BEST source flag (2T3 / missing) [STRICT],UIS.SEC.SOURCE,missing,missing,missing,missing,missing,missing,missing,missing,missing,2T3,missing,missing,missing,missing,missing
United Kingdom of Great Britain and Northern Ireland,GBR,"In-school proxy (100 - ROFST.1.CP), primary age (%)",SE.PRM.TENR,99.44169998168945,98.90051996707916,98.07886004447937,98.07199001312256,98.32000005245209,98.53672003746033,98.71430003643036,99.20196998119354,99.66297000646591,99.95035000145435,99.97740999981761,99.96226999908686,99.91172000020742,99.90788000077009,
United Kingdom of Great Britain and Northern Ireland,GBR,"In-school proxy (100 - ROFST.2T3.CP), secondary age BEST (%) [STRICT]",SE.SEC.NENR,96.93348002433777,94.61885023117065,93.06494998931885,96.91548991203308,98.92692995071411,98.88434994220734,,98.3270800113678,97.07163000106812,96.67659997940063,96.63927006721497,96.92909002304077,96.92524003982544,96.7368700504303,
United Kingdom of Great Britain and Northern Ireland,GBR,"In-school proxy, primary age, female (%)",UIS.INS.PRM.F,99.36690998077393,98.81015002727509,98.08209002017975,98.04895997047424,98.33898997306824,98.60818994045258,98.79533994197845,99.25300997495651,99.70394998788834,,,,,,
United Kingdom of Great Britain and Northern Ireland,GBR,"In-school proxy, primary age, male (%)",UIS.INS.PRM.M,99.51302999258041,98.9867399930954,98.07578003406525,98.09394001960754,98.30192005634308,98.46864998340607,98.63713002204895,99.15338999032974,99.62395998835564,,,,,,
United Kingdom of Great Britain and Northern Ireland,GBR,"In-school proxy, secondary BEST (2T3), female (%) [STRICT]",UIS.INS.SEC.F,97.56699991226196,95.20019006729126,93.40179014205933,97.4013900756836,99.39402002096176,99.29466998577118,,98.70328998565674,97.51456999778748,97.20387005805969,97.25418996810913,97.67253994941711,97.47449994087219,97.17810988426208,
United Kingdom of Great Britain and Northern Ireland,GBR,"In-school proxy, secondary BEST (2T3), male (%) [STRICT]",UIS.INS.SEC.M,96.32959008216858,94.06659984588623,92.74487018585205,96.45270991325378,98.48125004768372,98.49269998073578,,97.96880006790161,96.65020990371704,96.1756899356842,96.05580997467041,96.22340989112854,96.40357995033264,96.31774997711182,
United Kingdom of Great Britain and Northern Ireland,GBR,"PTR secondary source flag (2T3 / avg(2,3) / only2 / only3 / missing)",UIS.PTR.SEC.SOURCE,missing,missing,missing,missing,missing,missing,missing,missing,missing,missing,missing,missing,missing,missing,missing
United Kingdom of Great Britain and Northern Ireland,GBR,"Out-of-school rate, primary age (%) (ROFST.1.CP)",UIS.ROFST.1.CP,0.5583000183105469,1.099480032920837,1.92113995552063,1.928009986877441,1.679999947547913,1.463279962539673,1.285699963569641,0.7980300188064575,0.3370299935340881,0.0496499985456467,0.0225900001823902,0.0377300009131432,0.0882799997925758,0.092119999229908,
United Kingdom of Great Britain and Northern Ireland,GBR,"Out-of-school rate, secondary age BEST (%) (ROFST.2T3.CP) [STRICT]",UIS.ROFST.SEC.BEST,3.066519975662231,5.381149768829346,6.935050010681152,3.084510087966919,1.073070049285889,1.115650057792664,,1.672919988632202,2.928369998931885,3.323400020599365,3.360729932785034,3.070909976959229,3.074759960174561,3.263129949569702,
United Kingdom of Great Britain and Northern Ireland,GBR,Secondary BEST source flag (2T3 / missing) [STRICT],UIS.SEC.SOURCE,2T3,2T3,2T3,2T3,2T3,2T3,missing,2T3,2T3,2T3,2T3,2T3,2T3,2T3,missing
Georgia,GEO,"In-school proxy (100 - ROFST.1.CP), primary age (%)",SE.PRM.TENR,,97.79039751463772,97.15158999201212,97.0998608530701,97.03629883646714,97.67695038762943,97.66554683581806,97.96697899360774,98.13513150022303,98.38322551475852,98.80954147945492,99.17140893636517,96.96027254570868,95.19183544599841,93.8328382996391
Georgia,GEO,"In-school proxy (100 - ROFST.2T3.CP), secondary age BEST (%) [STRICT]",SE.SEC.NENR,,,96.44277759866645,97.25065597695804,97.19278218785148,96.88801162074994,97.8740477033,97.83698787217155,98.21418946809764,98.2057491960491,98.43094779121027,98.35297652071038,98.33058021378449,98.31131298018181,96.94933776833423
Georgia,GEO,"In-school proxy, primary age, female (%)",UIS.INS.PRM.F,,,,,,,,,,,,98.40798553956432,97.00565768261811,95.07300042959226,94.11435584593727
Georgia,GEO,"In-school proxy, primary age, male (%)",UIS.INS.PRM.M,,,,,,,,,,,,99.89108603617584,96.91767819133636,95.3029283164867,93.5702541483589
Georgia,GEO,"In-school proxy, secondary BEST (2T3), female (%) [STRICT]",UIS.INS.SEC.F,,,,94.9749698638916,95.37433004379272,95.11849021911621,94.97225999832153,95.09462976455688,,95.99142980575562,96.46697998046875,,,,95.25228023529053
Georgia,GEO,"In-school proxy, secondary BEST (2T3), male (%) [STRICT]",UIS.INS.SEC.M,,,,99.43519002199173,98.92479002475739,98.55528998374939,99.0102099776268,99.33215999603271,,99.6981900036335,99.90043999999762,,,,98.5673600435257
Georgia,GEO,"PTR secondary source flag (2T3 / avg(2,3) / only2 / only3 / missing)",UIS.PTR.SEC.SOURCE,missing,missing,missing,missing,missing,missing,missing,missing,missing,missing,missing,missing,missing,missing,missing
Georgia,GEO,"Out-of-school rate, primary age (%) (ROFST.1.CP)",UIS.ROFST.1.CP,,2.209602485362276,2.848410007987883,2.900139146929909,2.963701163532864,2.323049612370566,2.334453164181936,2.033021006392264,1.86486849977698,1.616774485241484,1.190458520545078,0.8285910636348293,3.039727454291319,4.808164554001591,6.167161700360896
Georgia,GEO,"Out-of-school rate, secondary age BEST (%) (ROFST.2T3.CP) [STRICT]",UIS.ROFST.SEC.BEST,,,3.55722240133355,2.74934402304195,2.807217812148517,3.11198837925006,2.125952296700012,2.163012127828449,1.785810531902363,1.794250803950902,1.569052208789727,1.647023479289621,1.66941978621552,1.68868701981819,3.050662231665764
Georgia,GEO,Secondary BEST source flag (2T3 / missing) [STRICT],UIS.SEC.SOURCE,missing,missing,2T3,2T3,2T3,2T3,2T3,2T3,2T3,2T3,2T3,2T3,2T3,2T3,2T3
Ghana,GHA,"In-school proxy (100 - ROFST.1.CP), primary age (%)",SE.PRM.TENR,,88.71530806771067,86.69926584319495,,90.502266813621,,99.75793546305539,93.15714485462985,91.82870629698591,94.48518837736476,89.43817245595686,90.05908012390137,,,
Ghana,GHA,"In-school proxy (100 - ROFST.2T3.CP), secondary age BEST (%) [STRICT]",SE.SEC.NENR,,,,75.67639923095703,70.54386694262008,70.85032354518988,73.45368436712292,72.78263113302206,73.03338444596395,77.227005093306,80.07447094779694,79.82765007019043,,,
Ghana,GHA,"In-school proxy, primary age, female (%)",UIS.INS.PRM.F,,88.16378974914551,84.79768471362416,,89.83080397613637,,,92.72357386256579,91.20675174311926,93.93151632270539,89.40721707039397,81.80355072021484,,,
Ghana,GHA,"In-school proxy, primary age, male (%)",UIS.INS.PRM.M,,89.51562976837158,88.55931278581409,,91.15948267094089,,,93.58167910078839,92.43748921379421,95.02698896557835,89.468457321514,82.22541046142578,,,
Ghana,GHA,"In-school proxy, secondary BEST (2T3), female (%) [STRICT]",UIS.INS.SEC.F,,,,73.22930908203125,68.80229946093404,73.53354177171084,72.58725286889172,72.12019995860484,72.70851226326074,77.38372391009722,80.03156345422354,78.53866004943848,,,
Ghana,GHA,"In-school proxy, secondary BEST (2T3), male (%) [STRICT]",UIS.INS.SEC.M,,,,78.06986045837402,72.2478736869411,68.22414219107364,74.30197775672838,73.43147184300544,73.35174749091964,77.07335269631739,80.11656037040939,81.0927906036377,,,
Ghana,GHA,"Pupil-teacher ratio, primary (trained) (ratio)",UIS.PTR.PRM.TRAINED,,62.97522486730445,63.10727546724253,59.43535219015084,57.40511147362697,57.14625062511515,54.56245383411581,49.29487870015036,45.10067017809931,43.86690127265715,36.66595484319889,41.76835170269889,,,
Ghana,GHA,"PTR secondary source flag (2T3 / avg(2,3) / only2 / only3 / missing)",UIS.PTR.SEC.SOURCE,missing,2T3,2T3,2T3,2T3,2T3,2T3,2T3,2T3,2T3,only2,2T3,missing,missing,missing
Ghana,GHA,"Pupil-teacher ratio, secondary (trained) BEST (ratio)",UIS.PTR.SEC.TRAINED,,26.51034927368164,24.92765466142068,24.08639907836914,21.87278080803205,22.54767868531236,22.41035821028684,20.53384318145226,20.77093468022872,23.36346130208547,20.50301945088126,20.65915220699158,,,
Ghana,GHA,"Out-of-school rate, primary age (%) (ROFST.1.CP)",UIS.ROFST.1.CP,,11.28469193228934,13.30073415680505,,9.497733186379,,0.2420645369446133,6.842855145370147,8.171293703014092,5.514811622635237,10.56182754404314,9.940919876098633,,,
Ghana,GHA,"Out-of-school rate, secondary age BEST (%) (ROFST.2T3.CP) [STRICT]",UIS.ROFST.SEC.BEST,,,,24.32360076904297,29.45613305737992,29.14967645481012,26.54631563287708,27.21736886697793,26.96661555403606,22.77299490669399,19.92552905220306,20.17234992980957,,,
Ghana,GHA,Secondary BEST source flag (2T3 / missing) [STRICT],UIS.SEC.SOURCE,missing,missing,missing,2T3,2T3,2T3,2T3,2T3,2T3,2T3,2T3,2T3,missing,missing,missing
Guinea,GIN,"In-school proxy (100 - ROFST.1.CP), primary age (%)",SE.PRM.TENR,71.85058975219727,76.47547912597656,76.07575035095215,77.93637084960938,81.56147003173828,,79.45612907409668,,,,85.27215957641602,,,,
Guinea,GIN,"In-school proxy (100 - ROFST.2T3.CP), secondary age BEST (%) [STRICT]",SE.SEC.NENR,,39.36400985717773,,,41.45325088500977,,,,,,,,,,
Guinea,GIN,"In-school proxy, primary age, female (%)",UIS.INS.PRM.F,65.67811965942383,71.17255973815918,70.65517997741699,72.30600929260254,75.8288402557373,,72.25221061706543,,,,78.93837928771973,,,,
Guinea,GIN,"In-school proxy, primary age, male (%)",UIS.INS.PRM.M,77.84757995605469,81.63253974914551,81.35176086425781,83.42046928405762,87.1485595703125,,86.47984027862549,,,,91.44087028503418,,,,
Guinea,GIN,"In-school proxy, secondary BEST (2T3), female (%) [STRICT]",UIS.INS.SEC.F,,31.279197692871094,,,33.327430725097656,,,,,,,,,,
Guinea,GIN,"In-school proxy, secondary BEST (2T3), male (%) [STRICT]",UIS.INS.SEC.M,,47.222900390625,,,49.35136032104492,,,,,,,,,,
Guinea,GIN,"Pupil-teacher ratio, primary (trained) (ratio)",UIS.PTR.PRM.TRAINED,,54.84375,58.45227813720703,59.64830017089844,60.78475189208984,,62.56373977661133,,,,62.57157897949219,,,,
Guinea,GIN,"PTR secondary source flag (2T3 / avg(2,3) / only2 / only3 / missing)",UIS.PTR.SEC.SOURCE,missing,missing,missing,missing,2T3,missing,missing,missing,missing,missing,missing,missing,missing,missing,missing
Guinea,GIN,"Pupil-teacher ratio, secondary (trained) BEST (ratio)",UIS.PTR.SEC.TRAINED,,,,,60.78149032592773,,,,,,,,,,
Guinea,GIN,"Out-of-school rate, primary age (%) (ROFST.1.CP)",UIS.ROFST.1.CP,28.14941024780273,23.52452087402344,23.92424964904785,22.06362915039063,18.43852996826172,,20.54387092590332,,,,14.72784042358398,,,,
Guinea,GIN,"Out-of-school rate, secondary age BEST (%) (ROFST.2T3.CP) [STRICT]",UIS.ROFST.SEC.BEST,,60.63599014282227,,,58.54674911499023,,,,,,,,,,
Guinea,GIN,Secondary BEST source flag (2T3 / missing) [STRICT],UIS.SEC.SOURCE,missing,2T3,missing,missing,2T3,missing,missing,missing,missing,missing,missing,missing,missing,missing,missing
Gambia,GMB,"In-school proxy (100 - ROFST.1.CP), primary age (%)",SE.PRM.TENR,63.18837032552268,62.01013534860797,64.85465233134505,65.38539305836801,67.53361070848028,70.54435920715332,72.14677374688452,74.645452051995,76.3548148709097,79.74516606813157,81.5636523179461,80.9764047128172,81.2161737163028,81.21757743931835,81.1508131017329
Gambia,GMB,"In-school proxy (100 - ROFST.2T3.CP), secondary age BEST (%) [STRICT]",SE.SEC.NENR,45.6789987883846,45.94455300964202,46.97979989202302,52.73471101109987,53.45468581760559,54.91703062587658,55.72220912567447,58.51093896532675,62.54305901284856,63.27289233487094,65.28307399666673,67.22208715383903,68.13592462116743,72.44562964901948,72.37914752154488
Gambia,GMB,"In-school proxy, primary age, female (%)",UIS.INS.PRM.F,64.57281540797652,63.64724914971403,67.04894110603905,67.59104801100736,70.36931784542882,73.63966941833496,75.56279620853081,78.24975577987627,80.01180612653638,84.17000276443908,86.67306898078809,86.15661932520243,86.7563917257067,86.97237877870418,87.38973499567227
Gambia,GMB,"In-school proxy, primary age, male (%)",UIS.INS.PRM.M,61.82438912117841,60.39872108331766,62.6964996534614,63.21742096475953,64.74742304023081,67.50366973876953,68.79158158224095,71.10573386916246,72.76378372503456,75.40083836789674,76.54822087088186,75.89239007409239,75.78013475371876,75.5719853959231,75.03082307779158
Gambia,GMB,"In-school proxy, secondary BEST (2T3), female (%) [STRICT]",UIS.INS.SEC.F,45.47011059264431,46.13006434913901,46.72337366718582,53.07825942511472,54.14025761602944,56.01398319869025,57.6192235623235,61.57457168386838,66.91450521031413,67.7617536239954,71.0027067669173,73.60329323835106,75.55427094668119,80.91804180418042,81.55427412034811
Gambia,GMB,"In-school proxy, secondary BEST (2T3), male (%) [STRICT]",UIS.INS.SEC.M,45.88633446143074,45.76067048183755,47.23363586262705,52.39509281369524,52.77777777777778,53.83531279981473,53.85350318471338,55.49572399026268,58.2435600109723,58.86009354263854,59.66173436511643,60.95016184201464,60.84427955479795,64.11724630158318,63.35985639755204
Gambia,GMB,"Pupil-teacher ratio, primary (trained) (ratio)",UIS.PTR.PRM.TRAINED,71.7085822068532,71.22662094763092,63.89971196648337,45.94277539341917,43.79404268875438,43.28314407904439,40.66504214963119,41.36811739621221,41.84959980886394,42.2349628294661,41.58453237410072,37.81166384021104,36.67288975402584,35.99503868146653,35.68008579442336
Gambia,GMB,"PTR secondary source flag (2T3 / avg(2,3) / only2 / only3 / missing)",UIS.PTR.SEC.SOURCE,only2,only2,only2,only2,only2,only2,only2,only2,only2,only2,only2,2T3,only2,only2,only2
Gambia,GMB,"Pupil-teacher ratio, secondary (trained) BEST (ratio)",UIS.PTR.SEC.TRAINED,62.10708401976936,62.22508038585209,50.27521793275218,33.71422893481717,30.63126533473537,25.97235023041475,24.87349397590361,23.77948588709678,21.83574449143111,20.65323058684055,21.05747126436782,41.09613037109375,20.92858357422207,21.01430592674108,20.87513227513228
Gambia,GMB,"Out-of-school rate, primary age (%) (ROFST.1.CP)",UIS.ROFST.1.CP,36.81162967447732,37.98986465139203,35.14534766865494,34.61460694163199,32.46638929151972,29.45564079284668,27.85322625311548,25.35454794800501,23.6451851290903,20.25483393186844,18.43634768205391,19.0235952871828,18.7838262836972,18.78242256068166,18.8491868982671
Gambia,GMB,"Out-of-school rate, secondary age BEST (%) (ROFST.2T3.CP) [STRICT]",UIS.ROFST.SEC.BEST,54.3210012116154,54.05544699035798,53.02020010797698,47.26528898890013,46.54531418239441,45.08296937412342,44.27779087432553,41.48906103467325,37.45694098715144,36.72710766512906,34.71692600333326,32.77791284616097,31.86407537883257,27.55437035098052,27.62085247845512
Gambia,GMB,Secondary BEST source flag (2T3 / missing) [STRICT],UIS.SEC.SOURCE,2T3,2T3,2T3,2T3,2T3,2T3,2T3,2T3,2T3,2T3,2T3,2T3,2T3,2T3,2T3
Guinea-Bissau,GNB,"In-school proxy (100 - ROFST.1.CP), primary age (%)",SE.PRM.TENR,69.45475959777832,,,,,,,,,,,,,,
Guinea-Bissau,GNB,"In-school proxy, primary age, female (%)",UIS.INS.PRM.F,68.32879066467285,,,,,,,,,,,,,,
Guinea-Bissau,GNB,"In-school proxy, primary age, male (%)",UIS.INS.PRM.M,70.56518936157227,,,,,,,,,,,,,,
Guinea-Bissau,GNB,"Pupil-teacher ratio, primary (trained) (ratio)",UIS.PTR.PRM.TRAINED,133.3763732910156,,,,,,,,,,,,,,
Guinea-Bissau,GNB,"PTR secondary source flag (2T3 / avg(2,3) / only2 / only3 / missing)",UIS.PTR.SEC.SOURCE,missing,missing,missing,missing,missing,missing,missing,missing,missing,missing,missing,missing,missing,missing,missing
Guinea-Bissau,GNB,"Out-of-school rate, primary age (%) (ROFST.1.CP)",UIS.ROFST.1.CP,30.54524040222168,,,,,,,,,,,,,,
Guinea-Bissau,GNB,Secondary BEST source flag (2T3 / missing) [STRICT],UIS.SEC.SOURCE,missing,missing,missing,missing,missing,missing,missing,missing,missing,missing,missing,missing,missing,missing,missing
Equatorial Guinea,GNQ,"In-school proxy (100 - ROFST.1.CP), primary age (%)",SE.PRM.TENR,36.39741134643555,37.08718872070312,37.68016815185547,,,34.403480529785156,,,,,,,,,
Equatorial Guinea,GNQ,"In-school proxy, primary age, female (%)",UIS.INS.PRM.F,37.16452026367187,38.03493881225586,38.58335876464844,,,34.82752990722656,,,,,,,,,
Equatorial Guinea,GNQ,"In-school proxy, primary age, male (%)",UIS.INS.PRM.M,35.673126220703125,36.19475173950195,36.82934188842773,,,33.99314880371094,,,,,,,,,
Equatorial Guinea,GNQ,"Pupil-teacher ratio, primary (trained) (ratio)",UIS.PTR.PRM.TRAINED,60.0289306640625,57.15668106079102,,,,62.38877868652344,,,,,,,,,
Equatorial Guinea,GNQ,"PTR secondary source flag (2T3 / avg(2,3) / only2 / only3 / missing)",UIS.PTR.SEC.SOURCE,missing,missing,missing,missing,missing,only2,missing,missing,missing,missing,missing,missing,missing,missing,missing
Equatorial Guinea,GNQ,"Pupil-teacher ratio, secondary (trained) BEST (ratio)",UIS.PTR.SEC.TRAINED,,,,,,146.0918884277344,,,,,,,,,
Equatorial Guinea,GNQ,"Out-of-school rate, primary age (%) (ROFST.1.CP)",UIS.ROFST.1.CP,63.60258865356445,62.91281127929688,62.31983184814453,,,65.59651947021484,,,,,,,,,
Equatorial Guinea,GNQ,Secondary BEST source flag (2T3 / missing) [STRICT],UIS.SEC.SOURCE,missing,missing,missing,missing,missing,missing,missing,missing,missing,missing,missing,missing,missing,missing,missing
Greece,GRC,"In-school proxy (100 - ROFST.1.CP), primary age (%)",SE.PRM.TENR,98.51098001003265,98.41820001602173,98.0640799999237,97.73792004585266,97.1286199092865,97.82065010070801,98.57546997070312,98.02985000610352,97.01876997947693,96.8048300743103,96.27273988723755,96.15323996543884,99.99781999993138,99.89032000303268,
Greece,GRC,"In-school proxy (100 - ROFST.2T3.CP), secondary age BEST (%) [STRICT]",SE.SEC.NENR,97.58050990104675,,,96.26641011238098,93.82552003860474,95.11469984054565,94.90460014343262,94.62575006484985,94.62066984176636,96.93506002426147,94.29991006851196,95.53551006317139,98.2393399477005,97.80244994163513,
Greece,GRC,"In-school proxy, primary age, female (%)",UIS.INS.PRM.F,97.88779997825623,97.79021000862122,97.56287002563477,97.13940000534058,96.66788005828857,97.22989988327026,97.94022989273071,97.50946998596191,96.6611499786377,96.55385994911194,96.10722994804382,96.03419995307922,,,
Greece,GRC,"In-school proxy, primary age, male (%)",UIS.INS.PRM.M,99.10738998651505,99.01912999153137,98.54282999038696,98.30913996696472,97.56743001937866,98.38368999958038,99.18124002218246,98.52590000629425,97.35873007774353,97.04285001754761,96.42975997924805,96.26602005958557,,,
Greece,GRC,"In-school proxy, secondary BEST (2T3), female (%) [STRICT]",UIS.INS.SEC.F,96.49307990074158,,,95.56002998352051,93.22584009170532,94.38837003707886,94.22885990142822,94.38058996200562,94.5860800743103,97.14408993721008,95.03795003890991,95.7922101020813,98.21204996109009,97.92445993423462,
Greece,GRC,"In-school proxy, secondary BEST (2T3), male (%) [STRICT]",UIS.INS.SEC.M,98.62399005889893,,,96.94544005393982,94.40107011795044,95.81047010421753,95.55116987228394,94.85781002044678,94.65317010879517,96.73957991600037,93.6174201965332,95.29666996002197,98.26487994194031,97.68816995620728,
Greece,GRC,"PTR secondary source flag (2T3 / avg(2,3) / only2 / only3 / missing)",UIS.PTR.SEC.SOURCE,missing,missing,missing,missing,missing,missing,missing,missing,missing,missing,missing,missing,missing,missing,missing
Greece,GRC,"Out-of-school rate, primary age (%) (ROFST.1.CP)",UIS.ROFST.1.CP,1.489019989967346,1.581799983978271,1.935920000076294,2.262079954147339,2.871380090713501,2.179349899291992,1.424530029296875,1.970149993896484,2.981230020523071,3.195169925689697,3.727260112762451,3.846760034561157,0.0021800000686198,0.1096799969673157,
Greece,GRC,"Out-of-school rate, secondary age BEST (%) (ROFST.2T3.CP) [STRICT]",UIS.ROFST.SEC.BEST,2.419490098953247,,,3.733589887619019,6.174479961395264,4.885300159454346,5.095399856567383,5.374249935150146,5.379330158233643,3.064939975738525,5.700089931488037,4.464489936828613,1.7606600522995,2.197550058364868,
Greece,GRC,Secondary BEST source flag (2T3 / missing) [STRICT],UIS.SEC.SOURCE,2T3,missing,missing,2T3,2T3,2T3,2T3,2T3,2T3,2T3,2T3,2T3,2T3,2T3,missing
Grenada,GRD,"In-school proxy (100 - ROFST.1.CP), primary age (%)",SE.PRM.TENR,,,,,95.4644533869886,,99.91341999918222,,99.87849897377993,,,97.15245695086098,,,95.0592110525137
Grenada,GRD,"In-school proxy (100 - ROFST.2T3.CP), secondary age BEST (%) [STRICT]",SE.SEC.NENR,,88.65157471017186,,80.82328407754063,91.02985954284668,92.46072403742386,95.91638994216919,,,,,93.65786371474029,,,
Grenada,GRD,"In-school proxy, primary age, female (%)",UIS.INS.PRM.F,,,,,95.101901010447,,,,,,,95.3516295025729,,,
Grenada,GRD,"In-school proxy, primary age, male (%)",UIS.INS.PRM.M,,,,,95.81212021678436,,,,,,,98.88065843621399,,,
Grenada,GRD,"In-school proxy, secondary BEST (2T3), female (%) [STRICT]",UIS.INS.SEC.F,,,,89.26056003570557,91.12921047210693,95.16463994979858,,,,,,,,,
Grenada,GRD,"In-school proxy, secondary BEST (2T3), male (%) [STRICT]",UIS.INS.SEC.M,,,,88.17582035064697,90.93622970581055,94.29072999954224,,,,,,,,,
Grenada,GRD,"Pupil-teacher ratio, primary (trained) (ratio)",UIS.PTR.PRM.TRAINED,24.57374000549316,26.7102615694165,,27.54894065856934,22.99472045898438,26.7296199798584,24.52787971496582,25.26078987121582,25.99606299212599,,,24.31481481481481,21.09535026550293,21.04203987121582,28.62918660287081
Grenada,GRD,"PTR secondary source flag (2T3 / avg(2,3) / only2 / only3 / missing)",UIS.PTR.SEC.SOURCE,2T3,missing,missing,2T3,2T3,2T3,2T3,2T3,2T3,missing,2T3,missing,2T3,2T3,2T3
Grenada,GRD,"Pupil-teacher ratio, secondary (trained) BEST (ratio)",UIS.PTR.SEC.TRAINED,61.17021179199219,,,34.38356018066406,31.40645027160645,28.38109970092773,27.83333015441895,26.44910049438477,27.68181991577148,,30.64360046386719,,20.64286041259766,27.36333084106445,24.54317548746518
Grenada,GRD,"Out-of-school rate, primary age (%) (ROFST.1.CP)",UIS.ROFST.1.CP,,,,,4.535546613011402,,0.0865800008177757,,0.1215010262200733,,,2.847543049139017,,,4.940788947486292
Grenada,GRD,"Out-of-school rate, secondary age BEST (%) (ROFST.2T3.CP) [STRICT]",UIS.ROFST.SEC.BEST,,11.34842528982814,,19.17671592245937,8.97014045715332,7.539275962576141,4.083610057830811,,,,,6.34213628525971,,,
Grenada,GRD,Secondary BEST source flag (2T3 / missing) [STRICT],UIS.SEC.SOURCE,missing,2T3,missing,2T3,2T3,2T3,2T3,missing,missing,missing,missing,2T3,missing,missing,missing
Guatemala,GTM,"In-school proxy (100 - ROFST.1.CP), primary age (%)",SE.PRM.TENR,,97.5739098178402,94.84961708204948,92.57986899681246,90.46788864628061,89.80938164137996,88.63478667028936,89.2945454926193,90.3406385861746,90.09531813121538,90.22780100670532,91.46201977487947,91.5223023006458,91.63242773471845,91.5678125990722
Guatemala,GTM,"In-school proxy (100 - ROFST.2T3.CP), secondary age BEST (%) [STRICT]",SE.SEC.NENR,60.25795202601508,58.53285668806706,57.71478753261137,57.37727606499909,57.43571613904681,57.68390618536305,56.28036045809331,55.36861078695574,55.59164718864246,41.47010033986081,52.48262129911066,50.5451486451385,48.80902805414264,49.72585230954984,51.10737448322817
Guatemala,GTM,"In-school proxy, primary age, female (%)",UIS.INS.PRM.F,,97.15116527080637,94.34022482439738,92.02263228097459,89.86339577695082,89.1351261766526,87.9677161962731,88.63889043426965,89.79250636004286,89.53136331312619,89.952267491193,91.30602556564534,91.4509984973691,91.602253227529,91.6367713956837
Guatemala,GTM,"In-school proxy, primary age, male (%)",UIS.INS.PRM.M,,97.98657601675352,95.34694229856287,93.12405457364662,91.05831250989543,90.46795312805402,89.28630233939452,89.93472088457469,90.87555714061737,90.6452930786172,90.49634845868854,91.61398500757767,91.59172328805866,91.66178778795809,91.50075911892642
Guatemala,GTM,"In-school proxy, secondary BEST (2T3), female (%) [STRICT]",UIS.INS.SEC.F,56.99845473385402,55.31816769769466,54.37171663821479,53.89366889837139,54.06879722994288,54.25662685353091,52.95497753119363,52.34578257428901,52.7642707780656,38.33680821585027,50.35431711648865,49.05468079524383,48.35731218543329,49.58718912473424,50.81239233515068
Guatemala,GTM,"In-school proxy, secondary BEST (2T3), male (%) [STRICT]",UIS.INS.SEC.M,63.43969012487434,61.67252868267578,60.98144729699715,60.78190886791321,60.72577935344525,61.0324035099728,59.52862997947192,58.32161611775233,58.35410515347333,44.53170308835895,54.56217896775854,52.00144940633429,49.25032535019156,49.86129398726371,51.3954061018454
Guatemala,GTM,"PTR secondary source flag (2T3 / avg(2,3) / only2 / only3 / missing)",UIS.PTR.SEC.SOURCE,missing,missing,missing,missing,missing,missing,missing,missing,missing,missing,missing,missing,missing,missing,missing
Guatemala,GTM,"Out-of-school rate, primary age (%) (ROFST.1.CP)",UIS.ROFST.1.CP,,2.426090182159797,5.150382917950521,7.420131003187529,9.532111353719394,10.19061835862004,11.36521332971064,10.7054545073807,9.659361413825396,9.904681868784614,9.772198993294683,8.537980225120535,8.477697699354188,8.367572265281554,8.432187400927809
Guatemala,GTM,"Out-of-school rate, secondary age BEST (%) (ROFST.2T3.CP) [STRICT]",UIS.ROFST.SEC.BEST,39.74204797398492,41.46714331193294,42.28521246738863,42.62272393500091,42.56428386095319,42.31609381463695,43.71963954190669,44.63138921304426,44.40835281135754,58.52989966013919,47.51737870088934,49.4548513548615,51.19097194585736,50.27414769045016,48.89262551677183
Guatemala,GTM,Secondary BEST source flag (2T3 / missing) [STRICT],UIS.SEC.SOURCE,2T3,2T3,2T3,2T3,2T3,2T3,2T3,2T3,2T3,2T3,2T3,2T3,2T3,2T3,2T3
Guyana,GUY,"In-school proxy (100 - ROFST.1.CP), primary age (%)",SE.PRM.TENR,99.46939559829717,99.65428000688553,99.6762705955455,,,,,,,,80.99118041992188,80.02531051635742,,82.01984217394006,
Guyana,GUY,"In-school proxy (100 - ROFST.2T3.CP), secondary age BEST (%) [STRICT]",SE.SEC.NENR,,90.97943019866943,87.96722984313965,,,,,,,,75.40011024475098,75.31752967834473,,69.47187691324834,
Guyana,GUY,"In-school proxy, primary age, female (%)",UIS.INS.PRM.F,,,,,,,,,,,80.6207103729248,79.6968002319336,,81.47252932027408,
Guyana,GUY,"In-school proxy, primary age, male (%)",UIS.INS.PRM.M,,,,,,,,,,,81.35058975219727,80.34419059753418,,82.5514453699167,
Guyana,GUY,"In-school proxy, secondary BEST (2T3), female (%) [STRICT]",UIS.INS.SEC.F,,92.86439990997314,89.74874019622803,,,,,,,,78.11425018310547,77.31076049804688,,69.6594259745178,
Guyana,GUY,"In-school proxy, secondary BEST (2T3), male (%) [STRICT]",UIS.INS.SEC.M,,89.13710975646973,86.22926998138428,,,,,,,,72.77730941772461,73.38875007629395,,69.29022453952368,
Guyana,GUY,"Pupil-teacher ratio, primary (trained) (ratio)",UIS.PTR.PRM.TRAINED,37.26661659782201,36.32621502209131,33.25871172122492,,,,,,,,,,,25.63930278324431,18.21406610299769
Guyana,GUY,"PTR secondary source flag (2T3 / avg(2,3) / only2 / only3 / missing)",UIS.PTR.SEC.SOURCE,2T3,missing,missing,missing,missing,missing,missing,missing,missing,missing,missing,missing,missing,2T3,2T3
Guyana,GUY,"Pupil-teacher ratio, secondary (trained) BEST (ratio)",UIS.PTR.SEC.TRAINED,37.34999847412109,,,,,,,,,,,,,18.08976936340332,12.46272401433692
Guyana,GUY,"Out-of-school rate, primary age (%) (ROFST.1.CP)",UIS.ROFST.1.CP,0.5306044017028245,0.3457199931144714,0.3237294044545025,,,,,,,,19.00881958007813,19.97468948364258,,17.98015782605994,
Guyana,GUY,"Out-of-school rate, secondary age BEST (%) (ROFST.2T3.CP) [STRICT]",UIS.ROFST.SEC.BEST,,9.020569801330566,12.03277015686035,,,,,,,,24.59988975524902,24.68247032165527,,30.52812308675167,
Guyana,GUY,Secondary BEST source flag (2T3 / missing) [STRICT],UIS.SEC.SOURCE,missing,2T3,2T3,missing,missing,missing,missing,missing,missing,missing,2T3,2T3,missing,2T3,missing
"China, Hong Kong Special Administrative Region",HKG,"In-school proxy (100 - ROFST.1.CP), primary age (%)",SE.PRM.TENR,99.5795276134386,99.71381518202406,99.68426276279303,99.64695409813925,99.2139083191176,99.12237494603477,99.3022795945334,99.7799429222841,99.87523212006252,99.93322875630669,99.33878707127698,98.96720506974358,98.84535335087503,98.54048396725388,98.59538425860936
"China, Hong Kong Special Administrative Region",HKG,"In-school proxy (100 - ROFST.2T3.CP), secondary age BEST (%) [STRICT]",SE.SEC.NENR,86.04029747492217,83.90941575844202,93.3392618941752,93.11188527498659,93.76544879696498,95.2619035165234,99.10179486868638,98.02733407810938,99.11211181204568,98.07030337586673,95.60516280434145,95.95595099183197,98.69989135444365,,99.13744528234481
"China, Hong Kong Special Administrative Region",HKG,"In-school proxy, secondary BEST (2T3), female (%) [STRICT]",UIS.INS.SEC.F,85.97652916073969,83.52202643171806,92.90352080475537,92.57634019851685,93.22332000732422,94.77193021774292,98.67774999141693,97.21730995178223,,96.90825009346008,94.21364452423698,94.59248210023867,,,98.38359999656677
"China, Hong Kong Special Administrative Region",HKG,"In-school proxy, secondary BEST (2T3), male (%) [STRICT]",UIS.INS.SEC.M,86.1006734006734,84.27671423599026,93.75162267416702,93.64679002761841,94.30674982070923,95.74274015426636,99.52250000834465,98.79463994503021,,99.18264001607895,96.94303797468355,97.26027397260275,,,99.85532000660896
"China, Hong Kong Special Administrative Region",HKG,"Pupil-teacher ratio, primary (trained) (ratio)",UIS.PTR.PRM.TRAINED,15.86188222444707,15.44998844998845,15.06873614190687,14.57451934003,14.36482474409536,14.20586978810663,14.15536641062902,14.2101677148847,13.82468342468342,13.74598188194039,13.4494045496684,13.00519141121627,12.6446355006269,12.48701538916839,12.4628698839802
"China, Hong Kong Special Administrative Region",HKG,"PTR secondary source flag (2T3 / avg(2,3) / only2 / only3 / missing)",UIS.PTR.SEC.SOURCE,2T3,2T3,2T3,2T3,2T3,2T3,2T3,2T3,2T3,2T3,2T3,2T3,2T3,2T3,2T3
"China, Hong Kong Special Administrative Region",HKG,"Pupil-teacher ratio, secondary (trained) BEST (ratio)",UIS.PTR.SEC.TRAINED,17.71218985224422,16.69869310191061,15.98207955888145,14.93764465622873,14.14609417528579,13.41112965296461,12.75791063216418,11.84387233760202,11.56454446027906,11.42268041237113,11.37688959766105,11.36889506969968,11.46462527491118,11.69193034093696,12.07969807576456
"China, Hong Kong Special Administrative Region",HKG,"Out-of-school rate, primary age (%) (ROFST.1.CP)",UIS.ROFST.1.CP,0.4204723865614037,0.286184817975933,0.3157372372069783,0.3530459018607507,0.7860916808823946,0.8776250539652352,0.6977204054665928,0.2200570777158989,0.1247678799374782,0.0667712436933145,0.6612129287230228,1.032794930256421,1.154646649124976,1.459516032746129,1.404615741390637
"China, Hong Kong Special Administrative Region",HKG,"Out-of-school rate, secondary age BEST (%) (ROFST.2T3.CP) [STRICT]",UIS.ROFST.SEC.BEST,13.95970252507783,16.09058424155798,6.660738105824811,6.88811472501341,6.23455120303503,4.738096483476596,0.8982051313136185,1.972665921890627,0.8878881879543237,1.929696624133267,4.394837195658551,4.044049008168028,1.300108645556353,,0.8625547176551809
"China, Hong Kong Special Administrative Region",HKG,Secondary BEST source flag (2T3 / missing) [STRICT],UIS.SEC.SOURCE,2T3,2T3,2T3,2T3,2T3,2T3,2T3,2T3,2T3,2T3,2T3,2T3,2T3,missing,2T3
Honduras,HND,"In-school proxy (100 - ROFST.1.CP), primary age (%)",SE.PRM.TENR,86.40569972991943,85.95839023590088,83.23542320938265,79.32468475231951,78.43980496784707,77.24865458787286,78.21435928344727,79.01391983032227,,82.1849193572998,78.27028943862796,75.2314875941911,76.52885055541992,76.10409924154459,73.37984502080349
Honduras,HND,"In-school proxy (100 - ROFST.2T3.CP), secondary age BEST (%) [STRICT]",SE.SEC.NENR,,,,55.66749464767128,52.41328058647356,52.31903739262253,53.03704071044922,53.3713493347168,,53.44644770626418,52.27704527283584,47.04115085017067,47.95817184448242,47.51110030773966,48.56130180743051
Honduras,HND,"In-school proxy, primary age, female (%)",UIS.INS.PRM.F,87.60089015960693,86.85770988464355,84.25105995165828,80.26298441885622,79.12987807208653,78.33342108328108,79.32699012756348,80.1063003540039,,80.99633026123047,79.45384485445743,76.63775994958168,77.7482795715332,77.00960892087468,74.43527367506516
Honduras,HND,"In-school proxy, primary age, male (%)",UIS.INS.PRM.M,85.2630500793457,85.099289894104,82.26585929012597,78.42946774975752,77.78172650507258,76.21440892731648,77.1536693572998,77.9726390838623,,83.31769943237305,77.1422365805018,73.89104049004928,75.3663501739502,75.24067211732643,72.37315590597993
Honduras,HND,"In-school proxy, secondary BEST (2T3), female (%) [STRICT]",UIS.INS.SEC.F,,,,57.94052262743253,54.7521153325306,54.84492807439577,55.3455696105957,55.60155868530273,,55.60122109569208,54.5271262756694,50.34138877569066,51.07320022583008,50.33016183121558,51.17358718158525
Honduras,HND,"In-school proxy, secondary BEST (2T3), male (%) [STRICT]",UIS.INS.SEC.M,,,,53.48946904675203,50.17300389141545,49.9015714572678,50.82939147949219,51.24024963378906,,51.39076671222165,50.13111583974568,43.89414141117901,44.98794937133789,44.82338857081049,46.07104078280725
Honduras,HND,"PTR secondary source flag (2T3 / avg(2,3) / only2 / only3 / missing)",UIS.PTR.SEC.SOURCE,missing,missing,missing,missing,missing,missing,missing,missing,missing,missing,missing,missing,missing,missing,missing
Honduras,HND,"Out-of-school rate, primary age (%) (ROFST.1.CP)",UIS.ROFST.1.CP,13.59430027008057,14.04160976409912,16.76457679061735,20.67531524768048,21.56019503215294,22.75134541212713,21.78564071655273,20.98608016967773,,17.8150806427002,21.72971056137205,24.7685124058089,23.47114944458008,23.89590075845542,26.62015497919652
Honduras,HND,"Out-of-school rate, secondary age BEST (%) (ROFST.2T3.CP) [STRICT]",UIS.ROFST.SEC.BEST,,,,44.33250535232872,47.58671941352644,47.68096260737747,46.96295928955078,46.6286506652832,,46.55355229373582,47.72295472716416,52.95884914982933,52.04182815551758,52.48889969226034,51.43869819256949
Honduras,HND,Secondary BEST source flag (2T3 / missing) [STRICT],UIS.SEC.SOURCE,missing,missing,missing,2T3,2T3,2T3,2T3,2T3,missing,2T3,2T3,2T3,2T3,2T3,2T3
Croatia,HRV,"In-school proxy (100 - ROFST.1.CP), primary age (%)",SE.PRM.TENR,99.00840002298355,98.95578002929688,98.95374000072479,98.7397700548172,98.56476998329163,98.55375003814697,98.2639399766922,98.53510999679565,98.43104004859924,98.04033994674683,98.15728998184204,98.21292996406555,98.26718997955322,98.18816995620728,
Croatia,HRV,"In-school proxy (100 - ROFST.2T3.CP), secondary age BEST (%) [STRICT]",SE.SEC.NENR,94.72552013397217,94.56665992736816,94.77679014205933,95.34802007675171,95.26807022094727,95.35008001327515,95.51506996154785,95.8632698059082,96.32825994491577,96.04704999923706,96.13351011276245,96.74110007286072,96.61787009239197,95.78263998031616,
Croatia,HRV,"In-school proxy, secondary BEST (2T3), female (%) [STRICT]",UIS.INS.SEC.F,97.85028004646301,96.11320996284485,96.26040005683899,96.68489003181458,96.56967997550964,97.0040500164032,96.91770005226135,97.38917994499207,97.87124991416931,97.73816990852356,98.02945005893707,98.74292004108429,98.590980052948,98.26955997943878,
Croatia,HRV,"In-school proxy, secondary BEST (2T3), male (%) [STRICT]",UIS.INS.SEC.M,91.74483013153076,93.09046983718872,93.36041021347046,94.06740999221802,94.02138996124268,93.76447010040283,94.16967010498047,94.40320014953613,94.85974979400635,94.44211006164551,94.3381199836731,94.84568977355957,94.75288009643555,93.43193006515503,
Croatia,HRV,"PTR secondary source flag (2T3 / avg(2,3) / only2 / only3 / missing)",UIS.PTR.SEC.SOURCE,missing,missing,missing,missing,missing,missing,missing,missing,missing,missing,missing,missing,missing,missing,missing
Croatia,HRV,"Out-of-school rate, primary age (%) (ROFST.1.CP)",UIS.ROFST.1.CP,0.991599977016449,1.044219970703125,1.046259999275208,1.2602299451828,1.435230016708374,1.446249961853027,1.7360600233078,1.464890003204346,1.568959951400757,1.959660053253174,1.842710018157959,1.787070035934448,1.732810020446777,1.811830043792725,
Croatia,HRV,"Out-of-school rate, secondary age BEST (%) (ROFST.2T3.CP) [STRICT]",UIS.ROFST.SEC.BEST,5.274479866027832,5.433340072631836,5.223209857940674,4.651979923248291,4.731929779052734,4.649919986724854,4.484930038452148,4.136730194091797,3.671740055084229,3.952950000762939,3.866489887237549,3.258899927139282,3.382129907608032,4.217360019683838,
Croatia,HRV,Secondary BEST source flag (2T3 / missing) [STRICT],UIS.SEC.SOURCE,2T3,2T3,2T3,2T3,2T3,2T3,2T3,2T3,2T3,2T3,2T3,2T3,2T3,2T3,missing
Hungary,HUN,"In-school proxy (100 - ROFST.1.CP), primary age (%)",SE.PRM.TENR,97.92186999320984,97.61756992340088,98.31126999855042,97.48539996147156,96.44721007347107,95.71504020690918,95.03166007995605,95.13068008422852,95.5472002029419,95.65128993988037,95.72150993347168,96.13973999023438,96.31774997711182,97.82944011688232,
Hungary,HUN,"In-school proxy (100 - ROFST.2T3.CP), secondary age BEST (%) [STRICT]",SE.SEC.NENR,97.22283005714417,97.3336501121521,95.03884983062744,94.96344995498657,94.39740991592407,93.54945993423462,93.17614984512329,92.79523992538452,92.19885015487671,91.87390041351318,91.82643985748291,90.6865701675415,92.04637002944946,93.33897018432617,
Hungary,HUN,"In-school proxy, primary age, female (%)",UIS.INS.PRM.F,97.76259994506836,97.5906400680542,98.34251999855042,97.44868993759155,96.42276000976562,95.69935989379883,94.94277000427246,94.86054992675781,95.35288000106812,95.47493982315063,95.57059001922607,96.08844995498657,96.39296007156372,97.88209009170532,
Hungary,HUN,"In-school proxy, primary age, male (%)",UIS.INS.PRM.M,98.0733699798584,97.64310002326965,98.28166997432709,97.52010011672974,96.47036004066467,95.72987985610962,95.11602020263672,95.38793992996216,95.73247003555298,95.81909990310669,95.8644700050354,96.1882700920105,96.24671006202698,97.77958989143372,
Hungary,HUN,"In-school proxy, secondary BEST (2T3), female (%) [STRICT]",UIS.INS.SEC.F,97.16270995140076,97.10881996154785,94.975989818573,94.99312019348145,94.543869972229,93.69947004318237,93.14480018615723,92.93233013153076,92.33902978897095,92.08432006835938,92.01169013977051,90.91586017608643,92.23557996749878,93.56223011016846,
Hungary,HUN,"In-school proxy, secondary BEST (2T3), male (%) [STRICT]",UIS.INS.SEC.M,97.28007006645203,97.54766011238098,95.0984902381897,94.93534994125366,94.25882005691528,93.40758991241455,93.20578002929688,92.66559982299805,92.06633996963501,91.6748104095459,91.65097999572754,90.4691801071167,91.86676979064941,93.12731981277466,
Hungary,HUN,"PTR secondary source flag (2T3 / avg(2,3) / only2 / only3 / missing)",UIS.PTR.SEC.SOURCE,missing,missing,missing,missing,missing,missing,missing,missing,missing,missing,missing,missing,missing,missing,missing
Hungary,HUN,"Out-of-school rate, primary age (%) (ROFST.1.CP)",UIS.ROFST.1.CP,2.078130006790161,2.382430076599121,1.688730001449585,2.514600038528442,3.552789926528931,4.28495979309082,4.968339920043945,4.869319915771484,4.452799797058105,4.348710060119629,4.27849006652832,3.860260009765625,3.682250022888184,2.170559883117676,
Hungary,HUN,"Out-of-school rate, secondary age BEST (%) (ROFST.2T3.CP) [STRICT]",UIS.ROFST.SEC.BEST,2.777169942855835,2.6663498878479,4.961150169372559,5.036550045013428,5.602590084075928,6.450540065765381,6.823850154876709,7.204760074615479,7.801149845123291,8.126099586486816,8.17356014251709,9.313429832458496,7.953629970550537,6.661029815673828,
Hungary,HUN,Secondary BEST source flag (2T3 / missing) [STRICT],UIS.SEC.SOURCE,2T3,2T3,2T3,2T3,2T3,2T3,2T3,2T3,2T3,2T3,2T3,2T3,2T3,2T3,missing
Indonesia,IDN,"In-school proxy (100 - ROFST.1.CP), primary age (%)",SE.PRM.TENR,99.6092599928379,98.17929995059967,99.76382000744343,98.17839002609253,96.46785998344421,,93.93545007705688,93.6085901260376,92.29991118601112,98.27782065519138,97.32150377770198,98.55844663037445,98.77420073909254,99.2729483699869,98.92902028819006
Indonesia,IDN,"In-school proxy (100 - ROFST.2T3.CP), secondary age BEST (%) [STRICT]",SE.SEC.NENR,70.25960922241211,76.2840690612793,78.27300071716309,80.39538955688477,79.77705955505371,,,,83.2293058901707,87.38692940516063,90.81083916594717,88.14558782354354,87.38884975403164,85.45068946976528,85.93964159177126
Indonesia,IDN,"In-school proxy, primary age, female (%)",UIS.INS.PRM.F,,,,98.32839000225067,95.57243013381958,,91.39272022247314,91.21681022644043,90.39753917260772,,,,,,
Indonesia,IDN,"In-school proxy, primary age, male (%)",UIS.INS.PRM.M,,,,98.03610002994537,97.31730008125305,,96.34871006011963,95.87929010391235,94.10637374800841,,,,,,
Indonesia,IDN,"In-school proxy, secondary BEST (2T3), female (%) [STRICT]",UIS.INS.SEC.F,70.47281074523926,76.41633987426758,79.32442092895508,79.13253974914551,79.02689933776855,,,,84.31678600530232,,,89.093881764892,88.00080701320489,86.72089243017145,86.27445030212402
Indonesia,IDN,"In-school proxy, secondary BEST (2T3), male (%) [STRICT]",UIS.INS.SEC.M,70.05731964111328,76.15851974487305,77.27461051940918,81.59469032287598,80.4894790649414,,,,82.19750958250032,,,87.24562978647361,86.80791405463798,84.24451449645117,85.62162971496582
Indonesia,IDN,"Pupil-teacher ratio, primary (trained) (ratio)",UIS.PTR.PRM.TRAINED,,,,,,,,,,,,,,56.05390271227339,58.2560938366458
Indonesia,IDN,"PTR secondary source flag (2T3 / avg(2,3) / only2 / only3 / missing)",UIS.PTR.SEC.SOURCE,missing,missing,missing,missing,missing,missing,missing,missing,missing,missing,missing,missing,2T3,2T3,2T3
Indonesia,IDN,"Pupil-teacher ratio, secondary (trained) BEST (ratio)",UIS.PTR.SEC.TRAINED,,,,,,,,,,,,,54.0179061135676,54.37082355796456,56.79410261091839
Indonesia,IDN,"Out-of-school rate, primary age (%) (ROFST.1.CP)",UIS.ROFST.1.CP,0.3907400071620941,1.82070004940033,0.236179992556572,1.821609973907471,3.532140016555786,,6.064549922943115,6.391409873962402,7.700088813988881,1.722179344808624,2.678496222298016,1.441553369625554,1.225799260907467,0.7270516300130874,1.070979711809935
Indonesia,IDN,"Out-of-school rate, secondary age BEST (%) (ROFST.2T3.CP) [STRICT]",UIS.ROFST.SEC.BEST,29.74039077758789,23.7159309387207,21.72699928283691,19.60461044311523,20.22294044494629,,,,16.7706941098293,12.61307059483937,9.189160834052831,11.85441217645647,12.61115024596836,14.54931053023472,14.06035840822874
Indonesia,IDN,Secondary BEST source flag (2T3 / missing) [STRICT],UIS.SEC.SOURCE,2T3,2T3,2T3,2T3,2T3,missing,missing,missing,2T3,2T3,2T3,2T3,2T3,2T3,2T3
India,IND,"In-school proxy (100 - ROFST.1.CP), primary age (%)",SE.PRM.TENR,98.86673998832703,97.2688798904419,99.30549001693726,99.56870999932289,,,96.27393269738842,94.33056114964182,93.93668635807832,93.00842212185049,96.65471925239417,98.5330464093597,99.91151593021654,99.52707738094915,99.89569730543943
India,IND,"In-school proxy (100 - ROFST.2T3.CP), secondary age BEST (%) [STRICT]",SE.SEC.NENR,,,,67.12860870361328,,,,,,,71.68600327796604,73.31191610637387,71.74588357228649,69.48796876632355,68.87705736449384
India,IND,"In-school proxy, primary age, female (%)",UIS.INS.PRM.F,99.44709002971649,97.59969997406006,98.85584998130798,,,,97.43363734280483,95.27759143691443,94.6450839793266,93.60393407715586,97.17637284723476,98.81428287411795,,99.3143331864345,
India,IND,"In-school proxy, primary age, male (%)",UIS.INS.PRM.M,98.34204995632172,96.96624994277954,99.71698001027107,,,,95.21199944740233,93.4631498739534,93.28749912453894,92.46217320041501,96.17573800182358,98.27454317294423,,99.72311531291632,
India,IND,"In-school proxy, secondary BEST (2T3), female (%) [STRICT]",UIS.INS.SEC.F,,,,67.30765914916992,,,,,,,72.33019744439719,73.41307444611165,71.97940369554996,69.97104511905577,69.68684449982933
India,IND,"In-school proxy, secondary BEST (2T3), male (%) [STRICT]",UIS.INS.SEC.M,,,,66.96514892578125,,,,,,,71.09625910013531,73.21934925510521,71.53216512190659,69.04587319145682,68.13603905982828
India,IND,"Pupil-teacher ratio, primary (trained) (ratio)",UIS.PTR.PRM.TRAINED,,,,,,,50.6688117980957,46.89825820922852,,37.8267224822714,34.02681209362536,29.33064682442966,31.8116055080534,29.63732459143095,30.04099528750699
India,IND,"PTR secondary source flag (2T3 / avg(2,3) / only2 / only3 / missing)",UIS.PTR.SEC.SOURCE,missing,missing,missing,missing,missing,missing,only2,2T3,missing,2T3,2T3,2T3,2T3,2T3,2T3
India,IND,"Pupil-teacher ratio, secondary (trained) BEST (ratio)",UIS.PTR.SEC.TRAINED,,,,,,,35.01653035382687,35.8802604675293,,28.38903045654297,25.36410789990476,23.2777440996245,23.06528718293318,21.69578784986184,20.3843257319296
India,IND,"Out-of-school rate, primary age (%) (ROFST.1.CP)",UIS.ROFST.1.CP,1.133260011672974,2.731120109558105,0.6945099830627441,0.4312900006771088,,,3.726067302611577,5.669438850358174,6.063313641921682,6.99157787814951,3.345280747605827,1.466953590640308,0.0884840697834613,0.472922619050842,0.1043026945605767
India,IND,"Out-of-school rate, secondary age BEST (%) (ROFST.2T3.CP) [STRICT]",UIS.ROFST.SEC.BEST,,,,32.87139129638672,,,,,,,28.31399672203396,26.68808389362613,28.25411642771352,30.51203123367646,31.12294263550616
India,IND,Secondary BEST source flag (2T3 / missing) [STRICT],UIS.SEC.SOURCE,missing,missing,missing,2T3,missing,missing,missing,missing,missing,missing,2T3,2T3,2T3,2T3,2T3
Ireland,IRL,"In-school proxy (100 - ROFST.1.CP), primary age (%)",SE.PRM.TENR,99.79991999268532,99.8745000064373,99.94210999831557,99.92730999737978,99.96263999864459,99.95117999985814,99.98835999984294,99.97134000062943,99.99826000002213,99.8627700060606,99.95766999945045,99.23654001951218,98.89046001434326,,
Ireland,IRL,"In-school proxy (100 - ROFST.2T3.CP), secondary age BEST (%) [STRICT]",SE.SEC.NENR,98.55764997005463,98.7027200460434,99.26004999876022,,99.44634997844696,99.46654999256134,99.5804800093174,99.45235997438431,99.1373599767685,98.91241002082825,99.07567000389099,99.45133000612259,99.35716998577118,,
Ireland,IRL,"In-school proxy, secondary BEST (2T3), female (%) [STRICT]",UIS.INS.SEC.F,99.97608000040054,99.10276997089386,99.93961000069976,,,,,,99.62422001361847,,99.73137998580933,,,,
Ireland,IRL,"In-school proxy, secondary BEST (2T3), male (%) [STRICT]",UIS.INS.SEC.M,97.22601008415222,98.32564997673035,98.616770029068,,,,,,98.67068994045258,,98.44860994815826,,,,
Ireland,IRL,"PTR secondary source flag (2T3 / avg(2,3) / only2 / only3 / missing)",UIS.PTR.SEC.SOURCE,missing,missing,missing,missing,missing,missing,missing,missing,missing,missing,missing,missing,missing,missing,missing
Ireland,IRL,"Out-of-school rate, primary age (%) (ROFST.1.CP)",UIS.ROFST.1.CP,0.200080007314682,0.1254999935626984,0.0578900016844273,0.0726900026202202,0.0373600013554096,0.0488200001418591,0.0116400001570582,0.028659999370575,0.0017399999778718,0.1372299939393997,0.0423300005495548,0.7634599804878235,1.109539985656738,,
Ireland,IRL,"Out-of-school rate, secondary age BEST (%) (ROFST.2T3.CP) [STRICT]",UIS.ROFST.SEC.BEST,1.442350029945374,1.297279953956604,0.7399500012397766,,0.5536500215530396,0.5334500074386597,0.4195199906826019,0.5476400256156921,0.8626400232315063,1.087589979171753,0.9243299961090088,0.5486699938774109,0.6428300142288208,,
Ireland,IRL,Secondary BEST source flag (2T3 / missing) [STRICT],UIS.SEC.SOURCE,2T3,2T3,2T3,missing,2T3,2T3,2T3,2T3,2T3,2T3,2T3,2T3,2T3,missing,missing
Iran (Islamic Republic of),IRN,"In-school proxy (100 - ROFST.1.CP), primary age (%)",SE.PRM.TENR,94.48977994918823,95.17665004730225,95.76964998245239,97.81657004356384,96.02965998649597,96.17294001579285,96.50414991378784,97.35010004043579,,98.44756996631622,98.17053997516632,,,,
Iran (Islamic Republic of),IRN,"In-school proxy (100 - ROFST.2T3.CP), secondary age BEST (%) [STRICT]",SE.SEC.NENR,77.32908058166504,79.558349609375,82.65834999084473,79.01828956604004,78.51910972595215,,80.25750923156738,81.15390968322754,,,86.5080099105835,,,,
Iran (Islamic Republic of),IRN,"In-school proxy, primary age, female (%)",UIS.INS.PRM.F,95.35822010040283,95.9629898071289,96.50348997116089,,96.36806011199951,96.40368008613586,96.59662008285522,97.41040992736816,,98.61064004898071,98.49679005146027,,,,
Iran (Islamic Republic of),IRN,"In-school proxy, primary age, male (%)",UIS.INS.PRM.M,93.67419004440308,94.4380898475647,95.08081007003784,,95.71090984344482,95.95517015457153,96.41672992706299,97.29309010505676,,98.29358005523682,97.8626799583435,,,,
Iran (Islamic Republic of),IRN,"In-school proxy, secondary BEST (2T3), female (%) [STRICT]",UIS.INS.SEC.F,75.94500923156738,77.92251014709473,80.75653076171875,76.24748039245605,77.00646018981934,,78.94459915161133,80.25248908996582,,,86.11386013031006,,,,
Iran (Islamic Republic of),IRN,"In-school proxy, secondary BEST (2T3), male (%) [STRICT]",UIS.INS.SEC.M,78.63715934753418,81.1068000793457,84.46127033233643,81.64830017089844,79.95586967468262,,81.50153923034668,82.00745964050293,,,86.88129997253418,,,,
Iran (Islamic Republic of),IRN,"Pupil-teacher ratio, primary (trained) (ratio)",UIS.PTR.PRM.TRAINED,,,,25.65459060668945,25.91843032836914,26.77413940429688,27.32117080688477,28.52478981018066,,,,,,,
Iran (Islamic Republic of),IRN,"PTR secondary source flag (2T3 / avg(2,3) / only2 / only3 / missing)",UIS.PTR.SEC.SOURCE,missing,missing,missing,2T3,2T3,missing,2T3,2T3,missing,missing,missing,missing,missing,missing,missing
Iran (Islamic Republic of),IRN,"Pupil-teacher ratio, secondary (trained) BEST (ratio)",UIS.PTR.SEC.TRAINED,,,,17.55105018615723,17.51292991638184,,19.22052955627441,19.49106979370117,,,,,,,
Iran (Islamic Republic of),IRN,"Out-of-school rate, primary age (%) (ROFST.1.CP)",UIS.ROFST.1.CP,5.510220050811768,4.823349952697754,4.230350017547607,2.183429956436157,3.970340013504028,3.827059984207153,3.495850086212158,2.649899959564209,,1.552430033683777,1.829460024833679,,,,
Iran (Islamic Republic of),IRN,"Out-of-school rate, secondary age BEST (%) (ROFST.2T3.CP) [STRICT]",UIS.ROFST.SEC.BEST,22.67091941833496,20.441650390625,17.34165000915527,20.98171043395996,21.48089027404785,,19.74249076843262,18.84609031677246,,,13.4919900894165,,,,
Iran (Islamic Republic of),IRN,Secondary BEST source flag (2T3 / missing) [STRICT],UIS.SEC.SOURCE,2T3,2T3,2T3,2T3,2T3,missing,2T3,2T3,missing,missing,2T3,missing,missing,missing,missing
Iceland,ISL,"In-school proxy (100 - ROFST.1.CP), primary age (%)",SE.PRM.TENR,98.82678997516632,98.74173998832703,98.86661994457245,98.80097997188568,98.82368004322052,98.73811995983124,98.96270000934601,98.93350994586945,98.8989200592041,98.81042003631592,98.57712996006012,98.57922995090485,98.48452997207642,98.17928004264832,
Iceland,ISL,"In-school proxy (100 - ROFST.2T3.CP), secondary age BEST (%) [STRICT]",SE.SEC.NENR,89.56194972991943,89.77912998199463,90.46347045898438,91.02571964263916,90.83281993865967,90.84638023376465,90.17708015441895,90.58230972290039,90.24024963378906,88.94396018981934,88.98575973510742,91.25391006469727,90.08685970306396,88.44050979614258,
Iceland,ISL,"In-school proxy, primary age, female (%)",UIS.INS.PRM.F,98.79935002326965,98.67464005947113,98.83522999286652,98.75510001182556,98.77127003669739,98.92465996742249,99.08735001087189,98.9882299900055,98.77427995204926,98.92079997062683,98.55535995960236,98.65078997612,98.41700005531311,98.23570001125336,
Iceland,ISL,"In-school proxy, primary age, male (%)",UIS.INS.PRM.M,98.85344994068146,98.80716001987457,98.89723002910614,98.84521996974945,98.87392997741699,98.55982995033264,98.84453999996185,98.88180994987488,99.01640999317169,98.70624005794525,98.59791004657745,98.51076996326447,98.54919004440308,98.12521994113922,
Iceland,ISL,"In-school proxy, secondary BEST (2T3), female (%) [STRICT]",UIS.INS.SEC.F,90.52902030944824,90.6556396484375,91.1884298324585,92.14345979690552,91.9218397140503,91.82507038116455,91.3487901687622,91.49063968658447,91.17181015014648,89.43712997436523,89.36835956573486,91.51467990875244,90.49415016174316,88.64311027526855,
Iceland,ISL,"In-school proxy, secondary BEST (2T3), male (%) [STRICT]",UIS.INS.SEC.M,88.6425895690918,88.95018005371094,89.77593040466309,89.95053958892822,89.78561973571777,89.90754985809326,89.04331016540527,89.69554996490479,89.33057975769043,88.46177959442139,88.61828994750977,91.00463962554932,89.69839000701904,88.24973011016846,
Iceland,ISL,"PTR secondary source flag (2T3 / avg(2,3) / only2 / only3 / missing)",UIS.PTR.SEC.SOURCE,missing,missing,missing,missing,missing,missing,missing,missing,missing,missing,missing,missing,missing,missing,missing
Iceland,ISL,"Out-of-school rate, primary age (%) (ROFST.1.CP)",UIS.ROFST.1.CP,1.173210024833679,1.258260011672974,1.133380055427551,1.199020028114319,1.17631995677948,1.261880040168762,1.037299990653992,1.066490054130554,1.101079940795898,1.189579963684082,1.42287003993988,1.420770049095154,1.515470027923584,1.820719957351685,
Iceland,ISL,"Out-of-school rate, secondary age BEST (%) (ROFST.2T3.CP) [STRICT]",UIS.ROFST.SEC.BEST,10.43805027008057,10.22087001800537,9.536529541015623,8.97428035736084,9.167180061340332,9.153619766235352,9.822919845581056,9.417690277099608,9.759750366210938,11.05603981018066,11.01424026489258,8.746089935302734,9.913140296936035,11.55949020385742,
Iceland,ISL,Secondary BEST source flag (2T3 / missing) [STRICT],UIS.SEC.SOURCE,2T3,2T3,2T3,2T3,2T3,2T3,2T3,2T3,2T3,2T3,2T3,2T3,2T3,2T3,missing
Israel,ISR,"In-school proxy (100 - ROFST.1.CP), primary age (%)",SE.PRM.TENR,98.02040004730225,98.2138899564743,98.2863199710846,98.0903799533844,97.65951991081238,97.45111989974976,97.40089988708496,96.8032500743866,96.6035099029541,96.28822994232178,96.17306995391846,96.36968994140625,96.34393000602722,96.15090990066528,
Israel,ISR,"In-school proxy (100 - ROFST.2T3.CP), secondary age BEST (%) [STRICT]",SE.SEC.NENR,95.56697988510132,95.86241006851196,96.0418701171875,96.01212000846863,96.22265005111694,96.32445001602173,96.56659007072449,96.22024989128113,95.925039768219,95.95168018341064,95.981210231781,96.20342993736267,96.21237993240356,95.9699501991272,
Israel,ISR,"In-school proxy, primary age, female (%)",UIS.INS.PRM.F,97.92587995529175,98.14370000362396,98.23682999610901,97.92992997169495,97.58583998680115,97.3340699672699,97.45792007446289,96.83139991760254,96.6300299167633,96.44051003456116,96.39070010185242,96.51961994171143,96.53076004981995,96.32452988624573,
Israel,ISR,"In-school proxy, primary age, male (%)",UIS.INS.PRM.M,98.11035001277924,98.28067994117737,98.33336997032166,98.24307000637054,97.72964000701904,97.56251001358032,97.34664011001587,96.77646994590759,96.57825994491577,96.14305996894836,95.96586990356445,96.22730994224548,96.1667799949646,95.98638010025024,
Israel,ISR,"In-school proxy, secondary BEST (2T3), female (%) [STRICT]",UIS.INS.SEC.F,96.5716700553894,96.74078011512756,96.84026002883911,96.70328998565674,96.80532002449036,96.63161993026733,97.15929007530212,96.88838005065918,96.57154989242554,96.64966988563538,96.59895992279053,96.64828991889954,96.59433007240295,96.27240991592407,
Israel,ISR,"In-school proxy, secondary BEST (2T3), male (%) [STRICT]",UIS.INS.SEC.M,94.6113600730896,95.02676010131836,95.28156995773315,95.35481977462769,95.6683201789856,96.03171992301941,96.00147008895874,95.58373022079468,95.30968999862671,95.2871298789978,95.39314985275269,95.77997016906738,95.84878015518188,95.68214988708496,
Israel,ISR,"PTR secondary source flag (2T3 / avg(2,3) / only2 / only3 / missing)",UIS.PTR.SEC.SOURCE,missing,missing,missing,missing,missing,missing,missing,missing,missing,missing,missing,missing,missing,missing,missing
Israel,ISR,"Out-of-school rate, primary age (%) (ROFST.1.CP)",UIS.ROFST.1.CP,1.979599952697754,1.786110043525696,1.713680028915405,1.909620046615601,2.340480089187622,2.548880100250244,2.599100112915039,3.196749925613403,3.396490097045898,3.711770057678223,3.826930046081543,3.63031005859375,3.656069993972778,3.849090099334717,
Israel,ISR,"Out-of-school rate, secondary age BEST (%) (ROFST.2T3.CP) [STRICT]",UIS.ROFST.SEC.BEST,4.433020114898682,4.137589931488037,3.9581298828125,3.987879991531372,3.777349948883057,3.675549983978271,3.433409929275513,3.779750108718872,4.074960231781006,4.048319816589355,4.018789768218994,3.796570062637329,3.787620067596436,4.030049800872803,
Israel,ISR,Secondary BEST source flag (2T3 / missing) [STRICT],UIS.SEC.SOURCE,2T3,2T3,2T3,2T3,2T3,2T3,2T3,2T3,2T3,2T3,2T3,2T3,2T3,2T3,missing
Italy,ITA,"In-school proxy (100 - ROFST.1.CP), primary age (%)",SE.PRM.TENR,99.78312000632286,99.70710998773575,99.66350999474525,99.11467999219894,98.76915001869202,98.50566005706787,98.33508002758026,98.36205995082855,98.42895996570587,98.40304005146027,98.51715004444122,97.8941900730133,97.49290990829468,97.94384002685547,
Italy,ITA,"In-school proxy (100 - ROFST.2T3.CP), secondary age BEST (%) [STRICT]",SE.SEC.NENR,95.70187997817993,93.32425022125244,93.16860008239746,94.92160987854004,95.0292501449585,95.26002979278564,95.12025022506714,95.85371017456055,95.997230052948,96.02800989151001,96.0061399936676,96.15842008590698,95.92494010925293,95.7169098854065,
Italy,ITA,"In-school proxy, primary age, female (%)",UIS.INS.PRM.F,,,99.5620099902153,99.13674998283386,98.76023995876312,98.47418999671936,98.27555000782013,98.23582994937897,98.26645004749298,98.24528002738953,98.37899994850159,97.81715989112854,97.40750002861023,97.83528995513916,
Italy,ITA,"In-school proxy, primary age, male (%)",UIS.INS.PRM.M,,,99.75906999409199,99.09390997886658,98.7775399684906,98.53529000282288,98.39110994338989,98.48100996017456,98.58229994773865,98.55194997787476,98.64748001098633,97.96686005592346,97.57357001304626,98.04644000530243,
Italy,ITA,"In-school proxy, secondary BEST (2T3), female (%) [STRICT]",UIS.INS.SEC.F,96.16284990310669,93.89442014694214,93.74707984924316,95.28083992004395,95.2618899345398,95.46124982833862,95.51375007629395,95.85735988616943,96.11080002784729,96.22416996955872,96.25463008880615,96.3150999546051,96.01297998428345,95.80487012863159,
Italy,ITA,"In-school proxy, secondary BEST (2T3), male (%) [STRICT]",UIS.INS.SEC.M,95.26865005493164,92.7888298034668,92.62614011764526,94.58474016189575,94.81101989746094,95.07122993469238,94.75103998184204,95.85028982162476,95.89102983474731,95.84424018859863,95.77279996871948,96.01127004623413,95.8422999382019,95.63443994522095,
Italy,ITA,"PTR secondary source flag (2T3 / avg(2,3) / only2 / only3 / missing)",UIS.PTR.SEC.SOURCE,missing,missing,missing,missing,missing,missing,missing,missing,missing,missing,missing,missing,missing,missing,missing
Italy,ITA,"Out-of-school rate, primary age (%) (ROFST.1.CP)",UIS.ROFST.1.CP,0.2168799936771393,0.2928900122642517,0.3364900052547455,0.8853200078010559,1.230849981307983,1.494339942932129,1.664919972419739,1.637940049171448,1.571040034294128,1.596959948539734,1.482849955558777,2.105809926986694,2.507090091705322,2.056159973144531,
Italy,ITA,"Out-of-school rate, secondary age BEST (%) (ROFST.2T3.CP) [STRICT]",UIS.ROFST.SEC.BEST,4.298120021820068,6.675749778747559,6.831399917602539,5.078390121459961,4.970749855041504,4.739970207214355,4.879749774932861,4.146289825439453,4.002769947052002,3.97199010848999,3.993860006332397,3.841579914093018,4.07505989074707,4.283090114593506,
Italy,ITA,Secondary BEST source flag (2T3 / missing) [STRICT],UIS.SEC.SOURCE,2T3,2T3,2T3,2T3,2T3,2T3,2T3,2T3,2T3,2T3,2T3,2T3,2T3,2T3,missing
Jamaica,JAM,"In-school proxy (100 - ROFST.1.CP), primary age (%)",SE.PRM.TENR,,,,91.22885733067605,89.31279386639933,89.51102767978193,88.90327611956769,89.49458382480617,89.63019665595505,90.79705441637219,87.42278003692627,84.98155719397067,93.25243546616156,87.59281566314881,
Jamaica,JAM,"In-school proxy (100 - ROFST.2T3.CP), secondary age BEST (%) [STRICT]",SE.SEC.NENR,,,,81.58339061052506,82.35173863570616,81.70305087972585,84.56399793954094,81.35915036591557,80.81354799640836,80.33819572538204,,78.23521670468503,44.53006699527753,80.1570937199497,
Jamaica,JAM,"In-school proxy, primary age, female (%)",UIS.INS.PRM.F,,,,90.7303470192301,89.34903166484685,93.02562151006637,89.20223995687783,89.49971602215888,90.18470909306649,91.00564492446243,88.24647998809814,84.57932994290566,92.34668424616042,88.00867702784338,
Jamaica,JAM,"In-school proxy, primary age, male (%)",UIS.INS.PRM.M,,,,91.71054971208163,89.27778240470836,86.11539277381037,88.61447003008563,89.48962741398117,89.0948387786586,90.59571988724942,86.62790012359619,85.36964590229712,94.12629244772194,87.19155700786011,
Jamaica,JAM,"In-school proxy, secondary BEST (2T3), female (%) [STRICT]",UIS.INS.SEC.F,,,,84.22144697539731,84.90908092072735,84.28897694350069,85.33135264504415,83.23156648161057,81.80713369083941,81.23337322324863,,80.06069531842728,44.18619535700245,80.30281643753116,
Jamaica,JAM,"In-school proxy, secondary BEST (2T3), male (%) [STRICT]",UIS.INS.SEC.M,,,,79.03373906400358,79.88000060682374,79.20381246538908,83.82239166673314,79.5496972550038,79.85432508334839,79.47329457074173,,76.47099417726977,77.92267458297994,80.0163584314082,
Jamaica,JAM,"Pupil-teacher ratio, primary (trained) (ratio)",UIS.PTR.PRM.TRAINED,,,,30.50133958472873,23.08368019424211,23.23240203193033,23.53997768687244,,24.3380829015544,20.06389354014277,18.49658068355384,20.83590826216294,19.35124341985841,16.41594483222605,
Jamaica,JAM,"PTR secondary source flag (2T3 / avg(2,3) / only2 / only3 / missing)",UIS.PTR.SEC.SOURCE,missing,missing,missing,missing,2T3,2T3,2T3,2T3,2T3,2T3,2T3,missing,missing,2T3,missing
Jamaica,JAM,"Pupil-teacher ratio, secondary (trained) BEST (ratio)",UIS.PTR.SEC.TRAINED,,,,,19.67835486422357,19.27969897867766,18.10698179388675,15.49229484551735,16.69827657980185,15.64536543953075,14.62529906614185,,,14.7297943567671,
Jamaica,JAM,"Out-of-school rate, primary age (%) (ROFST.1.CP)",UIS.ROFST.1.CP,,,,8.771142669323956,10.68720613360067,10.48897232021807,11.0967238804323,10.50541617519383,10.36980334404495,9.202945583627812,12.57721996307373,15.01844280602933,6.747564533838435,12.40718433685119,
Jamaica,JAM,"Out-of-school rate, secondary age BEST (%) (ROFST.2T3.CP) [STRICT]",UIS.ROFST.SEC.BEST,,,,18.41660938947494,17.64826136429384,18.29694912027415,15.43600206045906,18.64084963408443,19.18645200359164,19.66180427461797,,21.76478329531497,55.46993300472247,19.8429062800503,
Jamaica,JAM,Secondary BEST source flag (2T3 / missing) [STRICT],UIS.SEC.SOURCE,missing,missing,missing,2T3,2T3,2T3,2T3,2T3,2T3,2T3,missing,2T3,2T3,2T3,missing
Jordan,JOR,"In-school proxy (100 - ROFST.1.CP), primary age (%)",SE.PRM.TENR,88.44705009460449,89.25014019012451,89.7043399810791,93.1423758443939,,,96.3119557858532,97.87725409270291,98.30857312292605,98.29752323929037,98.41962456198313,97.44796241365245,98.1120874531981,97.26614059492594,98.11379927523812
Jordan,JOR,"In-school proxy (100 - ROFST.2T3.CP), secondary age BEST (%) [STRICT]",SE.SEC.NENR,,87.73134994506836,,86.93322641349577,88.549880027771,,,88.82869651639392,90.08599324241364,89.64601408462815,89.3501074426998,89.85585142576149,90.00600165619977,91.47900527208353,95.77098237522443
Jordan,JOR,"In-school proxy, primary age, female (%)",UIS.INS.PRM.F,88.30881977081299,89.0328197479248,89.27995014190674,93.18701477095885,,,96.28493315972554,97.73201704792555,97.91114793714104,97.88585400763358,98.06421489880107,97.10170182722312,97.79907017708506,97.6773749837665,98.35913009404389
Jordan,JOR,"In-school proxy, primary age, male (%)",UIS.INS.PRM.M,88.57868957519531,89.45718002319336,90.10881042480469,93.09981848171141,,,96.33803855084214,98.01763773459325,98.69274544038802,98.69510346171111,98.76270536673309,97.78116226644723,98.41308407322305,96.87689902510219,97.88092835519677
Jordan,JOR,"In-school proxy, secondary BEST (2T3), female (%) [STRICT]",UIS.INS.SEC.F,,90.53085041046143,,89.43235702948628,91.45697975158691,,,91.06136468660229,92.51751780851227,92.49314072701645,92.01338468337647,92.46991149398623,92.49526564715511,92.54256823239689,96.34948062523586
Jordan,JOR,"In-school proxy, secondary BEST (2T3), male (%) [STRICT]",UIS.INS.SEC.M,,85.10068988800049,,84.58739239768381,85.80245971679688,,,86.69583856698159,87.76058521439549,86.96495131083016,86.82262197447969,87.39651690131467,87.68133973673078,90.44548482938687,95.20514559403213
Jordan,JOR,"Pupil-teacher ratio, primary (trained) (ratio)",UIS.PTR.PRM.TRAINED,,,,,16.90870810754841,,18.36314334697876,21.0390319023537,18.53699284009546,16.37526585494669,17.21837639504663,18.25090646584962,19.09134228072882,17.53516746791058,17.33640517187791
Jordan,JOR,"PTR secondary source flag (2T3 / avg(2,3) / only2 / only3 / missing)",UIS.PTR.SEC.SOURCE,missing,missing,missing,only3,2T3,missing,missing,2T3,2T3,2T3,2T3,2T3,2T3,2T3,2T3
Jordan,JOR,"Pupil-teacher ratio, secondary (trained) BEST (ratio)",UIS.PTR.SEC.TRAINED,,,,9.372285285928465,14.59930232104925,,,11.43100480474188,12.26127049180328,14.40379127246312,13.31740196078431,15.37370878271762,15.13414149443561,13.81435096912251,14.06690666192151
Jordan,JOR,"Out-of-school rate, primary age (%) (ROFST.1.CP)",UIS.ROFST.1.CP,11.55294990539551,10.74985980987549,10.2956600189209,6.857624155606097,,,3.688044214146802,2.122745907297084,1.691426877073949,1.702476760709635,1.580375438016878,2.55203758634755,1.8879125468019,2.733859405074055,1.886200724761873
Jordan,JOR,"Out-of-school rate, secondary age BEST (%) (ROFST.2T3.CP) [STRICT]",UIS.ROFST.SEC.BEST,,12.26865005493164,,13.06677358650423,11.450119972229,,,11.17130348360608,9.914006757586368,10.35398591537185,10.64989255730021,10.14414857423852,9.993998343800234,8.520994727916472,4.229017624775572
Jordan,JOR,Secondary BEST source flag (2T3 / missing) [STRICT],UIS.SEC.SOURCE,missing,2T3,missing,2T3,2T3,missing,missing,2T3,2T3,2T3,2T3,2T3,2T3,2T3,2T3
Japan,JPN,"In-school proxy (100 - ROFST.1.CP), primary age (%)",SE.PRM.TENR,,,,99.96858000010252,99.89762999862432,99.85501000285149,99.90534999966621,99.94979999959469,99.9074999988079,99.91429000347853,99.86585000157356,99.96979000046849,99.90327999740839,99.93484000116587,
Japan,JPN,"In-school proxy (100 - ROFST.2T3.CP), secondary age BEST (%) [STRICT]",SE.SEC.NENR,,,,98.42260003089905,98.25952994823456,98.55060994625092,97.68686008453369,98.15991997718811,98.41110002994537,98.96312999725342,99.24190998077393,99.16482001543045,98.96823000907898,99.02126002311707,
Japan,JPN,"In-school proxy, secondary BEST (2T3), female (%) [STRICT]",UIS.INS.SEC.F,,,,98.88374996185303,98.66916000843048,98.9506299495697,98.33717000484467,98.68485999107361,98.86312997341156,99.29728001356125,99.54471999406815,99.62494999170303,99.39108002185822,99.38862997293472,
Japan,JPN,"In-school proxy, secondary BEST (2T3), male (%) [STRICT]",UIS.INS.SEC.M,,,,97.98371005058289,97.86948990821838,98.16969001293182,97.07088994979858,97.66177010536194,97.98155999183655,98.64493000507355,98.95352005958557,98.7281299829483,98.56651997566223,98.67216002941132,
Japan,JPN,"PTR secondary source flag (2T3 / avg(2,3) / only2 / only3 / missing)",UIS.PTR.SEC.SOURCE,missing,missing,missing,missing,missing,missing,missing,missing,missing,missing,missing,missing,missing,missing,missing
Japan,JPN,"Out-of-school rate, primary age (%) (ROFST.1.CP)",UIS.ROFST.1.CP,,,,0.03141999989748,0.1023700013756752,0.1449899971485138,0.094650000333786,0.0502000004053116,0.0925000011920929,0.0857099965214729,0.1341499984264374,0.0302099995315075,0.09672000259161,0.0651599988341331,
Japan,JPN,"Out-of-school rate, secondary age BEST (%) (ROFST.2T3.CP) [STRICT]",UIS.ROFST.SEC.BEST,,,,1.577399969100952,1.740470051765442,1.449390053749084,2.313139915466309,1.84008002281189,1.588899970054626,1.036870002746582,0.7580900192260742,0.8351799845695496,1.031769990921021,0.9787399768829346,
Japan,JPN,Secondary BEST source flag (2T3 / missing) [STRICT],UIS.SEC.SOURCE,missing,missing,missing,2T3,2T3,2T3,2T3,2T3,2T3,2T3,2T3,2T3,2T3,2T3,missing
Kazakhstan,KAZ,"In-school proxy (100 - ROFST.1.CP), primary age (%)",SE.PRM.TENR,91.90661246149108,92.45662384348516,92.40632903946826,91.77540703640186,91.54691868776963,91.6477340477118,91.49161389639296,94.20125120017912,94.94919840525783,96.0327019283754,89.15968387098462,89.02957908251184,89.62879455305627,94.13670331882344,93.59801946397445
Kazakhstan,KAZ,"In-school proxy (100 - ROFST.2T3.CP), secondary age BEST (%) [STRICT]",SE.SEC.NENR,98.39684549708271,99.00325228484267,98.13442638028633,96.97902539818577,96.67530247567909,94.72152480659959,92.63746838055718,90.73396194360426,91.67392476679333,92.58407051272417,95.10962164500866,96.52148988871757,95.85638079880074,96.16884423560876,96.60028515817731
Kazakhstan,KAZ,"In-school proxy, primary age, female (%)",UIS.INS.PRM.F,91.98689657351717,92.49461936051915,92.34482089117562,91.77682929964848,91.44242533160991,91.44029931006163,91.38156791363873,94.66279641722113,95.59188385685992,96.58052597019577,88.97076444607482,88.53609357862035,89.20505889292961,93.28492532689486,92.77291201194313
Kazakhstan,KAZ,"In-school proxy, primary age, male (%)",UIS.INS.PRM.M,91.82980850231965,92.42028482653495,92.46510281774803,91.77404933466576,91.6465515394869,91.84531237389258,91.59632124944002,93.76263092778888,94.33910058887282,95.51220453551126,89.3401171005405,89.5044889022605,90.03753027997014,94.9595711999525,94.3957537165395
Kazakhstan,KAZ,"In-school proxy, secondary BEST (2T3), female (%) [STRICT]",UIS.INS.SEC.F,97.36461997032166,98.01954996585846,97.4765100479126,96.82270002365112,96.81862998008728,95.94620990753174,93.13850078265406,91.02166352249054,91.85325832311389,92.8103663626463,94.6634158420911,96.0967919720568,95.39953911656318,95.74750618021119,96.06649647246842
Kazakhstan,KAZ,"In-school proxy, secondary BEST (2T3), male (%) [STRICT]",UIS.INS.SEC.M,99.42817002534866,99.97866000048816,98.7819299697876,97.13168001174927,96.53643989562988,93.5432801246643,92.15792680287781,90.45887951033475,91.50255135604854,92.36792925929119,95.53523858235833,96.92686071982135,96.2925677588411,96.57160060966048,97.11130172403304
Kazakhstan,KAZ,"Pupil-teacher ratio, primary (trained) (ratio)",UIS.PTR.PRM.TRAINED,,,,,16.85664934362702,16.20040093732645,18.55109738869551,20.7555541954832,19.63913122374059,17.21456841311723,16.80319166657412,16.0774816360513,14.73989598108747,13.97149782904025,13.77332746866066
Kazakhstan,KAZ,"PTR secondary source flag (2T3 / avg(2,3) / only2 / only3 / missing)",UIS.PTR.SEC.SOURCE,missing,missing,missing,missing,missing,2T3,2T3,2T3,2T3,2T3,2T3,2T3,2T3,2T3,2T3
Kazakhstan,KAZ,"Pupil-teacher ratio, secondary (trained) BEST (ratio)",UIS.PTR.SEC.TRAINED,,,,,,7.506678467975539,6.787417906659475,6.585923316371228,6.958980613685967,7.675666094410343,8.276472585507934,8.305182112707488,8.340749678904686,9.4520102161788,9.942927428296644
Kazakhstan,KAZ,"Out-of-school rate, primary age (%) (ROFST.1.CP)",UIS.ROFST.1.CP,8.09338753850892,7.543376156514843,7.593670960531733,8.224592963598138,8.453081312230362,8.35226595228821,8.508386103607034,5.798748799820888,5.05080159474217,3.967298071624597,10.84031612901538,10.97042091748816,10.37120544694373,5.86329668117656,6.401980536025547
Kazakhstan,KAZ,"Out-of-school rate, secondary age BEST (%) (ROFST.2T3.CP) [STRICT]",UIS.ROFST.SEC.BEST,1.603154502917286,0.9967477151573312,1.865573619713667,3.020974601814224,3.324697524320905,5.278475193400413,7.362531619442818,9.266038056395749,8.32607523320667,7.415929487275828,4.89037835499134,3.478510111282437,4.143619201199261,3.831155764391236,3.399714841822681
Kazakhstan,KAZ,Secondary BEST source flag (2T3 / missing) [STRICT],UIS.SEC.SOURCE,2T3,2T3,2T3,2T3,2T3,2T3,2T3,2T3,2T3,2T3,2T3,2T3,2T3,2T3,2T3
Kenya,KEN,"In-school proxy (100 - ROFST.1.CP), primary age (%)",SE.PRM.TENR,,,82.71817016601562,,,,,,,,,63.71978090093859,67.10175240207468,94.27219528449756,
Kenya,KEN,"In-school proxy, primary age, female (%)",UIS.INS.PRM.F,,,84.16180038452148,,,,,,,,,65.93253327450907,68.06994250663244,99.56950790465555,
Kenya,KEN,"In-school proxy, primary age, male (%)",UIS.INS.PRM.M,,,81.2822208404541,,,,,,,,,61.53618385367945,66.14670625692298,90.61796971834113,
Kenya,KEN,"Pupil-teacher ratio, primary (trained) (ratio)",UIS.PTR.PRM.TRAINED,,,,,,,,,,22.79325026477215,27.8075539239859,27.13570385007515,28.59762791436489,28.57328596802842,
Kenya,KEN,"PTR secondary source flag (2T3 / avg(2,3) / only2 / only3 / missing)",UIS.PTR.SEC.SOURCE,missing,missing,missing,missing,missing,missing,missing,missing,missing,only3,missing,only3,only3,2T3,missing
Kenya,KEN,"Pupil-teacher ratio, secondary (trained) BEST (ratio)",UIS.PTR.SEC.TRAINED,,,,,,,,,,25.5700956937799,,26.77804850365101,27.41523824787103,40.00860471745172,
Kenya,KEN,"Out-of-school rate, primary age (%) (ROFST.1.CP)",UIS.ROFST.1.CP,,,17.28182983398438,,,,,,,,,36.28021909906141,32.89824759792531,5.727804715502448,
Kenya,KEN,Secondary BEST source flag (2T3 / missing) [STRICT],UIS.SEC.SOURCE,missing,missing,missing,missing,missing,missing,missing,missing,missing,missing,missing,missing,missing,missing,missing
Kyrgyzstan,KGZ,"In-school proxy (100 - ROFST.1.CP), primary age (%)",SE.PRM.TENR,94.67811805477078,93.96246804380563,94.20985471671464,94.45105630324441,95.39473684210526,95.04438014534688,97.24206618871258,97.29131038367905,97.70274914738285,97.22234188439198,94.73872182369207,95.66925977760928,96.46153413945311,,97.01813959776376
Kyrgyzstan,KGZ,"In-school proxy (100 - ROFST.2T3.CP), secondary age BEST (%) [STRICT]",SE.SEC.NENR,81.39547539257474,80.61525990161314,79.95360752173907,80.09619221188169,82.32911301928625,83.10734299236375,83.92513263981475,84.57631875063005,86.2704019028052,86.48688770536815,86.8344163639994,87.18000999687334,86.81479001784628,86.63815804476317,84.81624100965766
Kyrgyzstan,KGZ,"In-school proxy, primary age, female (%)",UIS.INS.PRM.F,94.30773640141666,93.74974503324766,93.8561331883043,94.03228514547504,95.05571192091365,94.59348098658006,96.74405117418439,97.03352584061055,97.4882654479202,96.87694088679002,94.96069481646522,96.09931756079476,96.64001196233225,,97.05579710381639
Kyrgyzstan,KGZ,"In-school proxy, primary age, male (%)",UIS.INS.PRM.M,95.03493296912981,94.16729679567126,94.55011060308541,94.85388104675899,95.72081614449772,95.47875745857769,97.72183354041411,97.5388049342209,97.90817873278074,97.55209301836018,94.52800477382354,95.2617918544972,96.29259097225797,,96.98240589198036
Kyrgyzstan,KGZ,"In-school proxy, secondary BEST (2T3), female (%) [STRICT]",UIS.INS.SEC.F,82.42467277453358,81.65701085362277,80.68953899713628,81.43253014359837,82.2081463148622,84.49159791551769,84.15671706398366,84.73050235914516,86.23944552930499,86.59431828826055,87.17772926552041,88.30732249788404,87.87371888640811,87.99827000475076,84.34880471903136
Kyrgyzstan,KGZ,"In-school proxy, secondary BEST (2T3), male (%) [STRICT]",UIS.INS.SEC.M,80.3919314120029,79.60289038379797,79.24066437334218,78.8030057478429,82.44604355442141,81.7700673873864,83.70165240158212,84.42769005206466,86.3002404489795,86.38330593824105,86.504144464914,86.10599116291264,85.81851545368943,85.35943553841065,85.25635430220922
Kyrgyzstan,KGZ,"Pupil-teacher ratio, primary (trained) (ratio)",UIS.PTR.PRM.TRAINED,35.49659307713274,35.76971637694419,33.20645584138948,26.63937448350391,27.2025284766554,28.23074516673966,26.35177040100098,26.10656036683862,26.02407325358145,26.59766454352442,26.79063269558629,25.92349505840072,26.07429182255478,24.96166646123505,24.48943230750998
Kyrgyzstan,KGZ,"PTR secondary source flag (2T3 / avg(2,3) / only2 / only3 / missing)",UIS.PTR.SEC.SOURCE,2T3,2T3,2T3,2T3,missing,2T3,2T3,2T3,missing,missing,missing,missing,missing,missing,missing
Kyrgyzstan,KGZ,"Pupil-teacher ratio, secondary (trained) BEST (ratio)",UIS.PTR.SEC.TRAINED,18.76003570655702,18.56398532471799,16.18477677482313,14.48688983917236,,13.25082379108658,13.08502006530762,13.95983982086182,,,,,,,
Kyrgyzstan,KGZ,"Out-of-school rate, primary age (%) (ROFST.1.CP)",UIS.ROFST.1.CP,5.321881945229216,6.037531956194374,5.79014528328536,5.54894369675559,4.605263157894736,4.955619854653122,2.757933811287418,2.708689616320946,2.297250852617148,2.777658115608015,5.261278176307922,4.330740222390717,3.538465860546899,,2.981860402236236
Kyrgyzstan,KGZ,"Out-of-school rate, secondary age BEST (%) (ROFST.2T3.CP) [STRICT]",UIS.ROFST.SEC.BEST,18.60452460742526,19.38474009838685,20.04639247826093,19.90380778811832,17.67088698071375,16.89265700763625,16.07486736018525,15.42368124936995,13.72959809719479,13.51311229463185,13.1655836360006,12.81999000312666,13.18520998215372,13.36184195523683,15.18375899034234
Kyrgyzstan,KGZ,Secondary BEST source flag (2T3 / missing) [STRICT],UIS.SEC.SOURCE,2T3,2T3,2T3,2T3,2T3,2T3,2T3,2T3,2T3,2T3,2T3,2T3,2T3,2T3,2T3
Cambodia,KHM,"In-school proxy (100 - ROFST.1.CP), primary age (%)",SE.PRM.TENR,93.25656986236572,98.63933002948761,97.42574000358582,,91.27742004394531,91.70946025848389,89.91164016723633,88.56507968902588,89.0751895904541,90.69511985778809,90.56614017486572,88.95215386189584,84.26028934045307,92.21337231249817,96.30924561461676
Cambodia,KHM,"In-school proxy (100 - ROFST.2T3.CP), secondary age BEST (%) [STRICT]",SE.SEC.NENR,,,,,,,,,,,62.28055953979492,65.41777262269105,72.19140125430707,67.74573654641748,66.73222168167456
Cambodia,KHM,"In-school proxy, primary age, female (%)",UIS.INS.PRM.F,93.09150981903076,,96.1301999092102,,91.03238010406494,93.41360998153687,89.95024967193604,88.12366962432861,88.79034996032715,90.4636697769165,90.10824966430664,89.07504500110007,85.05879484666683,91.62477523839362,95.39534500109117
Cambodia,KHM,"In-school proxy, primary age, male (%)",UIS.INS.PRM.M,93.41406011581421,,98.66904997825623,,91.5128402709961,90.07248020172119,89.87458038330078,88.98853015899658,89.34745025634766,90.91617012023926,91.00473976135254,88.83417641759577,83.49275029994732,92.77913700973144,97.18685382080668
Cambodia,KHM,"In-school proxy, secondary BEST (2T3), female (%) [STRICT]",UIS.INS.SEC.F,,,,,,,,,,,63.49365997314453,69.0821028657802,76.25496469976832,67.66908199320179,70.25817328229894
Cambodia,KHM,"In-school proxy, secondary BEST (2T3), male (%) [STRICT]",UIS.INS.SEC.M,,,,,,,,,,,61.11598968505859,61.91212282673247,68.30040132246884,67.81926681473189,63.34143663212301
Cambodia,KHM,"Pupil-teacher ratio, primary (trained) (ratio)",UIS.PTR.PRM.TRAINED,48.91151809692383,48.69099151148838,47.29918756623101,48.46975914362176,46.19247132197349,45.42976158222704,44.79709918902059,43.94924905996653,44.26949766508096,41.93925857543945,42.05889129638672,47.52545961002785,47.9475945778329,48.95407476025647,49.23976442976356
Cambodia,KHM,"PTR secondary source flag (2T3 / avg(2,3) / only2 / only3 / missing)",UIS.PTR.SEC.SOURCE,only2,missing,only2,only2,only2,only2,only2,only2,only2,only2,only2,2T3,only2,only2,only2
Cambodia,KHM,"Pupil-teacher ratio, secondary (trained) BEST (ratio)",UIS.PTR.SEC.TRAINED,23.96442031860352,,20.16036987304688,20.07370948791504,19.79560089111328,19.95643997192383,20.39485931396484,20.69475936889648,21.87195014953613,21.69169998168945,22.9157600402832,9.899694349187415,47.80875952121872,48.69405787559867,48.17933604336044
Cambodia,KHM,"Out-of-school rate, primary age (%) (ROFST.1.CP)",UIS.ROFST.1.CP,6.743430137634277,1.36066997051239,2.574259996414185,,8.722579956054688,8.290539741516113,10.08835983276367,11.43492031097412,10.9248104095459,9.304880142211914,9.433859825134276,11.04784613810416,15.73971065954693,7.786627687501828,3.69075438538324
Cambodia,KHM,"Out-of-school rate, secondary age BEST (%) (ROFST.2T3.CP) [STRICT]",UIS.ROFST.SEC.BEST,,,,,,,,,,,37.71944046020508,34.58222737730895,27.80859874569294,32.25426345358252,33.26777831832544
Cambodia,KHM,Secondary BEST source flag (2T3 / missing) [STRICT],UIS.SEC.SOURCE,missing,missing,missing,missing,missing,missing,missing,missing,missing,missing,2T3,2T3,2T3,2T3,2T3
Saint Kitts and Nevis,KNA,"In-school proxy (100 - ROFST.2T3.CP), secondary age BEST (%) [STRICT]",SE.SEC.NENR,94.31832981109619,96.96843004226685,85.56365013122559,,,,,,,,88.75849621234995,,,,
Saint Kitts and Nevis,KNA,"In-school proxy, secondary BEST (2T3), female (%) [STRICT]",UIS.INS.SEC.F,,97.55641007423401,85.7926197052002,,,,,,,,,,,,
Saint Kitts and Nevis,KNA,"In-school proxy, secondary BEST (2T3), male (%) [STRICT]",UIS.INS.SEC.M,,96.373850107193,85.3313102722168,,,,,,,,,,,,
Saint Kitts and Nevis,KNA,"Pupil-teacher ratio, primary (trained) (ratio)",UIS.PTR.PRM.TRAINED,22.91209030151367,20.52396965026855,23.34136962890625,22.44577980041504,20.19342994689941,21.02308082580566,19.26501766784452,19.67647058823529,21.46899224806202,21.15686274509804,20.54901960784314,20.29433962264151,20.86475409836066,19.21052631578947,
Saint Kitts and Nevis,KNA,"PTR secondary source flag (2T3 / avg(2,3) / only2 / only3 / missing)",UIS.PTR.SEC.SOURCE,2T3,2T3,2T3,missing,2T3,2T3,2T3,2T3,2T3,2T3,2T3,2T3,2T3,2T3,missing
Saint Kitts and Nevis,KNA,"Pupil-teacher ratio, secondary (trained) BEST (ratio)",UIS.PTR.SEC.TRAINED,19.67580032348633,16.52692031860352,15.43276977539063,,16.74329948425293,13.28615384615385,12.84615384615385,13.39403973509934,14.2593984962406,15.85774058577406,12.15862068965517,13.55555555555556,12.27814569536424,14.24817518248175,
Saint Kitts and Nevis,KNA,"Out-of-school rate, secondary age BEST (%) (ROFST.2T3.CP) [STRICT]",UIS.ROFST.SEC.BEST,5.681670188903809,3.031569957733154,14.43634986877441,,,,,,,,11.24150378765005,,,,
Saint Kitts and Nevis,KNA,Secondary BEST source flag (2T3 / missing) [STRICT],UIS.SEC.SOURCE,2T3,2T3,2T3,missing,missing,missing,missing,missing,missing,missing,2T3,missing,missing,missing,missing
Republic of Korea,KOR,"In-school proxy (100 - ROFST.1.CP), primary age (%)",SE.PRM.TENR,99.9426200017333,99.01362997293472,98.76873004436493,97.63720989227295,97.05445003509521,99.83680999279022,99.27798998355865,98.11073994636536,98.13696002960205,99.09290999174118,98.61575996875763,98.48626005649567,98.89652001857758,99.99328000005335,
Republic of Korea,KOR,"In-school proxy (100 - ROFST.2T3.CP), secondary age BEST (%) [STRICT]",SE.SEC.NENR,96.98725008964539,97.80681991577148,97.98294997215271,98.13659000396729,98.45322000980377,97.14223003387451,97.17709994316101,97.57259011268616,96.78206992149353,96.26191997528076,95.19886016845703,97.87331008911133,97.62947988510132,96.34952998161316,
Republic of Korea,KOR,"In-school proxy, primary age, female (%)",UIS.INS.PRM.F,,98.96531999111176,98.69080996513367,97.53257989883423,96.94232988357544,99.81100000441074,99.26976001262665,98.05027997493744,98.10760998725891,99.05689001083374,98.54978001117706,98.38938999176025,98.78999996185303,,
Republic of Korea,KOR,"In-school proxy, primary age, male (%)",UIS.INS.PRM.M,,99.05804002285004,98.84061002731323,97.73412990570068,97.15880990028381,99.8609099984169,99.28569000959396,98.16753995418549,98.16459000110626,99.12692999839783,98.67817997932434,98.57808005809784,98.99776995182037,,
Republic of Korea,KOR,"In-school proxy, secondary BEST (2T3), female (%) [STRICT]",UIS.INS.SEC.F,97.02090001106262,97.84330010414124,97.98554992675781,97.95444989204407,98.30221998691559,97.01258993148804,97.04146003723145,97.35692000389099,96.49694991111755,95.98710012435913,94.89765977859497,97.59138989448547,97.39231991767883,96.06422996520996,
Republic of Korea,KOR,"In-school proxy, secondary BEST (2T3), male (%) [STRICT]",UIS.INS.SEC.M,96.957279920578,97.77414989471436,97.98060011863708,98.30252003669739,98.59157001972198,97.26116991043091,97.30156993865967,97.77121996879578,97.04551005363464,96.51691007614136,95.47962999343872,98.13719999790192,97.85196995735168,96.61781001091003,
Republic of Korea,KOR,"Pupil-teacher ratio, primary (trained) (ratio)",UIS.PTR.PRM.TRAINED,20.91797065734863,19.04940986633301,17.87581062316895,16.85166931152344,16.50455093383789,16.55423927307129,16.30702972412109,16.28668975830078,16.39777946472168,16.5297908782959,16.23953056335449,16.0517406463623,15.77906036376953,15.22138023376465,
Republic of Korea,KOR,"PTR secondary source flag (2T3 / avg(2,3) / only2 / only3 / missing)",UIS.PTR.SEC.SOURCE,2T3,2T3,2T3,2T3,2T3,2T3,2T3,2T3,2T3,2T3,2T3,2T3,2T3,2T3,missing
Republic of Korea,KOR,"Pupil-teacher ratio, secondary (trained) BEST (ratio)",UIS.PTR.SEC.TRAINED,17.63652038574219,16.20529937744141,15.97947025299072,15.61104965209961,14.91446018218994,14.40723991394043,13.84298038482666,13.26543998718262,12.56394004821777,11.91040992736816,11.77184009552002,11.75271987915039,11.49339962005615,11.23371028900146,
Republic of Korea,KOR,"Out-of-school rate, primary age (%) (ROFST.1.CP)",UIS.ROFST.1.CP,0.0573799982666969,0.9863700270652772,1.231269955635071,2.362790107727051,2.945549964904785,0.1631900072097778,0.7220100164413452,1.889260053634644,1.863039970397949,0.9070900082588196,1.384240031242371,1.513739943504333,1.103479981422424,0.0067199999466538,
Republic of Korea,KOR,"Out-of-school rate, secondary age BEST (%) (ROFST.2T3.CP) [STRICT]",UIS.ROFST.SEC.BEST,3.012749910354614,2.193180084228516,2.01705002784729,1.863409996032715,1.546779990196228,2.857769966125488,2.822900056838989,2.427409887313843,3.21793007850647,3.738080024719238,4.801139831542969,2.126689910888672,2.370520114898682,3.650470018386841,
Republic of Korea,KOR,Secondary BEST source flag (2T3 / missing) [STRICT],UIS.SEC.SOURCE,2T3,2T3,2T3,2T3,2T3,2T3,2T3,2T3,2T3,2T3,2T3,2T3,2T3,2T3,missing
Kuwait,KWT,"In-school proxy (100 - ROFST.1.CP), primary age (%)",SE.PRM.TENR,99.51932062057055,99.9324545160631,98.73453182758837,98.22052206344516,97.973305625584,96.94756940889407,92.53441506720894,,,,,,,,
Kuwait,KWT,"In-school proxy (100 - ROFST.2T3.CP), secondary age BEST (%) [STRICT]",SE.SEC.NENR,90.18240545782487,88.71373445240711,89.78572996864956,87.05371844127333,84.54735540885301,85.21884958295566,83.55067817059569,82.7961669911822,81.34915016169866,79.73111630745302,81.16860381842584,75.6207789569898,,,
Kuwait,KWT,"In-school proxy, primary age, female (%)",UIS.INS.PRM.F,,,,99.91543997100798,,,97.90978510454889,,,,,,,,
Kuwait,KWT,"In-school proxy, primary age, male (%)",UIS.INS.PRM.M,,,,96.64079778036913,,,87.91850905636895,,,,,,,,
Kuwait,KWT,"In-school proxy, secondary BEST (2T3), female (%) [STRICT]",UIS.INS.SEC.F,93.59535808914293,91.24983863496571,93.55256129580728,90.50156111254333,88.12495704172107,88.58122748481263,87.79885646509769,88.11417607969202,87.83402997756993,87.86760932434146,88.89609738547828,82.78668603435315,,,
Kuwait,KWT,"In-school proxy, secondary BEST (2T3), male (%) [STRICT]",UIS.INS.SEC.M,87.03283148920733,86.36555389937284,86.33044870467752,83.88356290658169,81.26709436720907,82.1746430054339,79.76126131306278,78.2116020768068,75.9733365100247,73.14803507315048,74.85310492092489,69.77638256973351,,,
Kuwait,KWT,"Pupil-teacher ratio, primary (trained) (ratio)",UIS.PTR.PRM.TRAINED,,11.09123363744546,11.06264411990776,11.28526806526807,11.10654296016182,11.16136846578835,,,,,8.588583103736495,8.08715148557135,,,
Kuwait,KWT,"PTR secondary source flag (2T3 / avg(2,3) / only2 / only3 / missing)",UIS.PTR.SEC.SOURCE,missing,missing,only2,missing,missing,missing,missing,missing,missing,missing,missing,missing,missing,missing,missing
Kuwait,KWT,"Pupil-teacher ratio, secondary (trained) BEST (ratio)",UIS.PTR.SEC.TRAINED,,,10.20286013684275,,,,,,,,,,,,
Kuwait,KWT,"Out-of-school rate, primary age (%) (ROFST.1.CP)",UIS.ROFST.1.CP,0.4806793794294399,0.0675454839368903,1.265468172411636,1.779477936554847,2.026694374415992,3.052430591105928,7.465584932791057,,,,,,,,
Kuwait,KWT,"Out-of-school rate, secondary age BEST (%) (ROFST.2T3.CP) [STRICT]",UIS.ROFST.SEC.BEST,9.817594542175128,11.28626554759289,10.21427003135044,12.94628155872667,15.452644591147,14.78115041704434,16.44932182940431,17.2038330088178,18.65084983830134,20.26888369254697,18.83139618157416,24.37922104301021,,,
Kuwait,KWT,Secondary BEST source flag (2T3 / missing) [STRICT],UIS.SEC.SOURCE,2T3,2T3,2T3,2T3,2T3,2T3,2T3,2T3,2T3,2T3,2T3,2T3,missing,missing,missing
Lebanon,LBN,"In-school proxy (100 - ROFST.1.CP), primary age (%)",SE.PRM.TENR,76.16368868882657,76.90068521760439,78.20414801244965,80.31435775679606,73.72100579108658,70.72969688596092,73.71374278159072,75.26009439887567,74.70075887974605,74.06020985387842,73.19077228742779,71.99930216329379,72.80199212504616,74.3316513337133,77.48747908071624
Lebanon,LBN,"In-school proxy (100 - ROFST.2T3.CP), secondary age BEST (%) [STRICT]",SE.SEC.NENR,71.92000765970297,74.40059743730838,62.61333273289501,61.36594788793198,53.71590321770257,51.76232304216295,52.21150838992157,53.94988545922585,55.46370855113523,56.24564065146747,55.64575906251103,57.523532933369,62.44860156958817,56.61731092567196,56.81881338386228
Lebanon,LBN,"In-school proxy, primary age, female (%)",UIS.INS.PRM.F,75.73451598789923,76.48768357482446,77.73926476071621,79.78655282817503,73.22550230402507,70.07984789661563,73.35444723610028,75.12051947391183,74.61742495163203,74.01457978347523,73.10193003618818,71.79202510869533,72.5259217803133,74.21080432466101,77.6361980720319
Lebanon,LBN,"In-school proxy, primary age, male (%)",UIS.INS.PRM.M,76.57790642278653,77.29944719125723,78.6531387687457,80.82451092169318,74.20048123721011,71.35949494668435,74.05927333995766,75.39360498363529,74.78023057190642,74.10368435932486,73.27545813869925,72.19732998506466,73.06599986763771,74.44713860123659,77.34569120878463
Lebanon,LBN,"In-school proxy, secondary BEST (2T3), female (%) [STRICT]",UIS.INS.SEC.F,74.83021847854698,77.11011364721612,66.67610559868977,65.28957356219848,56.83325889873744,54.47127301083354,55.16030810079496,57.54287975504697,59.56605079072909,60.91092533871433,60.83375029803182,61.97968902556472,65.49594738457719,61.04922445840277,61.30164892730058
Lebanon,LBN,"In-school proxy, secondary BEST (2T3), male (%) [STRICT]",UIS.INS.SEC.M,69.12783398034433,71.79778868065773,58.7044161773098,57.58639017978351,50.71057726152763,49.14888916751748,49.39370176485014,50.56067017295872,51.64456854731833,51.94848900250701,50.8993993763345,53.41930274241599,59.61860975735501,52.46778186182582,52.59199928803453
Lebanon,LBN,"Pupil-teacher ratio, primary (trained) (ratio)",UIS.PTR.PRM.TRAINED,,,,,,,,,,,,61.09720723960206,41.46079604371062,35.51812699058074,27.04942965779468
Lebanon,LBN,"PTR secondary source flag (2T3 / avg(2,3) / only2 / only3 / missing)",UIS.PTR.SEC.SOURCE,missing,missing,missing,missing,missing,missing,missing,missing,missing,missing,missing,missing,missing,2T3,missing
Lebanon,LBN,"Pupil-teacher ratio, secondary (trained) BEST (ratio)",UIS.PTR.SEC.TRAINED,,,,,,,,,,,,,,21.13086985980091,
Lebanon,LBN,"Out-of-school rate, primary age (%) (ROFST.1.CP)",UIS.ROFST.1.CP,23.83631131117343,23.09931478239561,21.79585198755035,19.68564224320395,26.27899420891341,29.27030311403908,26.28625721840928,24.73990560112433,25.29924112025396,25.93979014612158,26.80922771257221,28.00069783670621,27.19800787495385,25.6683486662867,22.51252091928375
Lebanon,LBN,"Out-of-school rate, secondary age BEST (%) (ROFST.2T3.CP) [STRICT]",UIS.ROFST.SEC.BEST,28.07999234029703,25.59940256269162,37.38666726710499,38.63405211206802,46.28409678229743,48.23767695783705,47.78849161007843,46.05011454077415,44.53629144886477,43.75435934853253,44.35424093748897,42.476467066631,37.55139843041183,43.38268907432804,43.18118661613772
Lebanon,LBN,Secondary BEST source flag (2T3 / missing) [STRICT],UIS.SEC.SOURCE,2T3,2T3,2T3,2T3,2T3,2T3,2T3,2T3,2T3,2T3,2T3,2T3,2T3,2T3,2T3
Liberia,LBR,"In-school proxy (100 - ROFST.1.CP), primary age (%)",SE.PRM.TENR,,96.05132471349775,,,88.57242965698242,86.38612657175955,79.60673675259429,73.56244528029639,,,68.61214155612561,64.59359199305712,61.74602154182422,,
Liberia,LBR,"In-school proxy (100 - ROFST.2T3.CP), secondary age BEST (%) [STRICT]",SE.SEC.NENR,,,,,73.12285041809082,,68.49695635179559,66.11672918592808,,,60.19036102294922,56.24194320282933,54.68701363381685,,
Liberia,LBR,"In-school proxy, primary age, female (%)",UIS.INS.PRM.F,,93.28604887799767,,,87.1338701248169,83.17725965805516,79.27919996271189,73.30310093230645,,,69.83420321748552,64.5547017300113,62.71103412043676,,
Liberia,LBR,"In-school proxy, primary age, male (%)",UIS.INS.PRM.M,,98.774035397653,,,89.98311996459961,89.5290397303593,79.92723015995682,73.8160414400979,,,67.41903642330281,64.63155196719211,60.80423480829501,,
Liberia,LBR,"In-school proxy, secondary BEST (2T3), female (%) [STRICT]",UIS.INS.SEC.F,,,,,67.93352890014648,,67.06175333168147,64.77054705729842,,,60.94287872314453,56.91782980821298,55.34642977009565,,
Liberia,LBR,"In-school proxy, secondary BEST (2T3), male (%) [STRICT]",UIS.INS.SEC.M,,,,,78.25967025756836,,69.9122242703913,67.44200013212499,,,59.45254898071289,55.5798918063069,54.04159651788281,,
Liberia,LBR,"Pupil-teacher ratio, primary (trained) (ratio)",UIS.PTR.PRM.TRAINED,,47.60632366433764,,57.2841814837523,46.99257986946067,64.81098484848485,21.52359203522376,31.81207448938726,,,31.17440607522192,,24.56733215471519,,
Liberia,LBR,"PTR secondary source flag (2T3 / avg(2,3) / only2 / only3 / missing)",UIS.PTR.SEC.SOURCE,missing,only2,missing,missing,2T3,2T3,only2,only2,missing,missing,only2,missing,missing,missing,missing
Liberia,LBR,"Pupil-teacher ratio, secondary (trained) BEST (ratio)",UIS.PTR.SEC.TRAINED,,23.0432387312187,,,27.24080085754395,29.79534912109375,38.86402793946449,18.03212635650586,,,17.72773215413771,,,,
Liberia,LBR,"Out-of-school rate, primary age (%) (ROFST.1.CP)",UIS.ROFST.1.CP,,3.948675286502246,,,11.42757034301758,13.61387342824046,20.39326324740572,26.43755471970361,,,31.38785844387439,35.40640800694288,38.25397845817578,,
Liberia,LBR,"Out-of-school rate, secondary age BEST (%) (ROFST.2T3.CP) [STRICT]",UIS.ROFST.SEC.BEST,,,,,26.87714958190918,,31.50304364820441,33.88327081407191,,,39.80963897705078,43.75805679717067,45.31298636618315,,
Liberia,LBR,Secondary BEST source flag (2T3 / missing) [STRICT],UIS.SEC.SOURCE,missing,missing,missing,missing,2T3,missing,2T3,2T3,missing,missing,2T3,2T3,2T3,missing,missing
Saint Lucia,LCA,"In-school proxy (100 - ROFST.1.CP), primary age (%)",SE.PRM.TENR,94.21776008605957,93.17757987976074,92.6613302230835,93.30737018585205,91.91839981079102,93.26045989990234,91.894700050354,92.27794981002808,93.02184009552002,93.9971399307251,94.2066798210144,95.64566519135641,97.88365006446838,97.93673992156982,92.98757721811147
Saint Lucia,LCA,"In-school proxy (100 - ROFST.2T3.CP), secondary age BEST (%) [STRICT]",SE.SEC.NENR,89.33180046081543,88.6983995437622,88.92833995819092,87.80185985565186,,81.79628355127323,80.84910991805594,82.21510697132877,81.86126993680409,81.13514770876948,81.94697269489512,82.83468356461057,82.45825958251953,82.85456085205078,83.37990009313353
Saint Lucia,LCA,"In-school proxy, primary age, female (%)",UIS.INS.PRM.F,95.18804979324341,94.62739992141724,93.62467002868652,93.01723003387451,92.45674991607666,93.52434015274048,92.51805019378662,94.13701009750366,95.21250009536743,96.54644989967346,97.40597009658813,97.80452321121545,,98.10178995132446,93.5900962861073
Saint Lucia,LCA,"In-school proxy, primary age, male (%)",UIS.INS.PRM.M,93.2851300239563,91.78026008605957,91.73803997039795,93.58289003372192,91.40956974029541,93.01069021224976,91.30140972137451,90.50551986694336,90.93400001525879,91.56112957000732,91.12913036346436,93.55376137383058,,97.77599000930786,92.40048250904705
Saint Lucia,LCA,"In-school proxy, secondary BEST (2T3), female (%) [STRICT]",UIS.INS.SEC.F,90.59584999084473,90.50152015686035,90.47249984741211,88.89181995391846,,83.61550300825522,82.62120558193067,83.61850915042405,83.17915510329941,81.8340750158932,82.51907157928908,83.55013996377409,85.46568965911865,85.28518009185791,87.2066747783765
Saint Lucia,LCA,"In-school proxy, secondary BEST (2T3), male (%) [STRICT]",UIS.INS.SEC.M,88.13179016113281,86.9749402999878,87.43768978118896,86.74281024932861,,80.03521603684139,79.13948646773073,80.87167070217919,80.60534822215692,80.46934140802422,81.40253320976213,82.1551454488583,79.60722923278809,80.55289077758789,79.7457906899967
Saint Lucia,LCA,"Pupil-teacher ratio, primary (trained) (ratio)",UIS.PTR.PRM.TRAINED,21.36293983459473,20.33799934387207,19.64541053771973,,,,,,,15.47318611987382,16.74683544303797,17.0242825607064,17.48636054992676,18.30392074584961,
Saint Lucia,LCA,"PTR secondary source flag (2T3 / avg(2,3) / only2 / only3 / missing)",UIS.PTR.SEC.SOURCE,missing,2T3,2T3,missing,missing,missing,missing,missing,missing,missing,missing,missing,2T3,2T3,missing
Saint Lucia,LCA,"Pupil-teacher ratio, secondary (trained) BEST (ratio)",UIS.PTR.SEC.TRAINED,,23.54147911071777,22.03742980957031,,,,,,,,,,13.93846035003662,14.62110996246338,
Saint Lucia,LCA,"Out-of-school rate, primary age (%) (ROFST.1.CP)",UIS.ROFST.1.CP,5.78223991394043,6.822420120239258,7.338669776916504,6.692629814147949,8.081600189208984,6.739540100097656,8.105299949645996,7.722050189971924,6.97815990447998,6.002860069274902,5.793320178985596,4.354334808643583,2.116349935531616,2.063260078430176,7.012422781888534
Saint Lucia,LCA,"Out-of-school rate, secondary age BEST (%) (ROFST.2T3.CP) [STRICT]",UIS.ROFST.SEC.BEST,10.66819953918457,11.30160045623779,11.07166004180908,12.19814014434814,,18.20371644872677,19.15089008194405,17.78489302867123,18.13873006319591,18.86485229123052,18.05302730510487,17.16531643538943,17.54174041748047,17.14543914794922,16.62009990686648
Saint Lucia,LCA,Secondary BEST source flag (2T3 / missing) [STRICT],UIS.SEC.SOURCE,2T3,2T3,2T3,2T3,missing,2T3,2T3,2T3,2T3,2T3,2T3,2T3,2T3,2T3,2T3
Liechtenstein,LIE,"In-school proxy (100 - ROFST.1.CP), primary age (%)",SE.PRM.TENR,99.23579001426697,98.74934995174408,98.47929000854492,,97.65832996368408,99.96651000156999,99.67552000284195,99.84130999445915,99.85122999548912,99.9203400015831,99.43566000461578,99.1752399802208,,,
Liechtenstein,LIE,"In-school proxy (100 - ROFST.2T3.CP), secondary age BEST (%) [STRICT]",SE.SEC.NENR,92.61948013305664,91.93039989471436,93.08504009246826,,92.66629981994629,91.62808036804199,91.41979026794434,93.35837984085083,90.82003021240234,94.66526985168457,94.43563985824585,94.15248012542725,,,
Liechtenstein,LIE,"In-school proxy, primary age, female (%)",UIS.INS.PRM.F,,,,,98.17401003837585,,,,,,,,,,
Liechtenstein,LIE,"In-school proxy, primary age, male (%)",UIS.INS.PRM.M,,,,,97.15190005302429,,,,,,,,,,
Liechtenstein,LIE,"In-school proxy, secondary BEST (2T3), female (%) [STRICT]",UIS.INS.SEC.F,86.87660026550293,85.13813972473145,87.92103958129883,,,84.33565998077393,83.9009895324707,87.64301013946533,86.72502040863037,90.08228969573975,89.71907043457031,89.45759963989258,,,
Liechtenstein,LIE,"In-school proxy, secondary BEST (2T3), male (%) [STRICT]",UIS.INS.SEC.M,98.28269004821777,98.90410995483398,98.36512005329132,,,99.02235001325607,99.00284999608994,99.06137001514435,94.87365007400513,99.06743001937866,98.9216400384903,98.5642499923706,,,
Liechtenstein,LIE,"PTR secondary source flag (2T3 / avg(2,3) / only2 / only3 / missing)",UIS.PTR.SEC.SOURCE,missing,missing,missing,missing,missing,missing,missing,missing,missing,missing,missing,missing,missing,missing,missing
Liechtenstein,LIE,"Out-of-school rate, primary age (%) (ROFST.1.CP)",UIS.ROFST.1.CP,0.7642099857330322,1.25065004825592,1.520709991455078,,2.341670036315918,0.0334899984300137,0.3244799971580505,0.1586900055408478,0.1487700045108795,0.0796599984169006,0.5643399953842163,0.8247600197792053,,,
Liechtenstein,LIE,"Out-of-school rate, secondary age BEST (%) (ROFST.2T3.CP) [STRICT]",UIS.ROFST.SEC.BEST,7.380519866943359,8.069600105285645,6.914959907531738,,7.333700180053711,8.371919631958008,8.580209732055664,6.64162015914917,9.179969787597656,5.33473014831543,5.56436014175415,5.847519874572754,,,
Liechtenstein,LIE,Secondary BEST source flag (2T3 / missing) [STRICT],UIS.SEC.SOURCE,2T3,2T3,2T3,missing,2T3,2T3,2T3,2T3,2T3,2T3,2T3,2T3,missing,missing,missing
Sri Lanka,LKA,"In-school proxy (100 - ROFST.1.CP), primary age (%)",SE.PRM.TENR,92.89527988433838,92.77903985977173,92.53726005554199,93.21768999099731,93.64550018310547,96.05851006507874,96.209969997406,95.88855981826782,95.36430978775024,99.50795798541861,99.26297124009008,98.03265751733855,92.24542150186028,90.86280275667285,
Sri Lanka,LKA,"In-school proxy (100 - ROFST.2T3.CP), secondary age BEST (%) [STRICT]",SE.SEC.NENR,81.0991096496582,82.04916000366211,,83.33141398419164,,86.9118783224235,85.69998877072157,86.0038582011479,88.10874494828141,,,90.20168247152895,86.4059370081203,85.90891847028011,
Sri Lanka,LKA,"In-school proxy, primary age, female (%)",UIS.INS.PRM.F,92.89223003387451,92.63193988800049,92.31347990036011,92.93922996520996,93.35673999786377,95.65211009979248,95.75237989425659,95.57553005218506,95.22819995880127,,,,93.1764232481782,91.41303653666169,
Sri Lanka,LKA,"In-school proxy, primary age, male (%)",UIS.INS.PRM.M,92.8982400894165,92.92244005203247,92.75607013702393,93.49013996124268,93.92805004119873,96.45598006248474,96.65708994865417,96.19405007362366,95.49666023254395,,,,91.35127138304404,90.33445087263489,
Sri Lanka,LKA,"In-school proxy, secondary BEST (2T3), female (%) [STRICT]",UIS.INS.SEC.F,82.44613075256348,83.47142028808594,,84.77657419152123,,88.54862070811008,87.38651553365364,88.33292818804986,90.18230143810774,,,92.09562331636351,87.91987656865554,87.24097443443291,
Sri Lanka,LKA,"In-school proxy, secondary BEST (2T3), male (%) [STRICT]",UIS.INS.SEC.M,79.76927947998047,80.64959907531738,,81.91780120670487,,85.31496297880679,84.05441500786944,83.73005433693129,86.08293334075184,,,88.34978869308543,84.92647359580631,84.61015476753902,
Sri Lanka,LKA,"Pupil-teacher ratio, primary (trained) (ratio)",UIS.PTR.PRM.TRAINED,29.12474060058594,29.20936965942383,,29.59693869006749,,26.8509301763711,27.1280733606179,26.82828050129008,26.50298757353732,26.10202960476118,26.32005466772275,26.43121042357684,26.08339090894484,24.88527902754756,
Sri Lanka,LKA,"PTR secondary source flag (2T3 / avg(2,3) / only2 / only3 / missing)",UIS.PTR.SEC.SOURCE,2T3,2T3,missing,only2,missing,only2,2T3,2T3,2T3,only2,only2,2T3,2T3,2T3,missing
Sri Lanka,LKA,"Pupil-teacher ratio, secondary (trained) BEST (ratio)",UIS.PTR.SEC.TRAINED,21.8874397277832,21.01609992980957,,24.05815450643777,,20.04215550698131,21.93012046813965,21.19725016606244,22.12766561488608,20.6858407079646,21.15117525399677,20.81914765762085,20.40879244074311,20.28159499884084,
Sri Lanka,LKA,"Out-of-school rate, primary age (%) (ROFST.1.CP)",UIS.ROFST.1.CP,7.104720115661621,7.220960140228271,7.462739944458008,6.782310009002686,6.354499816894531,3.941489934921265,3.790030002593994,4.111440181732178,4.635690212249756,0.49204201458139,0.7370287599099176,1.967342482661447,7.754578498139717,9.137197243327153,
Sri Lanka,LKA,"Out-of-school rate, secondary age BEST (%) (ROFST.2T3.CP) [STRICT]",UIS.ROFST.SEC.BEST,18.9008903503418,17.95083999633789,,16.66858601580836,,13.08812167757649,14.30001122927843,13.99614179885209,11.89125505171859,,,9.798317528471046,13.59406299187969,14.09108152971989,
Sri Lanka,LKA,Secondary BEST source flag (2T3 / missing) [STRICT],UIS.SEC.SOURCE,2T3,2T3,missing,2T3,missing,2T3,2T3,2T3,2T3,missing,missing,2T3,2T3,2T3,missing
Lesotho,LSO,"In-school proxy (100 - ROFST.1.CP), primary age (%)",SE.PRM.TENR,84.81332969665527,85.1263061567601,85.23494190648243,85.44748222093294,84.06241161497124,83.34007360963616,83.84949039303456,85.18766102239537,79.80038693011004,77.1472384147388,75.69536495795215,69.67690415385977,70.61533285828192,69.302868387036,67.82756038728698
Lesotho,LSO,"In-school proxy (100 - ROFST.2T3.CP), secondary age BEST (%) [STRICT]",SE.SEC.NENR,79.51181983947754,79.62015914916992,78.88171005249023,77.5127602402865,76.51637263894702,75.31004887776997,73.94282586915361,74.71874687436127,70.27914895806975,67.18971988379738,63.28017666444713,62.05018137088778,60.87441020393791,57.45649526331707,57.59687615616002
Lesotho,LSO,"In-school proxy, primary age, female (%)",UIS.INS.PRM.F,86.32686996459961,86.28420263441811,86.51658164810799,86.96231157286049,85.4420056026382,84.52069665911797,85.0611293716631,86.10163053175019,81.04525240180602,80.23558028722802,76.3797294498523,70.36843831844558,71.0255673962521,69.73856380882314,68.24825877380196
Lesotho,LSO,"In-school proxy, primary age, male (%)",UIS.INS.PRM.M,83.30624008178711,83.97406347049689,83.9602063197474,83.94136205590644,82.69101975114265,82.16658061297304,82.64514716389702,84.27923366913224,78.5632351948899,74.078427477209,75.01543260014945,68.99008674101611,70.20812769528796,68.8707517029671,67.4106705319791
Lesotho,LSO,"In-school proxy, secondary BEST (2T3), female (%) [STRICT]",UIS.INS.SEC.F,83.53836059570312,83.70635032653809,82.76145935058594,81.18065194903942,80.4761947130998,79.13574314343177,77.87605151426882,78.51382037428549,73.60552041403105,70.91478579734995,67.39772247996626,66.28331630174392,65.11024105380162,61.36923719308013,61.5886780895888
Lesotho,LSO,"In-school proxy, secondary BEST (2T3), male (%) [STRICT]",UIS.INS.SEC.M,75.45541954040527,75.51095008850098,74.98636054992676,73.83455980140084,72.54949149218743,71.48074250899633,70.00935717942833,70.9261481210983,66.9569689696554,63.47024223212924,59.16908098638998,57.82557449405235,56.64870948255174,53.55665265820718,53.62147844931375
Lesotho,LSO,"Pupil-teacher ratio, primary (trained) (ratio)",UIS.PTR.PRM.TRAINED,53.28735947353989,50.97698717100913,50.45472571050892,45.29471969604492,43.25274725274726,41.79808044433594,39.0133016113334,,38.00614044881099,34.87046632124353,33.51322751322751,32.206637572313,32.10188103711236,31.27869674185464,
Lesotho,LSO,"PTR secondary source flag (2T3 / avg(2,3) / only2 / only3 / missing)",UIS.PTR.SEC.SOURCE,missing,missing,missing,missing,missing,2T3,2T3,missing,missing,missing,missing,missing,missing,missing,missing
Lesotho,LSO,"Pupil-teacher ratio, secondary (trained) BEST (ratio)",UIS.PTR.SEC.TRAINED,,,,,,23.95153045654297,26.0688304901123,,,,,,,,
Lesotho,LSO,"Out-of-school rate, primary age (%) (ROFST.1.CP)",UIS.ROFST.1.CP,15.18667030334473,14.87369384323991,14.76505809351757,14.55251777906706,15.93758838502876,16.65992639036383,16.15050960696545,14.81233897760462,20.19961306988996,22.85276158526121,24.30463504204785,30.32309584614024,29.38466714171808,30.697131612964,32.17243961271301
Lesotho,LSO,"Out-of-school rate, secondary age BEST (%) (ROFST.2T3.CP) [STRICT]",UIS.ROFST.SEC.BEST,20.48818016052246,20.37984085083008,21.11828994750977,22.4872397597135,23.48362736105298,24.68995112223003,26.0571741308464,25.28125312563872,29.72085104193024,32.81028011620263,36.71982333555287,37.94981862911222,39.12558979606209,42.54350473668293,42.40312384383998
Lesotho,LSO,Secondary BEST source flag (2T3 / missing) [STRICT],UIS.SEC.SOURCE,2T3,2T3,2T3,2T3,2T3,2T3,2T3,2T3,2T3,2T3,2T3,2T3,2T3,2T3,2T3
Lithuania,LTU,"In-school proxy (100 - ROFST.1.CP), primary age (%)",SE.PRM.TENR,,,,99.86210000514984,99.50297999382019,99.65090000629425,99.80722999572754,99.8588300049305,99.62505000829697,99.41521000862122,99.48669999837875,99.45644998550415,99.97636000066996,99.8983199968934,
Lithuania,LTU,"In-school proxy (100 - ROFST.2T3.CP), secondary age BEST (%) [STRICT]",SE.SEC.NENR,98.88619995117188,99.22127002477646,98.86424005031586,98.96177995204926,93.89523983001709,94.16592979431152,94.31136989593506,95.00232982635498,95.82803010940552,96.59235000610352,97.01713991165161,98.55542004108429,99.22487998008728,99.30838000774384,
Lithuania,LTU,"In-school proxy, primary age, female (%)",UIS.INS.PRM.F,,,,,,,,,,,,98.922189950943,,,
Lithuania,LTU,"In-school proxy, primary age, male (%)",UIS.INS.PRM.M,,,,,,,,,,,,99.97107000090182,,,
Lithuania,LTU,"In-school proxy, secondary BEST (2T3), female (%) [STRICT]",UIS.INS.SEC.F,99.48754000663757,99.60367000102997,99.06335997581482,99.11813002824783,94.05241012573242,94.44821977615356,94.70800018310547,95.53941011428833,96.58439993858337,97.14070010185242,97.69693994522095,99.22253000736237,98.99698996543884,99.47898000478745,
Lithuania,LTU,"In-school proxy, secondary BEST (2T3), male (%) [STRICT]",UIS.INS.SEC.M,98.31328999996185,98.85722005367279,98.67558002471924,98.81345999240875,93.74627017974854,93.89924001693726,93.93769979476929,94.49724006652832,95.11377000808716,96.07159996032715,96.3718900680542,97.92315006256104,99.4431300163269,99.1452100276947,
Lithuania,LTU,"Pupil-teacher ratio, primary (trained) (ratio)",UIS.PTR.PRM.TRAINED,13.54623985290527,12.97350978851318,12.97332954406738,13.17877006530762,13.43710994720459,13.60165977478027,14.04806041717529,14.56651020050049,15.02332019805908,15.39859008789063,15.19937992095947,,,,
Lithuania,LTU,"PTR secondary source flag (2T3 / avg(2,3) / only2 / only3 / missing)",UIS.PTR.SEC.SOURCE,2T3,2T3,2T3,2T3,2T3,2T3,2T3,2T3,2T3,2T3,2T3,missing,missing,missing,missing
Lithuania,LTU,"Pupil-teacher ratio, secondary (trained) BEST (ratio)",UIS.PTR.SEC.TRAINED,9.711819648742676,9.246939659118652,8.89348030090332,8.626190185546875,8.537759780883789,8.313870429992676,8.092320442199707,8.236530303955078,8.292160034179688,8.392109870910645,8.445110321044922,,,,
Lithuania,LTU,"Out-of-school rate, primary age (%) (ROFST.1.CP)",UIS.ROFST.1.CP,,,,0.1378999948501587,0.4970200061798096,0.3490999937057495,0.1927700042724609,0.1411699950695038,0.3749499917030334,0.5847899913787842,0.5133000016212463,0.5435500144958496,0.0236399993300438,0.1016800031065941,
Lithuania,LTU,"Out-of-school rate, secondary age BEST (%) (ROFST.2T3.CP) [STRICT]",UIS.ROFST.SEC.BEST,1.113800048828125,0.7787299752235413,1.135759949684143,1.038220047950745,6.10476016998291,5.834070205688477,5.688630104064941,4.99767017364502,4.171969890594482,3.407649993896484,2.982860088348389,1.44457995891571,0.7751200199127197,0.6916199922561646,
Lithuania,LTU,Secondary BEST source flag (2T3 / missing) [STRICT],UIS.SEC.SOURCE,2T3,2T3,2T3,2T3,2T3,2T3,2T3,2T3,2T3,2T3,2T3,2T3,2T3,2T3,missing
Luxembourg,LUX,"In-school proxy (100 - ROFST.1.CP), primary age (%)",SE.PRM.TENR,96.13970994949341,95.03675985336304,98.06137001514435,97.28298997879028,96.97935009002686,97.37242007255554,97.38032007217407,96.69387006759644,97.55195999145508,98.52043998241425,98.40515005588531,98.34721004962921,99.65457999706268,99.4044399857521,
Luxembourg,LUX,"In-school proxy (100 - ROFST.2T3.CP), secondary age BEST (%) [STRICT]",SE.SEC.NENR,89.25697994232178,89.04084014892578,89.24470043182373,88.99452018737793,89.33320999145508,88.80455017089844,89.48375034332275,89.14459037780762,89.0359296798706,89.66436958312988,89.6128797531128,89.991379737854,91.4419298171997,92.86627006530762,
Luxembourg,LUX,"In-school proxy, primary age, female (%)",UIS.INS.PRM.F,96.90065002441406,95.73216009140015,98.41800999641418,97.82720994949341,97.05549001693726,97.66105008125305,97.78033995628357,96.9624400138855,97.1947500705719,98.34926998615265,98.34615004062653,98.1958999633789,99.82759000360966,99.59070000052452,
Luxembourg,LUX,"In-school proxy, primary age, male (%)",UIS.INS.PRM.M,95.42232990264893,94.38261985778809,97.72800993919373,96.7707200050354,96.9076600074768,97.09977006912231,97.0032000541687,96.44040989875793,97.89139008522034,98.68388998508453,98.46124005317688,98.49006998538971,99.49036997556686,99.2276800274849,
Luxembourg,LUX,"In-school proxy, secondary BEST (2T3), female (%) [STRICT]",UIS.INS.SEC.F,90.35367012023926,90.5288200378418,90.79703044891357,90.15993976593018,90.79734992980957,90.63910961151123,91.18144989013672,90.94729042053223,90.87685966491699,90.9597396850586,90.82791996002197,91.28223037719727,92.78259992599487,94.12589979171753,
Luxembourg,LUX,"In-school proxy, secondary BEST (2T3), male (%) [STRICT]",UIS.INS.SEC.M,88.21041011810303,87.62156009674072,87.77048969268799,87.889479637146,87.93562030792236,87.06610012054443,87.87800025939941,87.44731998443604,87.31754970550537,88.45683002471924,88.47356986999512,88.78512001037598,90.19141006469727,91.68134021759033,
Luxembourg,LUX,"PTR secondary source flag (2T3 / avg(2,3) / only2 / only3 / missing)",UIS.PTR.SEC.SOURCE,missing,missing,missing,missing,missing,missing,missing,missing,missing,missing,missing,missing,missing,missing,missing
Luxembourg,LUX,"Out-of-school rate, primary age (%) (ROFST.1.CP)",UIS.ROFST.1.CP,3.860290050506592,4.963240146636963,1.938629984855652,2.717010021209717,3.020649909973145,2.627579927444458,2.619679927825928,3.306129932403564,2.448040008544922,1.479560017585754,1.594849944114685,1.652789950370789,0.3454200029373169,0.5955600142478943,
Luxembourg,LUX,"Out-of-school rate, secondary age BEST (%) (ROFST.2T3.CP) [STRICT]",UIS.ROFST.SEC.BEST,10.74302005767822,10.95915985107422,10.75529956817627,11.00547981262207,10.66679000854492,11.19544982910156,10.51624965667725,10.85540962219238,10.96407032012939,10.33563041687012,10.38712024688721,10.008620262146,8.558070182800293,7.133729934692383,
Luxembourg,LUX,Secondary BEST source flag (2T3 / missing) [STRICT],UIS.SEC.SOURCE,2T3,2T3,2T3,2T3,2T3,2T3,2T3,2T3,2T3,2T3,2T3,2T3,2T3,2T3,missing
Latvia,LVA,"In-school proxy (100 - ROFST.1.CP), primary age (%)",SE.PRM.TENR,99.13243001699448,99.23331999778748,98.5396499633789,98.13901996612549,98.03011000156403,97.96134996414185,98.26269996166229,98.4838000535965,98.8685599565506,98.82374000549316,98.6977299451828,98.72475004196167,98.5562299489975,98.04031002521515,
Latvia,LVA,"In-school proxy (100 - ROFST.2T3.CP), secondary age BEST (%) [STRICT]",SE.SEC.NENR,94.67592000961304,95.28679990768433,95.02794981002808,97.37430000305176,96.90620994567871,96.61292004585266,97.13996005058289,97.23286008834839,97.39218997955322,96.77868008613586,96.51483011245728,96.68444991111755,96.59918999671936,95.21636009216309,
Latvia,LVA,"In-school proxy, primary age, female (%)",UIS.INS.PRM.F,99.20635002851486,99.28083997964859,98.69956994056702,98.38855004310608,98.35388994216919,98.2906299829483,98.62211000919342,98.8834400177002,99.326740026474,99.19883000850677,99.04040002822876,99.0867800116539,98.92957997322083,98.36572003364563,
Latvia,LVA,"In-school proxy, primary age, male (%)",UIS.INS.PRM.M,99.06155997514725,99.18778997659683,98.3873200416565,97.90157008171082,97.72245001792908,97.64903998374939,97.92136001586914,98.10207998752594,98.4325100183487,98.46670997142792,98.37352001667023,98.38210999965668,98.20456004142761,97.73604011535645,
Latvia,LVA,"In-school proxy, secondary BEST (2T3), female (%) [STRICT]",UIS.INS.SEC.F,94.89603996276855,95.43096017837524,95.48676013946533,97.7030999660492,97.18748998641968,96.9638900756836,97.66044998168945,97.8163800239563,97.84766006469727,97.39252996444702,97.14714002609253,97.5296700000763,97.29555988311768,96.11377000808716,
Latvia,LVA,"In-school proxy, secondary BEST (2T3), male (%) [STRICT]",UIS.INS.SEC.M,94.46566009521484,95.14956998825073,94.59252977371216,97.064199924469,96.64078998565674,96.27877998352051,96.64287996292114,96.67618989944458,96.95880007743835,96.19445991516113,95.91301012039185,95.88117980957031,95.93643999099731,94.35676002502441,
Latvia,LVA,"Pupil-teacher ratio, primary (trained) (ratio)",UIS.PTR.PRM.TRAINED,11.88490009307861,11.41359996795654,11.01496028900146,11.1622200012207,11.09111976623535,11.13249015808105,11.32950019836426,11.53684043884277,11.45489978790283,11.43490982055664,11.48044013977051,11.64785003662109,11.96362018585205,,
Latvia,LVA,"PTR secondary source flag (2T3 / avg(2,3) / only2 / only3 / missing)",UIS.PTR.SEC.SOURCE,2T3,2T3,2T3,2T3,2T3,2T3,2T3,2T3,2T3,2T3,2T3,2T3,2T3,missing,missing
Latvia,LVA,"Pupil-teacher ratio, secondary (trained) BEST (ratio)",UIS.PTR.SEC.TRAINED,9.0,8.330160140991211,7.89985990524292,8.32843017578125,8.214859962463379,8.032259941101074,8.10571002960205,8.271200180053711,8.388819694519043,8.748590469360352,8.950770378112793,9.21218967437744,9.447879791259766,,
Latvia,LVA,"Out-of-school rate, primary age (%) (ROFST.1.CP)",UIS.ROFST.1.CP,0.8675699830055237,0.7666800022125244,1.460350036621094,1.860980033874512,1.969889998435974,2.038650035858154,1.737300038337708,1.516199946403503,1.131440043449402,1.176259994506836,1.3022700548172,1.27524995803833,1.443770051002502,1.959689974784851,
Latvia,LVA,"Out-of-school rate, secondary age BEST (%) (ROFST.2T3.CP) [STRICT]",UIS.ROFST.SEC.BEST,5.324079990386963,4.713200092315674,4.972050189971924,2.625699996948242,3.093790054321289,3.387079954147339,2.860039949417114,2.767139911651611,2.607810020446777,3.221319913864136,3.485169887542725,3.315550088882446,3.40081000328064,4.783639907836914,
Latvia,LVA,Secondary BEST source flag (2T3 / missing) [STRICT],UIS.SEC.SOURCE,2T3,2T3,2T3,2T3,2T3,2T3,2T3,2T3,2T3,2T3,2T3,2T3,2T3,2T3,missing
"China, Macao Special Administrative Region",MAC,"In-school proxy (100 - ROFST.1.CP), primary age (%)",SE.PRM.TENR,90.52089158744108,92.91603712497302,91.05263157894737,92.25112107623319,95.10572687224669,95.75308641975309,97.55172413793103,97.3300195079081,97.79865771812081,93.86390532544378,90.18852459016394,87.26884422110552,83.66743648960738,85.79680365296804,89.20843091334895
"China, Macao Special Administrative Region",MAC,"In-school proxy (100 - ROFST.2T3.CP), secondary age BEST (%) [STRICT]",SE.SEC.NENR,85.46317496660943,84.42568601448536,85.54637432163408,86.2093023255814,88.24761904761905,87.71812080536913,87.18685121107266,87.20921985815603,83.97560975609755,82.8780487804878,83.04362416107384,83.80128205128204,86.08411214953271,88.14678899082568,90.67664670658682
"China, Macao Special Administrative Region",MAC,"In-school proxy, primary age, female (%)",UIS.INS.PRM.F,90.94361429868736,93.86090697257573,92.55153458543289,93.72897196261682,97.19444444444444,98.62280701754386,99.28225806451613,,99.78014184397163,95.54375,91.60115606936417,88.35449735449735,85.89108910891089,86.8743961352657,89.36764705882354
"China, Macao Special Administrative Region",MAC,"In-school proxy, primary age, male (%)",UIS.INS.PRM.M,90.12460335887314,92.03797784625635,89.67606226335717,90.88793103448276,93.21008403361344,93.2170542635659,95.98540145985402,,96.01910828025478,92.35393258426966,88.92227979274611,86.28708133971293,81.72294372294373,84.83116883116882,89.0627802690583
"China, Macao Special Administrative Region",MAC,"In-school proxy, secondary BEST (2T3), female (%) [STRICT]",UIS.INS.SEC.F,86.76427237889358,84.90367407095484,86.02271449454626,86.17261904761905,89.05263157894737,90.23239436619718,91.2279411764706,89.39259259259259,86.8905109489051,85.5912408759124,85.52816901408451,84.95333333333333,86.53846153846155,88.50943396226415,91.19753086419753
"China, Macao Special Administrative Region",MAC,"In-school proxy, secondary BEST (2T3), male (%) [STRICT]",UIS.INS.SEC.M,84.23565402799666,83.97645196398537,85.0977069321612,86.24431818181819,87.49693251533742,85.42948717948718,83.59477124183007,85.20408163265306,81.31333333333333,80.4,80.78205128205128,82.73456790123457,85.65454545454546,87.80357142857143,90.18604651162791
"China, Macao Special Administrative Region",MAC,"Pupil-teacher ratio, primary (trained) (ratio)",UIS.PTR.PRM.TRAINED,18.9565868263473,17.29818181818182,16.02689313517339,15.54615384615385,15.53125,14.64492753623188,14.19763694951665,13.75810353168844,13.70072661217075,13.69107744107744,13.51950636942675,13.54087089381207,13.48643695014663,13.46159317211949,13.39937106918239
"China, Macao Special Administrative Region",MAC,"PTR secondary source flag (2T3 / avg(2,3) / only2 / only3 / missing)",UIS.PTR.SEC.SOURCE,2T3,2T3,2T3,2T3,2T3,2T3,2T3,2T3,2T3,2T3,2T3,2T3,2T3,2T3,2T3
"China, Macao Special Administrative Region",MAC,"Pupil-teacher ratio, secondary (trained) BEST (ratio)",UIS.PTR.SEC.TRAINED,22.8054892601432,20.46399120395822,19.39522258414766,17.04572864321608,14.92966930600838,13.09882455376578,11.95715474209651,11.18152218152218,10.68165395423525,10.45060240963855,10.42084484800632,10.70399070127857,11.19049459041731,11.2836377189713,11.36893203883495
"China, Macao Special Administrative Region",MAC,"Out-of-school rate, primary age (%) (ROFST.1.CP)",UIS.ROFST.1.CP,9.47910841255892,7.08396287502698,8.947368421052632,7.748878923766816,4.894273127753304,4.246913580246914,2.448275862068966,2.669980492091889,2.201342281879195,6.136094674556213,9.811475409836063,12.73115577889447,16.33256351039261,14.20319634703196,10.79156908665105
"China, Macao Special Administrative Region",MAC,"Out-of-school rate, secondary age BEST (%) (ROFST.2T3.CP) [STRICT]",UIS.ROFST.SEC.BEST,14.53682503339057,15.57431398551464,14.45362567836592,13.7906976744186,11.75238095238095,12.28187919463087,12.81314878892734,12.79078014184397,16.02439024390244,17.1219512195122,16.95637583892617,16.19871794871795,13.91588785046729,11.85321100917431,9.323353293413174
"China, Macao Special Administrative Region",MAC,Secondary BEST source flag (2T3 / missing) [STRICT],UIS.SEC.SOURCE,2T3,2T3,2T3,2T3,2T3,2T3,2T3,2T3,2T3,2T3,2T3,2T3,2T3,2T3,2T3
Morocco,MAR,"In-school proxy (100 - ROFST.1.CP), primary age (%)",SE.PRM.TENR,91.10248991746816,92.72839126924806,92.06980916211404,93.21615945400127,92.17686911793919,89.63688129826454,91.73692324096514,92.78188073941622,94.87589979815668,96.85277685130664,99.52328025100756,99.52895934533342,,,
Morocco,MAR,"In-school proxy (100 - ROFST.2T3.CP), secondary age BEST (%) [STRICT]",SE.SEC.NENR,64.76410456915985,67.5260971652994,70.922593567771,69.40319665545965,71.5059460412127,75.87828917085153,74.48999713819445,78.34278227812561,78.5427476983165,79.64925300963932,81.64048335684757,81.40541772145193,84.8240348218483,86.45713875505922,89.6077285215518
Morocco,MAR,"In-school proxy, primary age, female (%)",UIS.INS.PRM.F,91.43537849665225,93.077944532739,92.322096121075,93.31066639469296,92.1085119318213,89.30374040417331,91.51979693063281,92.49874134708696,94.9405496839194,97.18446562306724,,,,,
Morocco,MAR,"In-school proxy, primary age, male (%)",UIS.INS.PRM.M,90.79266664953447,92.40187849362661,91.83314781489722,93.12710684353968,92.241552663821,89.95294768890119,91.9430351812812,93.0505847276382,94.81456571914687,96.53831807531782,,,,,
Morocco,MAR,"In-school proxy, secondary BEST (2T3), female (%) [STRICT]",UIS.INS.SEC.F,60.05459187496538,62.66516594833503,66.00755163067782,65.37400978300505,67.7880413833077,72.04149713973655,71.7396585801685,75.82125112194325,76.13322780071448,77.74358888507567,80.24041079002282,80.59541426537982,84.2125514886886,86.2308809518946,90.7312188911352
Morocco,MAR,"In-school proxy, secondary BEST (2T3), male (%) [STRICT]",UIS.INS.SEC.M,69.20899684160412,72.10856784092562,75.54457840262575,73.18125119812606,74.98382628296135,79.46596691473042,77.06815526169603,80.71283004549117,80.8166285848161,81.45690666838877,82.9750551298351,82.17869517956674,85.40783975112741,86.67258490848337,88.54028228392824
Morocco,MAR,"Pupil-teacher ratio, primary (trained) (ratio)",UIS.PTR.PRM.TRAINED,26.23714644835636,26.41531717686513,25.83552974318405,25.98350931155253,25.66658811990905,25.8815931108719,26.59118196198429,28.03416823126806,26.80064852933882,25.79696994389216,27.20550237512595,26.53598260758062,26.67255778928873,25.91380350275295,24.26339048221011
Morocco,MAR,"PTR secondary source flag (2T3 / avg(2,3) / only2 / only3 / missing)",UIS.PTR.SEC.SOURCE,missing,missing,missing,missing,missing,missing,missing,2T3,2T3,2T3,2T3,2T3,2T3,2T3,2T3
Morocco,MAR,"Pupil-teacher ratio, secondary (trained) BEST (ratio)",UIS.PTR.SEC.TRAINED,,,,,,,,20.26796417842448,19.42453232299313,18.82098486996417,20.00877269465255,20.59579098183391,20.63303020667727,20.35571058543206,19.47818810240307
Morocco,MAR,"Out-of-school rate, primary age (%) (ROFST.1.CP)",UIS.ROFST.1.CP,8.897510082531843,7.271608730751931,7.930190837885958,6.783840545998725,7.823130882060802,10.36311870173546,8.26307675903486,7.218119260583772,5.124100201843314,3.147223148693361,0.476719748992441,0.4710406546665762,,,
Morocco,MAR,"Out-of-school rate, secondary age BEST (%) (ROFST.2T3.CP) [STRICT]",UIS.ROFST.SEC.BEST,35.23589543084014,32.47390283470059,29.07740643222899,30.59680334454035,28.49405395878731,24.12171082914847,25.51000286180555,21.65721772187438,21.4572523016835,20.35074699036068,18.35951664315243,18.59458227854808,15.1759651781517,13.54286124494078,10.3922714784482
Morocco,MAR,Secondary BEST source flag (2T3 / missing) [STRICT],UIS.SEC.SOURCE,2T3,2T3,2T3,2T3,2T3,2T3,2T3,2T3,2T3,2T3,2T3,2T3,2T3,2T3,2T3
Monaco,MCO,"Pupil-teacher ratio, primary (trained) (ratio)",UIS.PTR.PRM.TRAINED,,,,,,,,,,18.41666984558105,14.93181991577148,14.5263204574585,15.90244007110596,14.25352001190186,13.25640964508057
Monaco,MCO,"PTR secondary source flag (2T3 / avg(2,3) / only2 / only3 / missing)",UIS.PTR.SEC.SOURCE,missing,missing,missing,missing,missing,missing,missing,missing,missing,2T3,2T3,2T3,2T3,2T3,2T3
Monaco,MCO,"Pupil-teacher ratio, secondary (trained) BEST (ratio)",UIS.PTR.SEC.TRAINED,,,,,,,,,,9.739879608154297,9.093830108642578,9.243900299072266,9.034390449523926,10.93710994720459,8.544329643249512
Monaco,MCO,Secondary BEST source flag (2T3 / missing) [STRICT],UIS.SEC.SOURCE,missing,missing,missing,missing,missing,missing,missing,missing,missing,missing,missing,missing,missing,missing,missing
Republic of Moldova,MDA,"In-school proxy (100 - ROFST.1.CP), primary age (%)",SE.PRM.TENR,91.55067672759313,91.92681393131707,91.90496243869968,92.07307149831833,99.7952777751892,99.55525593136781,99.38548330647583,99.35894594582615,99.35422006147432,98.07089820816304,99.2034904982062,99.66442194232359,99.56752559196242,99.41736541667521,99.53713590170972
Republic of Moldova,MDA,"In-school proxy (100 - ROFST.2T3.CP), secondary age BEST (%) [STRICT]",SE.SEC.NENR,80.53980929064586,79.43883025479059,79.76122358447503,78.90846744075508,91.51608729338695,92.0016531412086,92.78384089292429,90.92990957249667,91.74091702411324,91.77039163480315,93.20378195982265,94.07485107594029,95.14146294609525,94.56728759279042,94.71586668669379
Republic of Moldova,MDA,"In-school proxy, primary age, female (%)",UIS.INS.PRM.F,91.42658467747434,91.50884234290731,91.79601508714367,92.05583294871256,,,,,,,,,,,
Republic of Moldova,MDA,"In-school proxy, primary age, male (%)",UIS.INS.PRM.M,91.66795526003814,92.32072498029945,92.00732475265787,92.08929488107617,,,,,,,,,,,
Republic of Moldova,MDA,"In-school proxy, secondary BEST (2T3), female (%) [STRICT]",UIS.INS.SEC.F,81.16492949110975,79.9752298975137,80.01433559765633,79.18124830412367,91.79024028778076,92.43686008453369,92.94403982162476,91.18702983856201,91.80860042572021,91.70827007293701,93.39321994781494,,,,
Republic of Moldova,MDA,"In-school proxy, secondary BEST (2T3), male (%) [STRICT]",UIS.INS.SEC.M,79.93968170326313,78.92455753919957,79.51917090625531,78.64848914852561,91.25609970092773,91.60245037078857,92.63346004486084,90.68789005279541,91.67704010009766,91.82876014709473,93.0248498916626,,,,
Republic of Moldova,MDA,"Pupil-teacher ratio, primary (trained) (ratio)",UIS.PTR.PRM.TRAINED,,,,,,,,,,17.96577017114915,17.97249483471074,18.12006861063465,18.33116279069768,18.37779563412348,18.4524838012959
Republic of Moldova,MDA,"PTR secondary source flag (2T3 / avg(2,3) / only2 / only3 / missing)",UIS.PTR.SEC.SOURCE,missing,missing,missing,missing,missing,missing,missing,missing,missing,2T3,2T3,2T3,2T3,2T3,2T3
Republic of Moldova,MDA,"Pupil-teacher ratio, secondary (trained) BEST (ratio)",UIS.PTR.SEC.TRAINED,,,,,,,,,,10.26271690856646,10.44147094600917,10.88613600421719,11.36531036531037,11.50350815203675,11.76181142975036
Republic of Moldova,MDA,"Out-of-school rate, primary age (%) (ROFST.1.CP)",UIS.ROFST.1.CP,8.44932327240687,8.073186068682935,8.095037561300314,7.926928501681675,0.2047222248108008,0.4447440686321848,0.6145166935241638,0.6410540541738428,0.6457799385256727,1.929101791836961,0.796509501793802,0.3355780576764175,0.432474408037575,0.5826345833247968,0.4628640982902787
Republic of Moldova,MDA,"Out-of-school rate, secondary age BEST (%) (ROFST.2T3.CP) [STRICT]",UIS.ROFST.SEC.BEST,19.46019070935414,20.56116974520942,20.23877641552497,21.09153255924492,8.483912706613053,7.998346858791392,7.216159107075715,9.070090427503326,8.259082975886754,8.229608365196855,6.796218040177357,5.925148924059709,4.85853705390475,5.432712407209578,5.284133313306217
Republic of Moldova,MDA,Secondary BEST source flag (2T3 / missing) [STRICT],UIS.SEC.SOURCE,2T3,2T3,2T3,2T3,2T3,2T3,2T3,2T3,2T3,2T3,2T3,2T3,2T3,2T3,2T3
Madagascar,MDG,"In-school proxy (100 - ROFST.1.CP), primary age (%)",SE.PRM.TENR,97.96857193940066,98.28339610534358,,97.92494435003226,97.97131457862575,97.90432563988426,97.1331344078496,97.80513506705789,97.59674244498426,91.10278987884521,,97.45389837177349,96.84124215566563,96.69257582134657,96.59946074025312
Madagascar,MDG,"In-school proxy (100 - ROFST.2T3.CP), secondary age BEST (%) [STRICT]",SE.SEC.NENR,54.86974106376248,55.76400425808083,56.79141057934508,62.74049697026173,55.56398416965617,56.68914502301916,48.58587548402571,57.50152703939921,55.52113985861806,53.20384509697023,52.27550114653451,53.44571240104155,49.69956875021464,48.34160642309415,48.81804369653033
Madagascar,MDG,"In-school proxy, primary age, female (%)",UIS.INS.PRM.F,99.7991477507649,,,,,,99.22976332466338,,99.87298282259658,93.55815982818604,,,,,
Madagascar,MDG,"In-school proxy, primary age, male (%)",UIS.INS.PRM.M,96.17366572388696,,,,,,95.07835636131749,,95.36995185752203,88.70326042175293,,,,,
Madagascar,MDG,"In-school proxy, secondary BEST (2T3), female (%) [STRICT]",UIS.INS.SEC.F,53.37601470196443,54.38793918363898,55.66954687601798,62.00138522682347,55.08662379788717,56.4701826563377,48.70213971056848,57.5805946619436,55.78987714481905,53.84763278484018,53.22442378451206,54.46870836733975,50.22481719326139,49.10081457347179,49.77481239707527
Madagascar,MDG,"In-school proxy, secondary BEST (2T3), male (%) [STRICT]",UIS.INS.SEC.M,56.33225479141979,57.11167656205824,57.89052962906816,63.46488510625074,56.03201411538357,56.90391223711702,48.47179443982582,57.42391688356633,55.25729310350941,52.57169925895251,51.3438847522891,52.44181591003748,49.18445576143462,47.59759921683376,47.88112605447474
Madagascar,MDG,"Pupil-teacher ratio, primary (trained) (ratio)",UIS.PTR.PRM.TRAINED,44.42355060321716,45.44998469188459,205.2168360212548,210.2438659667969,250.351414454037,273.2945496270797,272.9945790080738,280.2530660245282,270.6809221516873,240.386803185438,,,,,
Madagascar,MDG,"PTR secondary source flag (2T3 / avg(2,3) / only2 / only3 / missing)",UIS.PTR.SEC.SOURCE,missing,missing,2T3,missing,2T3,missing,2T3,2T3,2T3,2T3,missing,missing,missing,missing,missing
Madagascar,MDG,"Pupil-teacher ratio, secondary (trained) BEST (ratio)",UIS.PTR.SEC.TRAINED,,,93.61469784795788,,111.7634295974862,,104.9971084594727,97.49518587005038,95.67470028426646,94.1078172205438,,,,,
Madagascar,MDG,"Out-of-school rate, primary age (%) (ROFST.1.CP)",UIS.ROFST.1.CP,2.031428060599334,1.716603894656422,,2.075055649967743,2.028685421374249,2.095674360115742,2.86686559215041,2.194864932942104,2.403257555015736,8.897210121154785,,2.54610162822651,3.158757844334375,3.30742417865343,3.400539259746877
Madagascar,MDG,"Out-of-school rate, secondary age BEST (%) (ROFST.2T3.CP) [STRICT]",UIS.ROFST.SEC.BEST,45.13025893623752,44.23599574191917,43.20858942065492,37.25950302973827,44.43601583034383,43.31085497698084,51.41412451597429,42.49847296060079,44.47886014138194,46.79615490302977,47.72449885346549,46.55428759895845,50.30043124978536,51.65839357690585,51.18195630346967
Madagascar,MDG,Secondary BEST source flag (2T3 / missing) [STRICT],UIS.SEC.SOURCE,2T3,2T3,2T3,2T3,2T3,2T3,2T3,2T3,2T3,2T3,2T3,2T3,2T3,2T3,2T3
Mexico,MEX,"In-school proxy (100 - ROFST.1.CP), primary age (%)",SE.PRM.TENR,99.8374499976635,99.79287000000477,99.76639999449253,99.73032999038696,99.68514999747276,99.68364000320435,99.6873399913311,99.66620999574661,99.74401000142097,99.6829400062561,99.70906001329422,99.66672998666763,99.65808001160622,99.65178000926971,
Mexico,MEX,"In-school proxy (100 - ROFST.2T3.CP), secondary age BEST (%) [STRICT]",SE.SEC.NENR,75.82673072814941,75.60061073303223,76.78274917602539,80.49006080627441,82.27549934387207,84.18264961242676,85.0746202468872,84.61168956756592,83.74931907653809,83.53796005249023,82.49176025390625,81.11046028137207,80.45272064208984,81.60236930847168,
Mexico,MEX,"In-school proxy, secondary BEST (2T3), female (%) [STRICT]",UIS.INS.SEC.F,76.52181053161621,76.16674995422363,77.27363967895508,81.02404022216797,82.76262092590332,84.7479600906372,85.853440284729,85.69056987762451,85.14188003540039,85.13024997711182,84.3575496673584,83.34078025817871,83.23716926574707,84.13416004180908,
Mexico,MEX,"In-school proxy, secondary BEST (2T3), male (%) [STRICT]",UIS.INS.SEC.M,75.14794921875,75.0488395690918,76.30495071411133,79.97064971923828,81.80192947387695,83.63345909118652,84.31867027282715,83.56563949584961,82.40072059631348,81.99765968322754,80.6883602142334,78.95565032958984,77.76312065124512,79.15702056884766,
Mexico,MEX,"Pupil-teacher ratio, primary (trained) (ratio)",UIS.PTR.PRM.TRAINED,29.44651985168457,29.28330993652344,29.18372917175293,31.11091995239258,30.54948043823242,29.70389938354492,29.06467056274414,28.61322021484375,28.1053295135498,27.64682960510254,26.8761100769043,26.51543045043945,,,
Mexico,MEX,"PTR secondary source flag (2T3 / avg(2,3) / only2 / only3 / missing)",UIS.PTR.SEC.SOURCE,2T3,2T3,2T3,2T3,2T3,2T3,2T3,2T3,2T3,2T3,2T3,2T3,missing,missing,missing
Mexico,MEX,"Pupil-teacher ratio, secondary (trained) BEST (ratio)",UIS.PTR.SEC.TRAINED,19.68512916564941,20.63348960876465,19.32619094848633,21.94919967651367,19.30970001220703,18.94978904724121,18.67491912841797,19.01494979858398,18.88017082214355,18.82621002197266,18.31294059753418,17.57979965209961,,,
Mexico,MEX,"Out-of-school rate, primary age (%) (ROFST.1.CP)",UIS.ROFST.1.CP,0.1625500023365021,0.2071299999952316,0.2336000055074692,0.2696700096130371,0.3148500025272369,0.3163599967956543,0.3126600086688995,0.3337900042533875,0.2559899985790253,0.3170599937438965,0.29093998670578,0.3332700133323669,0.3419199883937836,0.3482199907302856,
Mexico,MEX,"Out-of-school rate, secondary age BEST (%) (ROFST.2T3.CP) [STRICT]",UIS.ROFST.SEC.BEST,24.17326927185059,24.39938926696777,23.21725082397461,19.50993919372559,17.72450065612793,15.81735038757324,14.92537975311279,15.38831043243408,16.25068092346191,16.46203994750977,17.50823974609375,18.88953971862793,19.54727935791016,18.39763069152832,
Mexico,MEX,Secondary BEST source flag (2T3 / missing) [STRICT],UIS.SEC.SOURCE,2T3,2T3,2T3,2T3,2T3,2T3,2T3,2T3,2T3,2T3,2T3,2T3,2T3,2T3,missing
North Macedonia,MKD,"In-school proxy (100 - ROFST.1.CP), primary age (%)",SE.PRM.TENR,99.68094998598099,,97.68792009353638,96.58731007575989,96.12959003448486,97.72090005874634,,97.09299993515015,96.65680003166199,92.73529005050659,93.1379599571228,92.63733005523682,97.03643989562988,96.20905995368958,
North Macedonia,MKD,"In-school proxy, primary age, female (%)",UIS.INS.PRM.F,,,97.36908006668091,96.47968006134033,95.9193000793457,97.80496001243591,,97.44233989715576,96.68224000930786,93.24380016326904,93.42682981491089,93.03337001800537,97.34402990341187,96.46698999404907,
North Macedonia,MKD,"In-school proxy, primary age, male (%)",UIS.INS.PRM.M,,,97.9880199432373,96.68870997428894,96.32744002342224,97.6418399810791,,96.76707005500793,96.6331000328064,92.26190996170044,92.87065982818604,92.26944017410278,96.748300075531,95.9679799079895,
North Macedonia,MKD,"PTR secondary source flag (2T3 / avg(2,3) / only2 / only3 / missing)",UIS.PTR.SEC.SOURCE,missing,missing,missing,missing,missing,missing,missing,missing,missing,missing,missing,missing,missing,missing,missing
North Macedonia,MKD,"Out-of-school rate, primary age (%) (ROFST.1.CP)",UIS.ROFST.1.CP,0.3190500140190125,,2.312079906463623,3.412689924240112,3.870409965515137,2.279099941253662,,2.907000064849854,3.343199968338013,7.264709949493408,6.862040042877197,7.362669944763184,2.963560104370117,3.790940046310425,
North Macedonia,MKD,Secondary BEST source flag (2T3 / missing) [STRICT],UIS.SEC.SOURCE,missing,missing,missing,missing,missing,missing,missing,missing,missing,missing,missing,missing,missing,missing,missing
Mali,MLI,"In-school proxy (100 - ROFST.1.CP), primary age (%)",SE.PRM.TENR,64.09979961116733,64.75143542841158,62.47894452839488,58.41377786380759,59.17938497164327,56.56821536888997,57.92853816248048,62.99801086874028,54.92792129516602,,,,,65.99217987060547,
Mali,MLI,"In-school proxy (100 - ROFST.2T3.CP), secondary age BEST (%) [STRICT]",SE.SEC.NENR,35.445863095713676,37.04698505966743,35.422655117495125,38.67985206266995,40.25308699978246,39.98894015145642,40.49127220514768,34.27404779892896,34.076102066608556,,,,,,
Mali,MLI,"In-school proxy, primary age, female (%)",UIS.INS.PRM.F,58.81211378376998,59.86103293177412,57.94835636320028,,55.36567705527494,52.83751014655927,53.82341136297678,59.22492974127997,51.74848175048828,,,,,62.79988861083984,
Mali,MLI,"In-school proxy, primary age, male (%)",UIS.INS.PRM.M,69.25402191278081,69.51882696120454,66.89634186714527,,62.89920745423531,60.20845845845846,61.93515648588821,66.68079192105202,58.03152847290039,,,,,69.11223030090332,
Mali,MLI,"In-school proxy, secondary BEST (2T3), female (%) [STRICT]",UIS.INS.SEC.F,29.036658559548087,30.642439539741957,29.844866872098336,,34.87148419241204,36.57004984497694,35.4343116645538,30.77747647299745,30.72231033328059,,,,,,
Mali,MLI,"In-school proxy, secondary BEST (2T3), male (%) [STRICT]",UIS.INS.SEC.M,41.69722037024106,43.28865814160644,40.85374791661766,,45.48456863770441,43.31225471300711,45.40837422666739,37.67509337192033,37.33955801334453,,,,,,
Mali,MLI,"Pupil-teacher ratio, primary (trained) (ratio)",UIS.PTR.PRM.TRAINED,,92.46432318992656,,,,,,,,,,,,132.6198759980374,
Mali,MLI,"PTR secondary source flag (2T3 / avg(2,3) / only2 / only3 / missing)",UIS.PTR.SEC.SOURCE,missing,only2,missing,missing,missing,missing,missing,missing,only2,missing,missing,missing,missing,2T3,missing
Mali,MLI,"Pupil-teacher ratio, secondary (trained) BEST (ratio)",UIS.PTR.SEC.TRAINED,,52.88895944842602,,,,,,,53.65045430251202,,,,,40.05468941811932,
Mali,MLI,"Out-of-school rate, primary age (%) (ROFST.1.CP)",UIS.ROFST.1.CP,35.90020038883267,35.24856457158842,37.52105547160512,41.58622213619241,40.82061502835673,43.43178463111003,42.07146183751952,37.00198913125972,45.07207870483398,,,,,34.00782012939453,
Mali,MLI,"Out-of-school rate, secondary age BEST (%) (ROFST.2T3.CP) [STRICT]",UIS.ROFST.SEC.BEST,64.55413690428632,62.95301494033257,64.57734488250487,61.32014793733005,59.74691300021754,60.01105984854358,59.50872779485232,65.72595220107104,65.92389793339144,,,,,,
Mali,MLI,Secondary BEST source flag (2T3 / missing) [STRICT],UIS.SEC.SOURCE,2T3,2T3,2T3,2T3,2T3,2T3,2T3,2T3,2T3,missing,missing,missing,missing,missing,missing
Malta,MLT,"In-school proxy (100 - ROFST.1.CP), primary age (%)",SE.PRM.TENR,,99.94726999849081,99.73212000727654,99.11456000804901,98.82697999477386,98.75381004810333,98.72493004798889,98.94195997714996,99.14035999774933,97.70578002929688,96.36564993858337,94.93200016021729,93.12301015853882,97.3622100353241,
Malta,MLT,"In-school proxy (100 - ROFST.2T3.CP), secondary age BEST (%) [STRICT]",SE.SEC.NENR,,,92.96731996536255,92.2424898147583,92.70528984069824,92.51584005355835,92.4780502319336,92.31156015396118,93.24265003204346,93.69791984558105,93.60626983642578,94.32764005661011,93.83729982376099,93.34626007080078,
Malta,MLT,"In-school proxy, primary age, female (%)",UIS.INS.PRM.F,,,,,,,,98.77056002616882,98.54814994335175,97.15579009056091,95.8800401687622,94.77660989761353,93.20528984069824,97.32696008682251,
Malta,MLT,"In-school proxy, primary age, male (%)",UIS.INS.PRM.M,,,,,,,,99.10254001617432,99.70050999522209,98.2253600358963,96.81815004348755,95.07703018188477,93.04734992980957,97.39457988739014,
Malta,MLT,"In-school proxy, secondary BEST (2T3), female (%) [STRICT]",UIS.INS.SEC.F,,,93.97285985946655,93.27309989929199,94.32277011871338,94.48302984237671,93.30237007141113,93.0638198852539,93.95325994491577,94.48624992370605,94.47086000442505,94.91087007522583,94.30965995788574,94.2902398109436,
Malta,MLT,"In-school proxy, secondary BEST (2T3), male (%) [STRICT]",UIS.INS.SEC.M,,,92.01126003265381,91.26459980010986,91.16971969604492,90.63547039031982,91.68500995635986,91.58829021453857,92.56542015075684,92.95969009399414,92.80073976516724,93.78145980834961,93.39418983459473,92.46811008453369,
Malta,MLT,"Pupil-teacher ratio, primary (trained) (ratio)",UIS.PTR.PRM.TRAINED,,,,,15.47043991088867,15.93785953521729,16.26420974731445,15.7196798324585,15.83055019378662,15.75765037536621,15.70888996124268,15.34226036071777,,,
Malta,MLT,"PTR secondary source flag (2T3 / avg(2,3) / only2 / only3 / missing)",UIS.PTR.SEC.SOURCE,missing,missing,missing,missing,missing,2T3,2T3,2T3,2T3,2T3,2T3,2T3,missing,missing,missing
Malta,MLT,"Pupil-teacher ratio, secondary (trained) BEST (ratio)",UIS.PTR.SEC.TRAINED,,,,,,9.97762966156006,9.373290061950684,10.16187953948975,10.21638965606689,10.11116027832031,10.07215976715088,10.03314018249512,,,
Malta,MLT,"Out-of-school rate, primary age (%) (ROFST.1.CP)",UIS.ROFST.1.CP,,0.0527300015091896,0.267879992723465,0.8854399919509888,1.173020005226135,1.246189951896667,1.275069952011108,1.058040022850037,0.8596400022506714,2.294219970703125,3.634350061416626,5.067999839782715,6.876989841461182,2.637789964675903,
Malta,MLT,"Out-of-school rate, secondary age BEST (%) (ROFST.2T3.CP) [STRICT]",UIS.ROFST.SEC.BEST,,,7.032680034637451,7.757510185241699,7.294710159301758,7.48415994644165,7.521949768066406,7.688439846038818,6.757349967956543,6.302080154418945,6.393730163574219,5.672359943389893,6.162700176239014,6.653739929199219,
Malta,MLT,Secondary BEST source flag (2T3 / missing) [STRICT],UIS.SEC.SOURCE,missing,missing,2T3,2T3,2T3,2T3,2T3,2T3,2T3,2T3,2T3,2T3,2T3,2T3,missing
Myanmar,MMR,"In-school proxy (100 - ROFST.1.CP), primary age (%)",SE.PRM.TENR,98.59092998504639,,,,,,,,,,,,,,
Myanmar,MMR,"In-school proxy (100 - ROFST.2T3.CP), secondary age BEST (%) [STRICT]",SE.SEC.NENR,56.08890914916992,,,,,,,77.31790924072266,80.67460060119629,,,,,,
Myanmar,MMR,"In-school proxy, secondary BEST (2T3), female (%) [STRICT]",UIS.INS.SEC.F,58.34901809692383,,,,,,,81.05883979797363,84.84963035583496,,,,,,
Myanmar,MMR,"In-school proxy, secondary BEST (2T3), male (%) [STRICT]",UIS.INS.SEC.M,53.92459106445312,,,,,,,73.74861907958984,76.69185066223145,,,,,,
Myanmar,MMR,"Pupil-teacher ratio, primary (trained) (ratio)",UIS.PTR.PRM.TRAINED,28.25580024719238,,,,27.68907928466797,,,,25.5513801574707,,,,,,
Myanmar,MMR,"PTR secondary source flag (2T3 / avg(2,3) / only2 / only3 / missing)",UIS.PTR.SEC.SOURCE,2T3,missing,missing,missing,2T3,missing,2T3,2T3,2T3,missing,missing,missing,missing,missing,missing
Myanmar,MMR,"Pupil-teacher ratio, secondary (trained) BEST (ratio)",UIS.PTR.SEC.TRAINED,34.48566055297852,,,,33.89556884765625,,26.2019100189209,28.39749908447266,30.6193904876709,,,,,,
Myanmar,MMR,"Out-of-school rate, primary age (%) (ROFST.1.CP)",UIS.ROFST.1.CP,1.409070014953613,,,,,,,,,,,,,,
Myanmar,MMR,"Out-of-school rate, secondary age BEST (%) (ROFST.2T3.CP) [STRICT]",UIS.ROFST.SEC.BEST,43.91109085083008,,,,,,,22.68209075927734,19.32539939880371,,,,,,
Myanmar,MMR,Secondary BEST source flag (2T3 / missing) [STRICT],UIS.SEC.SOURCE,2T3,missing,missing,missing,missing,missing,missing,2T3,2T3,missing,missing,missing,missing,missing,missing
Montenegro,MNE,"In-school proxy (100 - ROFST.1.CP), primary age (%)",SE.PRM.TENR,,99.63444998860359,99.13485997915268,,,99.96161000058055,98.74878001213074,99.87674999982119,97.71749997138977,99.67583999037743,99.69154998660088,99.82684999704361,,99.78167000412941,
Montenegro,MNE,"In-school proxy (100 - ROFST.2T3.CP), secondary age BEST (%) [STRICT]",SE.SEC.NENR,,,,,,,91.31241989135742,91.33082962036133,92.05139017105103,92.39559984207153,93.07178020477295,93.84745979309082,93.24555015563965,93.45463991165161,
Montenegro,MNE,"In-school proxy, primary age, female (%)",UIS.INS.PRM.F,,,99.68230000138283,,,,98.11047005653381,,,,,,,,
Montenegro,MNE,"In-school proxy, primary age, male (%)",UIS.INS.PRM.M,,,98.63033998012543,,,,99.32533997297287,,,,,,,,
Montenegro,MNE,"In-school proxy, secondary BEST (2T3), female (%) [STRICT]",UIS.INS.SEC.F,,,,,,,91.33267021179199,91.09047031402588,91.77114009857178,92.55390977859497,93.2372899055481,94.28463983535767,94.18650007247925,94.4727897644043,
Montenegro,MNE,"In-school proxy, secondary BEST (2T3), male (%) [STRICT]",UIS.INS.SEC.M,,,,,,,91.29356956481934,91.55370044708252,92.31054019927979,92.25001001358032,92.91982984542847,93.44868993759155,92.38363981246948,92.5213098526001,
Montenegro,MNE,"PTR secondary source flag (2T3 / avg(2,3) / only2 / only3 / missing)",UIS.PTR.SEC.SOURCE,missing,missing,missing,missing,missing,missing,missing,missing,missing,missing,missing,missing,missing,missing,missing
Montenegro,MNE,"Out-of-school rate, primary age (%) (ROFST.1.CP)",UIS.ROFST.1.CP,,0.3655500113964081,0.8651400208473206,,,0.0383899994194508,1.251219987869263,0.1232500001788139,2.282500028610229,0.3241600096225739,0.3084500133991241,0.1731500029563904,,0.2183299958705902,
Montenegro,MNE,"Out-of-school rate, secondary age BEST (%) (ROFST.2T3.CP) [STRICT]",UIS.ROFST.SEC.BEST,,,,,,,8.687580108642578,8.669170379638672,7.948609828948975,7.604400157928467,6.928219795227051,6.15254020690918,6.754449844360352,6.545360088348389,
Montenegro,MNE,Secondary BEST source flag (2T3 / missing) [STRICT],UIS.SEC.SOURCE,missing,missing,missing,missing,missing,missing,2T3,2T3,2T3,2T3,2T3,2T3,2T3,2T3,missing
Mongolia,MNG,"In-school proxy (100 - ROFST.1.CP), primary age (%)",SE.PRM.TENR,99.73921999335289,99.8092200011015,98.25867998600006,95.18865013122559,94.56173992156982,94.97145986557007,95.92097997665405,93.79019021987915,95.21600949911048,94.09749696145767,92.30603226992984,91.66118983990619,92.58400692545338,92.25210591403221,91.43625056138605
Mongolia,MNG,"In-school proxy (100 - ROFST.2T3.CP), secondary age BEST (%) [STRICT]",SE.SEC.NENR,,,,,,,,,90.8576717314973,89.29610328298904,90.7336471628758,93.26293201094234,90.42525760368778,94.28767013549805,
Mongolia,MNG,"In-school proxy, primary age, female (%)",UIS.INS.PRM.F,,,97.98519992828369,94.67492008209229,94.39085006713867,94.88734006881714,96.0568299293518,94.21154022216797,95.89587149445961,95.14876757547104,93.68805427940605,93.00758264997607,93.97450381433111,93.5157764417106,92.17897239455286
Mongolia,MNG,"In-school proxy, primary age, male (%)",UIS.INS.PRM.M,,,98.52456998825073,95.68764019012451,94.72740983963013,95.05276012420654,95.79020023345947,93.38661003112793,94.56954069294528,93.1047986201204,91.01235858284463,90.40233124502024,91.28487293758134,91.07008307993577,90.7407330750914
Mongolia,MNG,"In-school proxy, secondary BEST (2T3), female (%) [STRICT]",UIS.INS.SEC.F,,,,,,,,,93.82708891501935,92.64625180820367,94.20942100152644,96.48597209793526,93.07254454928297,96.90054988861084,
Mongolia,MNG,"In-school proxy, secondary BEST (2T3), male (%) [STRICT]",UIS.INS.SEC.M,,,,,,,,,88.03925821573583,86.14745109512694,87.49614580103564,90.25568715580897,87.95011309133713,91.84370040893555,
Mongolia,MNG,"Pupil-teacher ratio, primary (trained) (ratio)",UIS.PTR.PRM.TRAINED,30.99140271493212,29.75669317799933,28.96286262557851,27.5867341202923,27.20728823194997,,29.39941564765718,,32.39574824588962,34.24599434495759,,,32.46783472803347,33.12966498871724,36.83032596041909
Mongolia,MNG,"PTR secondary source flag (2T3 / avg(2,3) / only2 / only3 / missing)",UIS.PTR.SEC.SOURCE,2T3,missing,missing,missing,missing,missing,missing,missing,2T3,2T3,missing,missing,2T3,2T3,missing
Mongolia,MNG,"Pupil-teacher ratio, secondary (trained) BEST (ratio)",UIS.PTR.SEC.TRAINED,14.84817028045654,,,,,,,,15.34108609271523,15.06041591038739,,,40.31141719573873,44.42881738943291,
Mongolia,MNG,"Out-of-school rate, primary age (%) (ROFST.1.CP)",UIS.ROFST.1.CP,0.26078000664711,0.1907799988985062,1.741320013999939,4.811349868774414,5.438260078430176,5.028540134429932,4.079020023345947,6.20980978012085,4.78399050088951,5.902503038542338,7.693967730070151,8.338810160093809,7.415993074546616,7.747894085967783,8.563749438613955
Mongolia,MNG,"Out-of-school rate, secondary age BEST (%) (ROFST.2T3.CP) [STRICT]",UIS.ROFST.SEC.BEST,,,,,,,,,9.142328268502697,10.70389671701097,9.266352837124202,6.73706798905766,9.574742396312214,5.712329864501953,
Mongolia,MNG,Secondary BEST source flag (2T3 / missing) [STRICT],UIS.SEC.SOURCE,missing,missing,missing,missing,missing,missing,missing,missing,2T3,2T3,2T3,2T3,2T3,2T3,missing
Mozambique,MOZ,"In-school proxy (100 - ROFST.1.CP), primary age (%)",SE.PRM.TENR,93.440547690896,92.04756669985045,93.11796880577903,95.01304423061754,96.0958008952586,97.24379054553322,95.51105110870546,93.47726964666923,96.57076090894627,98.73712052962051,99.18441434024649,,99.0000252093011,,
Mozambique,MOZ,"In-school proxy (100 - ROFST.2T3.CP), secondary age BEST (%) [STRICT]",SE.SEC.NENR,53.73516408535616,52.11294564428216,50.25030008177162,49.83428216989483,48.30687888472664,48.52050938674227,48.41805340375219,49.47139669101617,51.64257662035416,53.54608257489141,57.55661645730678,,57.20547376983608,,
Mozambique,MOZ,"In-school proxy, primary age, female (%)",UIS.INS.PRM.F,90.41049683578579,89.37879481443736,90.46934366669016,92.31296863083034,93.51842634399523,,93.50234429635329,91.86915238366947,95.16422209878061,,,,,,
Mozambique,MOZ,"In-school proxy, primary age, male (%)",UIS.INS.PRM.M,96.48122606315843,94.72393429786999,95.7721991474871,97.71677760154199,98.67437889231849,,97.51707521261065,95.08181046482008,97.97266789185214,,,,,,
Mozambique,MOZ,"In-school proxy, secondary BEST (2T3), female (%) [STRICT]",UIS.INS.SEC.F,47.38040527048333,46.35981501488116,44.96363009741926,44.9764566571922,43.97047030146989,44.50537082037045,44.7393993209062,46.04135466012562,47.99324321499203,50.0208979391417,53.83145967227507,,54.38889164116029,,
Mozambique,MOZ,"In-school proxy, secondary BEST (2T3), male (%) [STRICT]",UIS.INS.SEC.M,60.13549869086472,57.91058380853764,55.57788425762843,54.72925276367101,52.67497284603452,52.56319274716121,52.119482807437,52.91982187551427,55.30750519632043,57.08356063938994,61.29187189718395,,60.02431607010918,,
Mozambique,MOZ,"Pupil-teacher ratio, primary (trained) (ratio)",UIS.PTR.PRM.TRAINED,77.0176862012608,69.18458722361957,65.56977853909213,62.42932989923636,60.57190628305253,58.28034087861662,56.02737401519742,53.67718715393134,56.5932815463355,58.11191872678688,58.80096265046504,,57.74406800114642,,
Mozambique,MOZ,"PTR secondary source flag (2T3 / avg(2,3) / only2 / only3 / missing)",UIS.PTR.SEC.SOURCE,2T3,2T3,2T3,2T3,2T3,2T3,missing,missing,missing,missing,missing,missing,missing,missing,missing
Mozambique,MOZ,"Pupil-teacher ratio, secondary (trained) BEST (ratio)",UIS.PTR.SEC.TRAINED,45.31917190551758,41.65924072265625,39.3053092956543,47.76520156860352,45.11565017700195,46.73014068603516,,,,,,,,,
Mozambique,MOZ,"Out-of-school rate, primary age (%) (ROFST.1.CP)",UIS.ROFST.1.CP,6.559452309104001,7.952433300149544,6.88203119422097,4.986955769382464,3.904199104741388,2.756209454466781,4.488948891294535,6.522730353330773,3.429239091053731,1.262879470379484,0.8155856597535023,,0.9999747906988982,,
Mozambique,MOZ,"Out-of-school rate, secondary age BEST (%) (ROFST.2T3.CP) [STRICT]",UIS.ROFST.SEC.BEST,46.26483591464384,47.88705435571784,49.74969991822838,50.16571783010517,51.69312111527336,51.47949061325773,51.58194659624781,50.52860330898383,48.35742337964584,46.45391742510859,42.44338354269322,,42.79452623016392,,
Mozambique,MOZ,Secondary BEST source flag (2T3 / missing) [STRICT],UIS.SEC.SOURCE,2T3,2T3,2T3,2T3,2T3,2T3,2T3,2T3,2T3,2T3,2T3,missing,2T3,missing,missing
Mauritania,MRT,"In-school proxy (100 - ROFST.1.CP), primary age (%)",SE.PRM.TENR,71.38166046142578,71.18595176706884,69.13751043589915,70.74246516274393,71.9639133984985,75.43168199719113,67.28295950307336,71.15579335026126,72.5326243497848,69.09486038030494,74.60037389187212,,,,88.74376219925259
Mauritania,MRT,"In-school proxy (100 - ROFST.2T3.CP), secondary age BEST (%) [STRICT]",SE.SEC.NENR,,43.92301362347993,49.40208487118088,46.29077287344948,46.7302480359532,47.47224416815668,45.06101183528173,46.21670052482742,49.92669798820866,55.78549623950336,47.24460680231165,,,,48.50336937784046
Mauritania,MRT,"In-school proxy, primary age, female (%)",UIS.INS.PRM.F,71.42453956604004,71.40049417977822,69.76137590935953,70.62025002933086,72.1367079509884,75.85520074912993,68.19949965590267,72.41124620321835,73.11463664562639,70.59494346581259,76.75148446466042,,,,89.70211828592909
Mauritania,MRT,"In-school proxy, primary age, male (%)",UIS.INS.PRM.M,71.33847045898438,70.96819331575264,68.50165290686606,70.86714965405113,71.78904789551925,75.00643161660216,66.36942787666112,69.91305924893166,71.96029437867803,67.62896592786181,72.50319405790015,,,,87.80902471263562
Mauritania,MRT,"In-school proxy, secondary BEST (2T3), female (%) [STRICT]",UIS.INS.SEC.F,,41.80071925404312,45.87481670139692,43.21435780240231,44.64788122754621,45.43870953119485,44.92654734803225,45.96873037263786,50.6309790953112,56.64960175524803,47.83519456580915,,,,50.93139217470428
Mauritania,MRT,"In-school proxy, secondary BEST (2T3), male (%) [STRICT]",UIS.INS.SEC.M,,46.12754820525821,53.12083912773323,49.57699743092176,48.94300543799378,49.62035187566695,45.20210768738389,46.4749818985557,49.19891011499934,54.89977891330766,46.64413218356893,,,,46.1060600615709
Mauritania,MRT,"Pupil-teacher ratio, primary (trained) (ratio)",UIS.PTR.PRM.TRAINED,37.15185625393274,39.29442815249267,40.129322218195,,37.68925798650884,,,41.68505374163455,37.58739172833133,42.05984975476501,,,,,
Mauritania,MRT,"PTR secondary source flag (2T3 / avg(2,3) / only2 / only3 / missing)",UIS.PTR.SEC.SOURCE,missing,only2,missing,missing,2T3,only2,only3,2T3,missing,2T3,2T3,missing,missing,missing,missing
Mauritania,MRT,"Pupil-teacher ratio, secondary (trained) BEST (ratio)",UIS.PTR.SEC.TRAINED,,46.89089965820313,,,38.09450830140485,53.22716535433071,20.33166332665331,24.38557052612305,,31.10016754427956,30.94674485399713,,,,
Mauritania,MRT,"Out-of-school rate, primary age (%) (ROFST.1.CP)",UIS.ROFST.1.CP,28.61833953857422,28.81404823293116,30.86248956410085,29.25753483725607,28.03608660150149,24.56831800280886,32.71704049692665,28.84420664973874,27.4673756502152,30.90513961969506,25.39962610812787,,,,11.25623780074741
Mauritania,MRT,"Out-of-school rate, secondary age BEST (%) (ROFST.2T3.CP) [STRICT]",UIS.ROFST.SEC.BEST,,56.07698637652007,50.59791512881912,53.70922712655052,53.2697519640468,52.52775583184332,54.93898816471827,53.78329947517258,50.07330201179134,44.21450376049664,52.75539319768835,,,,51.49663062215954
Mauritania,MRT,Secondary BEST source flag (2T3 / missing) [STRICT],UIS.SEC.SOURCE,missing,2T3,2T3,2T3,2T3,2T3,2T3,2T3,2T3,2T3,2T3,missing,missing,missing,2T3
Montserrat,MSR,"In-school proxy (100 - ROFST.1.CP), primary age (%)",SE.PRM.TENR,,,,,96.11649990081787,,,,,,,99.7906995042883,99.8220442664887,93.31419196062345,
Montserrat,MSR,"In-school proxy (100 - ROFST.2T3.CP), secondary age BEST (%) [STRICT]",SE.SEC.NENR,,,,,91.7657299041748,,,,,,,,94.03371050284052,89.73956288443921,
Montserrat,MSR,"In-school proxy, secondary BEST (2T3), female (%) [STRICT]",UIS.INS.SEC.F,,,,,91.7808198928833,,,,,,,,,,
Montserrat,MSR,"In-school proxy, secondary BEST (2T3), male (%) [STRICT]",UIS.INS.SEC.M,,,,,91.75245952606201,,,,,,,,,,
Montserrat,MSR,"Pupil-teacher ratio, primary (trained) (ratio)",UIS.PTR.PRM.TRAINED,,,,,15.13793103448276,,20.7391300201416,,21.90476036071777,19.90909004211426,,,,,
Montserrat,MSR,"PTR secondary source flag (2T3 / avg(2,3) / only2 / only3 / missing)",UIS.PTR.SEC.SOURCE,missing,missing,missing,missing,2T3,missing,missing,missing,2T3,2T3,missing,missing,missing,missing,missing
Montserrat,MSR,"Pupil-teacher ratio, secondary (trained) BEST (ratio)",UIS.PTR.SEC.TRAINED,,,,,26.38461538461538,,,,18.64706039428711,18.9411792755127,,,,,
Montserrat,MSR,"Out-of-school rate, primary age (%) (ROFST.1.CP)",UIS.ROFST.1.CP,,,,,3.883500099182129,,,,,,,0.2093004957117008,0.1779557335112941,6.685808039376552,
Montserrat,MSR,"Out-of-school rate, secondary age BEST (%) (ROFST.2T3.CP) [STRICT]",UIS.ROFST.SEC.BEST,,,,,8.234270095825195,,,,,,,,5.966289497159479,10.26043711556079,
Montserrat,MSR,Secondary BEST source flag (2T3 / missing) [STRICT],UIS.SEC.SOURCE,missing,missing,missing,missing,2T3,missing,missing,missing,missing,missing,missing,missing,2T3,2T3,missing
Mauritius,MUS,"In-school proxy (100 - ROFST.1.CP), primary age (%)",SE.PRM.TENR,96.89563898954077,96.37357049906495,92.33634726035783,94.1072841015316,94.49195936782087,94.71421321255183,94.9949303167061,95.30518867435129,97.56945191624884,95.80374435119433,96.35928198869328,93.91273374888691,,98.2565891955885,99.21463193097978
Mauritius,MUS,"In-school proxy (100 - ROFST.2T3.CP), secondary age BEST (%) [STRICT]",SE.SEC.NENR,81.44181749751942,82.3372263794671,87.16624502314997,86.58437409236132,79.10341001985286,86.22613610704427,85.4400903576903,84.6928373027599,82.94553383413731,81.98106080838757,81.60301152850757,81.0571121647053,,83.45194024650493,83.51060465032216
Mauritius,MUS,"In-school proxy, primary age, female (%)",UIS.INS.PRM.F,97.9188854164848,97.27009730867012,92.97200184994131,95.00375038875981,95.29822323120509,95.44436873357344,95.91951937421878,95.86700336700336,98.0549572482214,96.36114049103224,95.9663513072657,94.47188953418319,,98.6599196460357,
Mauritius,MUS,"In-school proxy, primary age, male (%)",UIS.INS.PRM.M,95.90999293666543,95.50693196840786,91.7217062263502,93.2414524251259,93.71187917513797,94.0074624053066,94.0956153423798,94.75881546364324,97.09444645479896,95.25823147230481,96.74306393244873,93.36968732447107,,97.8689606295364,
Mauritius,MUS,"In-school proxy, secondary BEST (2T3), female (%) [STRICT]",UIS.INS.SEC.F,83.9576625996601,84.52844564849306,,88.9825893711275,83.48270498481594,88.34632623777755,87.65437629735824,87.49267324947022,85.40051679586563,84.44064636420137,84.31875787090912,83.85494368575505,,85.66333556975881,86.00817014416825
Mauritius,MUS,"In-school proxy, secondary BEST (2T3), male (%) [STRICT]",UIS.INS.SEC.M,78.97348299983732,80.1838653318173,,84.24892150258697,74.85000647454066,84.16944093674664,83.30306698950767,81.98631430605396,80.57480037576327,79.60744328320163,78.97312400623659,78.34012609055594,,81.2986745061633,81.07900838237917
Mauritius,MUS,"Pupil-teacher ratio, primary (trained) (ratio)",UIS.PTR.PRM.TRAINED,21.46052631578947,20.35905981406771,20.93864013266998,19.7483671988389,18.70669745958429,18.78185185185185,17.79444038039503,17.93769290123457,16.19840983014095,15.20305018620323,13.97831611045231,14.17267520215633,,15.78031914893617,13.75813802083333
Mauritius,MUS,"PTR secondary source flag (2T3 / avg(2,3) / only2 / only3 / missing)",UIS.PTR.SEC.SOURCE,missing,missing,2T3,2T3,2T3,2T3,missing,2T3,2T3,2T3,2T3,missing,missing,missing,2T3
Mauritius,MUS,"Pupil-teacher ratio, secondary (trained) BEST (ratio)",UIS.PTR.SEC.TRAINED,,,33.15675534689619,28.84103965759277,41.65393047290949,41.16400765794512,,22.89709376713581,20.69021463579517,25.59341581044244,20.43401969561325,,,,18.1710407239819
Mauritius,MUS,"Out-of-school rate, primary age (%) (ROFST.1.CP)",UIS.ROFST.1.CP,3.104361010459229,3.626429500935047,7.663652739642177,5.892715898468397,5.508040632179136,5.285786787448171,5.005069683293902,4.694811325648714,2.430548083751157,4.196255648805681,3.640718011306721,6.08726625111309,,1.74341080441149,0.7853680690202199
Mauritius,MUS,"Out-of-school rate, secondary age BEST (%) (ROFST.2T3.CP) [STRICT]",UIS.ROFST.SEC.BEST,18.55818250248058,17.6627736205329,12.83375497685003,13.41562590763869,20.89658998014714,13.77386389295573,14.5599096423097,15.30716269724011,17.05446616586269,18.01893919161243,18.39698847149243,18.94288783529469,,16.54805975349506,16.48939534967784
Mauritius,MUS,Secondary BEST source flag (2T3 / missing) [STRICT],UIS.SEC.SOURCE,2T3,2T3,2T3,2T3,2T3,2T3,2T3,2T3,2T3,2T3,2T3,2T3,missing,2T3,2T3
Malawi,MWI,"In-school proxy (100 - ROFST.1.CP), primary age (%)",SE.PRM.TENR,,,,,,,,,,,,97.76280824405502,97.91099486986614,,
Malawi,MWI,"In-school proxy (100 - ROFST.2T3.CP), secondary age BEST (%) [STRICT]",SE.SEC.NENR,63.70418067105307,65.09451675449232,64.34313447941997,65.53931827678626,67.6409581428087,67.04693555952457,69.29447460093314,67.49966795341976,64.97274576190256,63.01901363366243,66.77327556591769,55.06327677430639,57.40347161036343,57.99740857820586,60.78633370240677
Malawi,MWI,"In-school proxy, secondary BEST (2T3), female (%) [STRICT]",UIS.INS.SEC.F,60.83662588479375,62.45158653109193,61.52453748219695,63.21321136639982,65.58222272226712,64.77247517419914,33.50042822713965,66.70530325623437,66.27406472934675,60.69819426868843,66.60999687961842,55.80102995479459,58.25201797237066,60.19479432630337,61.81058867432237
Malawi,MWI,"In-school proxy, secondary BEST (2T3), male (%) [STRICT]",UIS.INS.SEC.M,66.68976313545483,67.82124457863083,67.23113149456323,67.91152158292074,69.73417950791188,69.3558946846702,70.52099486912468,68.30615463491947,63.65109417482736,65.37654959088704,66.93915572286241,54.31385570176058,56.54198627147976,55.76887376631039,59.74884047646329
Malawi,MWI,"Pupil-teacher ratio, primary (trained) (ratio)",UIS.PTR.PRM.TRAINED,82.6498031616211,86.0107421875,80.85478210449219,76.14481353759766,,,,,,,,,,,57.047069847906
Malawi,MWI,"PTR secondary source flag (2T3 / avg(2,3) / only2 / only3 / missing)",UIS.PTR.SEC.SOURCE,2T3,2T3,2T3,2T3,missing,missing,missing,missing,missing,missing,only2,only2,only2,only2,missing
Malawi,MWI,"Pupil-teacher ratio, secondary (trained) BEST (ratio)",UIS.PTR.SEC.TRAINED,72.36351013183594,70.96800231933594,64.21235656738281,63.52069854736328,,,,,,,102.5079609655881,85.28911629686304,81.5640861785649,63.25212694125591,
Malawi,MWI,"Out-of-school rate, primary age (%) (ROFST.1.CP)",UIS.ROFST.1.CP,,,,,,,,,,,,2.237191755944981,2.089005130133855,,
Malawi,MWI,"Out-of-school rate, secondary age BEST (%) (ROFST.2T3.CP) [STRICT]",UIS.ROFST.SEC.BEST,36.29581932894693,34.90548324550768,35.65686552058003,34.46068172321374,32.35904185719129,32.95306444047543,30.70552539906685,32.50033204658023,35.02725423809744,36.98098636633757,33.22672443408231,44.93672322569361,42.59652838963657,42.00259142179414,39.21366629759323
Malawi,MWI,Secondary BEST source flag (2T3 / missing) [STRICT],UIS.SEC.SOURCE,2T3,2T3,2T3,2T3,2T3,2T3,2T3,2T3,2T3,2T3,2T3,2T3,2T3,2T3,2T3
Malaysia,MYS,"In-school proxy (100 - ROFST.1.CP), primary age (%)",SE.PRM.TENR,95.37627983093262,94.92513990402222,94.67098999023438,94.52080924820264,92.99523294965634,92.15471724703687,91.97145679919473,92.06244098257422,92.18984050942595,89.09558040009942,88.2334087931499,87.87532465352052,87.53814776991403,90.8570148584198,88.03036504778106
Malaysia,MYS,"In-school proxy (100 - ROFST.2T3.CP), secondary age BEST (%) [STRICT]",SE.SEC.NENR,77.07768058776855,76.54714012145996,78.5461597442627,75.83917045593262,73.21524047851562,,70.00638008117676,69.00139999389648,65.87110137939453,67.98017120361328,65.89282989501953,67.13218116573157,72.35286792597417,73.62848339924584,73.59564821555863
Malaysia,MYS,"In-school proxy, primary age, female (%)",UIS.INS.PRM.F,96.444580078125,96.41321992874146,96.03346991539001,95.8712151799095,93.94511167815884,93.63224030191621,93.13269900328793,93.35828453458328,93.41858114866322,90.32596874967939,89.62440380930735,89.39176306605393,88.8405807849521,92.22342394131516,88.89650529333315
Malaysia,MYS,"In-school proxy, primary age, male (%)",UIS.INS.PRM.M,94.38951015472412,93.5538101196289,93.41767978668213,93.27805341021265,92.12006347692383,90.79133813312286,90.89798969829351,90.86305793337668,91.05297474002386,87.96101832011239,86.95481365594591,86.47867093317114,86.33416247999023,89.58661546587486,87.21906275112448
Malaysia,MYS,"In-school proxy, secondary BEST (2T3), female (%) [STRICT]",UIS.INS.SEC.F,80.72019004821777,80.75128936767578,82.95192909240723,80.23447036743164,77.92143058776855,,75.24604988098145,73.74649047851562,70.41130065917969,72.20281028747559,69.28586959838867,70.3284417531354,75.89077020623624,76.73185285483481,76.47080038419048
Malaysia,MYS,"In-school proxy, secondary BEST (2T3), male (%) [STRICT]",UIS.INS.SEC.M,73.70165061950684,72.67625045776367,74.53787040710449,71.87285041809082,68.98911094665527,,65.31573867797852,64.75037002563477,61.79175186157227,64.1690788269043,62.81882095336914,64.21656335416543,69.1038670340259,70.76456082647425,70.93707710948685
Malaysia,MYS,"Pupil-teacher ratio, primary (trained) (ratio)",UIS.PTR.PRM.TRAINED,13.21488952636719,12.82180605662193,12.44764720563672,12.23333119763616,11.56904597240927,11.52856294977372,11.64255812818424,11.78410158846586,,12.32729911396273,12.48722800761781,11.9237699508667,13.54373944857172,13.56586589924018,11.86906796780309
Malaysia,MYS,"PTR secondary source flag (2T3 / avg(2,3) / only2 / only3 / missing)",UIS.PTR.SEC.SOURCE,2T3,2T3,2T3,2T3,missing,missing,2T3,2T3,2T3,2T3,2T3,2T3,2T3,2T3,2T3
Malaysia,MYS,"Pupil-teacher ratio, secondary (trained) BEST (ratio)",UIS.PTR.SEC.TRAINED,14.56542015075684,13.85941982269287,14.00516986846924,13.48219966888428,,,13.32952976226807,12.49847030639648,12.20261001586914,12.67593002319336,12.2492504119873,12.10756969451904,13.61521997621879,12.56270002631138,13.31547898168177
Malaysia,MYS,"Out-of-school rate, primary age (%) (ROFST.1.CP)",UIS.ROFST.1.CP,4.623720169067383,5.074860095977783,5.329010009765625,5.479190751797358,7.004767050343659,7.845282752963135,8.028543200805272,7.937559017425783,7.810159490574053,10.90441959990058,11.7665912068501,12.12467534647947,12.46185223008597,9.1429851415802,11.96963495221894
Malaysia,MYS,"Out-of-school rate, secondary age BEST (%) (ROFST.2T3.CP) [STRICT]",UIS.ROFST.SEC.BEST,22.92231941223145,23.45285987854004,21.4538402557373,24.16082954406738,26.78475952148438,,29.99361991882324,30.99860000610352,34.12889862060547,32.01982879638672,34.10717010498047,32.86781883426844,27.64713207402583,26.37151660075416,26.40435178444137
Malaysia,MYS,Secondary BEST source flag (2T3 / missing) [STRICT],UIS.SEC.SOURCE,2T3,2T3,2T3,2T3,2T3,missing,2T3,2T3,2T3,2T3,2T3,2T3,2T3,2T3,2T3
Namibia,NAM,"In-school proxy (100 - ROFST.1.CP), primary age (%)",SE.PRM.TENR,95.08366307877313,96.28567876376371,97.99210161969513,99.20439765895247,98.84241732212169,98.60231276357644,98.43195593690207,98.53709495907691,98.52747007496546,98.59232010933893,98.94983198256226,99.13714537582129,98.90062105658845,99.19874381576209,99.13450347816887
Namibia,NAM,"In-school proxy (100 - ROFST.2T3.CP), secondary age BEST (%) [STRICT]",SE.SEC.NENR,81.72215298425459,83.72481150520296,86.93151960810496,87.89653859745748,88.84379906813484,88.96289412080532,88.14773446450855,88.5052181703725,87.93366376053476,88.40729196601087,92.05009351122271,91.02773833097892,91.1482467115099,91.09474732816446,91.57002668136455
Namibia,NAM,"In-school proxy, primary age, female (%)",UIS.INS.PRM.F,95.89961704646096,96.91330409474126,98.67634405781217,,,,,,,,,,,,
Namibia,NAM,"In-school proxy, primary age, male (%)",UIS.INS.PRM.M,94.25144987526085,95.64634656881307,97.2961112119091,,,,,,,,,,,,
Namibia,NAM,"In-school proxy, secondary BEST (2T3), female (%) [STRICT]",UIS.INS.SEC.F,81.99904593875176,83.99525339414095,87.15228923152713,88.11839953859663,88.98529493383879,89.12114900316367,88.24440214020368,88.97724143591633,88.84324302351224,,,,,,
Namibia,NAM,"In-school proxy, secondary BEST (2T3), male (%) [STRICT]",UIS.INS.SEC.M,81.43562710474447,83.44539399113955,86.70382283007913,87.66855708713561,88.69918426761159,88.80214130052141,88.0501022329208,88.03139467621469,87.02648344234461,,,,,,
Namibia,NAM,"Pupil-teacher ratio, primary (trained) (ratio)",UIS.PTR.PRM.TRAINED,31.05258758264306,,41.84817488969114,,30.18823365008384,30.37673469387755,30.26288933068257,30.53198416751788,29.9996346809547,29.80192982456141,29.00704697986577,29.21187643270385,29.08869297360454,28.92011061607006,29.11566740685912
Namibia,NAM,"PTR secondary source flag (2T3 / avg(2,3) / only2 / only3 / missing)",UIS.PTR.SEC.SOURCE,2T3,missing,2T3,missing,2T3,2T3,2T3,2T3,2T3,2T3,2T3,2T3,2T3,2T3,2T3
Namibia,NAM,"Pupil-teacher ratio, secondary (trained) BEST (ratio)",UIS.PTR.SEC.TRAINED,24.06906077348066,,35.28351012536162,,22.6862979333413,22.57995391705069,22.88165545547828,22.22793713594901,21.84801306477953,22.76609709177323,22.11730509706218,22.267535376158,22.75649584060799,23.06308670636923,23.14442592411021
Namibia,NAM,"Out-of-school rate, primary age (%) (ROFST.1.CP)",UIS.ROFST.1.CP,4.916336921226875,3.714321236236285,2.007898380304871,0.795602341047532,1.157582677878303,1.397687236423558,1.568044063097925,1.462905040923091,1.472529925034539,1.407679890661078,1.050168017437735,0.8628546241787143,1.099378943411547,0.8012561842379082,0.8654965218311307
Namibia,NAM,"Out-of-school rate, secondary age BEST (%) (ROFST.2T3.CP) [STRICT]",UIS.ROFST.SEC.BEST,18.2778470157454,16.27518849479704,13.06848039189504,12.10346140254252,11.15620093186515,11.03710587919469,11.85226553549146,11.4947818296275,12.06633623946525,11.59270803398912,7.949906488777287,8.97226166902108,8.851753288490109,8.905252671835537,8.429973318635444
Namibia,NAM,Secondary BEST source flag (2T3 / missing) [STRICT],UIS.SEC.SOURCE,2T3,2T3,2T3,2T3,2T3,2T3,2T3,2T3,2T3,2T3,2T3,2T3,2T3,2T3,2T3
Niger,NER,"In-school proxy (100 - ROFST.1.CP), primary age (%)",SE.PRM.TENR,54.17128565031781,58.74406449629351,60.06351148357966,60.58065920630488,60.09056312343223,61.87992251269491,63.06434002087776,66.17006573520743,,59.29192682198866,,58.6955700203248,58.99436224200505,60.61951592201101,59.58759854239829
Niger,NER,"In-school proxy (100 - ROFST.2T3.CP), secondary age BEST (%) [STRICT]",SE.SEC.NENR,15.271623023356412,15.436180274810141,15.398046913835131,,21.389605606485134,23.088941099275587,25.253026525772057,26.264073200276698,,23.586766061627316,,21.889971842855545,20.928350829894825,20.410362873004402,16.826547006919967
Niger,NER,"In-school proxy, primary age, female (%)",UIS.INS.PRM.F,47.87540618623821,52.37951809324136,54.39710855326322,55.18274511609584,55.08163982185889,56.69099081765268,57.9232459502274,61.24263606968317,,55.45125006880832,,56.01274970603146,56.71721277662778,58.86098179764777,58.27027657048912
Niger,NER,"In-school proxy, primary age, male (%)",UIS.INS.PRM.M,60.24511243725154,64.8858610247973,65.53342914460444,65.79227651186555,64.92700909547492,66.89096800485612,68.02991449241662,70.92949860687452,,63.00061620359524,,61.28618502705082,61.19357553402926,62.31826310356573,60.86048985038936
Niger,NER,"In-school proxy, secondary BEST (2T3), female (%) [STRICT]",UIS.INS.SEC.F,12.8736104410619,12.724177395115078,12.583809012233289,,17.96357633444022,19.496904974836482,21.625344973609714,22.788564799306386,,21.15768135773395,,20.20169992000008,19.83433030339347,19.627060187039262,16.65518321910325
Niger,NER,"In-school proxy, secondary BEST (2T3), male (%) [STRICT]",UIS.INS.SEC.M,17.57483819101401,18.041194765565407,18.102002130148165,,24.68501046793007,26.54517113335696,28.74494504411288,29.610911277382257,,25.92803729098621,,23.51772862782326,21.983276542432634,21.165774634648443,16.991821688689683
Niger,NER,"Pupil-teacher ratio, primary (trained) (ratio)",UIS.PTR.PRM.TRAINED,,,,79.2141002669397,71.38668213311597,65.96996924073174,65.16324799121625,,,,,42.19710367229089,44.16591526632968,45.32265755026764,43.63031474323578
Niger,NER,"PTR secondary source flag (2T3 / avg(2,3) / only2 / only3 / missing)",UIS.PTR.SEC.SOURCE,2T3,missing,missing,missing,only3,only3,missing,only3,missing,missing,missing,missing,missing,2T3,2T3
Niger,NER,"Pupil-teacher ratio, secondary (trained) BEST (ratio)",UIS.PTR.SEC.TRAINED,185.9763493026076,,,,122.8764434180139,110.3407766990291,,139.484995159729,,,,,,118.9472033455306,59.5164113785558
Niger,NER,"Out-of-school rate, primary age (%) (ROFST.1.CP)",UIS.ROFST.1.CP,45.82871434968219,41.25593550370649,39.93648851642034,39.41934079369512,39.90943687656777,38.12007748730509,36.93565997912224,33.82993426479257,,40.70807317801134,,41.3044299796752,41.00563775799495,39.38048407798899,40.41240145760171
Niger,NER,"Out-of-school rate, secondary age BEST (%) (ROFST.2T3.CP) [STRICT]",UIS.ROFST.SEC.BEST,84.72837697664359,84.56381972518986,84.60195308616487,,78.61039439351487,76.91105890072441,74.74697347422794,73.7359267997233,,76.41323393837268,,78.11002815714446,79.07164917010518,79.5896371269956,83.17345299308003
Niger,NER,Secondary BEST source flag (2T3 / missing) [STRICT],UIS.SEC.SOURCE,2T3,2T3,2T3,missing,2T3,2T3,2T3,2T3,missing,2T3,missing,2T3,2T3,2T3,2T3
Nigeria,NGA,"In-school proxy (100 - ROFST.1.CP), primary age (%)",SE.PRM.TENR,61.88383865356445,,,,,,,,,,,,,75.68129920959473,
Nigeria,NGA,"In-school proxy, primary age, female (%)",UIS.INS.PRM.F,56.06029891967773,,,,,,,,,,,,,74.51137924194336,
Nigeria,NGA,"In-school proxy, primary age, male (%)",UIS.INS.PRM.M,67.53496170043945,,,,,,,,,,,,,76.81710052490234,
Nigeria,NGA,"Pupil-teacher ratio, primary (trained) (ratio)",UIS.PTR.PRM.TRAINED,56.77104187011719,,,,,,,,49.0981826760065,,,,,,
Nigeria,NGA,"PTR secondary source flag (2T3 / avg(2,3) / only2 / only3 / missing)",UIS.PTR.SEC.SOURCE,2T3,missing,missing,missing,missing,missing,missing,missing,2T3,missing,missing,missing,missing,missing,missing
Nigeria,NGA,"Pupil-teacher ratio, secondary (trained) BEST (ratio)",UIS.PTR.SEC.TRAINED,50.50252151489258,,,,,,,,21.94358062744141,,,,,,
Nigeria,NGA,"Out-of-school rate, primary age (%) (ROFST.1.CP)",UIS.ROFST.1.CP,38.11616134643555,,,,,,,,,,,,,24.31870079040527,
Nigeria,NGA,Secondary BEST source flag (2T3 / missing) [STRICT],UIS.SEC.SOURCE,missing,missing,missing,missing,missing,missing,missing,missing,missing,missing,missing,missing,missing,missing,missing
Nicaragua,NIC,"In-school proxy (100 - ROFST.1.CP), primary age (%)",SE.PRM.TENR,95.54234981536865,,,,,,,,,,,,,93.3436598777771,
Nicaragua,NIC,"In-school proxy (100 - ROFST.2T3.CP), secondary age BEST (%) [STRICT]",SE.SEC.NENR,76.18288040161133,,,,,,,,,,,,,75.34643936157227,
Nicaragua,NIC,"In-school proxy, primary age, female (%)",UIS.INS.PRM.F,95.44850015640259,,,,,,,,,,,,,93.50272989273071,
Nicaragua,NIC,"In-school proxy, primary age, male (%)",UIS.INS.PRM.M,95.63388013839722,,,,,,,,,,,,,93.18917989730835,
Nicaragua,NIC,"In-school proxy, secondary BEST (2T3), female (%) [STRICT]",UIS.INS.SEC.F,76.75815963745117,,,,,,,,,,,,,72.64359092712402,
Nicaragua,NIC,"In-school proxy, secondary BEST (2T3), male (%) [STRICT]",UIS.INS.SEC.M,75.61772918701172,,,,,,,,,,,,,77.97555923461914,
Nicaragua,NIC,"Pupil-teacher ratio, primary (trained) (ratio)",UIS.PTR.PRM.TRAINED,40.36288833618164,,,,,,,,,,,,42.16535186767578,50.03582000732422,
Nicaragua,NIC,"PTR secondary source flag (2T3 / avg(2,3) / only2 / only3 / missing)",UIS.PTR.SEC.SOURCE,2T3,missing,missing,missing,missing,missing,missing,missing,missing,missing,missing,missing,2T3,2T3,missing
Nicaragua,NIC,"Pupil-teacher ratio, secondary (trained) BEST (ratio)",UIS.PTR.SEC.TRAINED,58.64863967895508,,,,,,,,,,,,79.854248046875,197.9760894775391,
Nicaragua,NIC,"Out-of-school rate, primary age (%) (ROFST.1.CP)",UIS.ROFST.1.CP,4.457650184631348,,,,,,,,,,,,,6.6563401222229,
Nicaragua,NIC,"Out-of-school rate, secondary age BEST (%) (ROFST.2T3.CP) [STRICT]",UIS.ROFST.SEC.BEST,23.81711959838867,,,,,,,,,,,,,24.65356063842773,
Nicaragua,NIC,Secondary BEST source flag (2T3 / missing) [STRICT],UIS.SEC.SOURCE,2T3,missing,missing,missing,missing,missing,missing,missing,missing,missing,missing,missing,missing,2T3,missing
Netherlands,NLD,"In-school proxy (100 - ROFST.1.CP), primary age (%)",SE.PRM.TENR,,,,,,,,99.79793000221252,99.73945000767708,99.87344999611378,99.82605999708176,99.80895000696182,99.59433999657631,99.48088002204895,
Netherlands,NLD,"In-school proxy (100 - ROFST.2T3.CP), secondary age BEST (%) [STRICT]",SE.SEC.NENR,98.46434998512268,98.95785999298096,97.48673009872437,,,97.98376989364624,97.66018009185791,97.55719995498657,97.34707999229431,97.33650994300842,98.96022999286652,99.01446998119354,97.27640008926392,98.63591003417969,
Netherlands,NLD,"In-school proxy, primary age, female (%)",UIS.INS.PRM.F,,,,,,,,99.86437000334263,99.81485000252724,99.97434999980032,99.93550000339746,99.93217000365257,99.72473001480103,99.63890001177788,
Netherlands,NLD,"In-school proxy, primary age, male (%)",UIS.INS.PRM.M,,,,,,,,99.73456999659538,99.66762998700142,99.77732999622822,99.72205999493599,99.69168001413345,99.47026997804642,99.33076000213623,
Netherlands,NLD,"In-school proxy, secondary BEST (2T3), female (%) [STRICT]",UIS.INS.SEC.F,98.72058999538422,99.09926998615265,97.57807993888855,,,98.30782997608185,97.88248991966248,97.76741003990173,97.59484004974365,97.7051100730896,99.12398999929428,99.20925998687744,97.21258997917175,98.6829799413681,
Netherlands,NLD,"In-school proxy, secondary BEST (2T3), male (%) [STRICT]",UIS.INS.SEC.M,98.21996998786926,98.82296001911163,97.39961004257202,,,97.67449998855591,97.4480299949646,97.35703992843628,97.1110200881958,96.9849898815155,98.8041000366211,98.82897996902466,97.3371000289917,98.59116995334625,
Netherlands,NLD,"PTR secondary source flag (2T3 / avg(2,3) / only2 / only3 / missing)",UIS.PTR.SEC.SOURCE,missing,missing,missing,missing,missing,missing,missing,missing,missing,missing,missing,missing,missing,missing,missing
Netherlands,NLD,"Out-of-school rate, primary age (%) (ROFST.1.CP)",UIS.ROFST.1.CP,,,,,,,,0.2020699977874756,0.2605499923229218,0.1265500038862228,0.1739400029182434,0.1910499930381775,0.4056600034236908,0.5191199779510498,
Netherlands,NLD,"Out-of-school rate, secondary age BEST (%) (ROFST.2T3.CP) [STRICT]",UIS.ROFST.SEC.BEST,1.535650014877319,1.042140007019043,2.513269901275635,,,2.01623010635376,2.33981990814209,2.442800045013428,2.652920007705688,2.663490056991577,1.039770007133484,0.9855300188064576,2.723599910736084,1.364089965820313,
Netherlands,NLD,Secondary BEST source flag (2T3 / missing) [STRICT],UIS.SEC.SOURCE,2T3,2T3,2T3,missing,missing,2T3,2T3,2T3,2T3,2T3,2T3,2T3,2T3,2T3,missing
Norway,NOR,"In-school proxy (100 - ROFST.1.CP), primary age (%)",SE.PRM.TENR,99.74720999598503,99.8052500039339,99.72936001420021,99.73693001270294,99.58232998847961,99.4679200053215,99.30919998884201,99.34851998090744,99.24757999181747,99.16765999794006,98.96686005592346,99.06013000011444,99.0500500202179,98.6881400346756,
Norway,NOR,"In-school proxy (100 - ROFST.2T3.CP), secondary age BEST (%) [STRICT]",SE.SEC.NENR,95.66454982757568,95.73177003860474,95.58714008331299,96.19242000579834,96.03123998641968,96.00535988807678,96.12947988510132,96.06439995765686,96.14236998558044,96.44260001182556,96.67790007591248,97.15430998802185,96.97943997383118,96.31764006614685,
Norway,NOR,"In-school proxy, primary age, female (%)",UIS.INS.PRM.F,99.77157999575138,99.80733999609947,99.91339000314474,99.68852001428604,99.5626600086689,99.45423001050949,99.34082001447678,99.34157001972198,99.22951000928879,99.17570000886917,99.01917999982834,99.13471001386642,99.04006999731064,98.59591996669769,
Norway,NOR,"In-school proxy, primary age, male (%)",UIS.INS.PRM.M,99.72391998767853,99.80324000120163,99.55318999290466,99.78331999480724,99.60117998719215,99.48098999261856,99.27907001972198,99.35513001680374,99.2647500038147,99.16003000736237,98.91716003417969,98.98932003974915,99.05953001976013,98.77551996707916,
Norway,NOR,"In-school proxy, secondary BEST (2T3), female (%) [STRICT]",UIS.INS.SEC.F,95.94431018829346,96.1270399093628,96.22695994377136,96.32790994644165,96.13271999359131,96.27140998840332,96.44707989692688,96.43061995506287,96.7012300491333,96.77765011787415,96.8345000743866,97.41312003135681,97.16739010810852,96.4878900051117,
Norway,NOR,"In-school proxy, secondary BEST (2T3), male (%) [STRICT]",UIS.INS.SEC.M,95.4013500213623,95.36085987091064,94.98395013809204,96.06464004516602,95.93533992767334,95.75333976745605,95.8281397819519,95.71906995773315,95.61523008346558,96.12473011016846,96.52886009216309,96.90778994560242,96.80104994773865,96.15652990341187,
Norway,NOR,"PTR secondary source flag (2T3 / avg(2,3) / only2 / only3 / missing)",UIS.PTR.SEC.SOURCE,missing,missing,missing,missing,missing,missing,missing,missing,missing,missing,missing,missing,missing,missing,missing
Norway,NOR,"Out-of-school rate, primary age (%) (ROFST.1.CP)",UIS.ROFST.1.CP,0.2527900040149689,0.1947499960660934,0.2706399857997894,0.2630699872970581,0.4176700115203857,0.5320799946784973,0.6908000111579895,0.6514800190925598,0.7524200081825256,0.8323400020599365,1.033139944076538,0.9398699998855592,0.9499499797821044,1.311859965324402,
Norway,NOR,"Out-of-school rate, secondary age BEST (%) (ROFST.2T3.CP) [STRICT]",UIS.ROFST.SEC.BEST,4.335450172424316,4.268229961395264,4.412859916687012,3.80757999420166,3.968760013580322,3.994640111923218,3.870520114898682,3.93560004234314,3.857630014419556,3.557399988174438,3.322099924087524,2.845690011978149,3.020560026168823,3.682359933853149,
Norway,NOR,Secondary BEST source flag (2T3 / missing) [STRICT],UIS.SEC.SOURCE,2T3,2T3,2T3,2T3,2T3,2T3,2T3,2T3,2T3,2T3,2T3,2T3,2T3,2T3,missing
Nepal,NPL,"In-school proxy (100 - ROFST.1.CP), primary age (%)",SE.PRM.TENR,,98.29385995864868,98.7291100025177,,98.95566999912262,99.09347999095917,99.56180000305176,98.68262004852295,,,,99.75593913974829,99.36708354367353,97.99391030392356,97.96561550921523
Nepal,NPL,"In-school proxy (100 - ROFST.2T3.CP), secondary age BEST (%) [STRICT]",SE.SEC.NENR,,,,,,,82.04427909851074,84.07787036895752,,,,79.75810369271943,82.72559971113503,87.4226261478378,86.75093750740892
Nepal,NPL,"In-school proxy, secondary BEST (2T3), female (%) [STRICT]",UIS.INS.SEC.F,,,,,,,86.75481986999512,89.36143970489502,,,,79.8782440386615,82.34663429678827,87.59750296850942,86.76124142061879
Nepal,NPL,"In-school proxy, secondary BEST (2T3), male (%) [STRICT]",UIS.INS.SEC.M,,,,,,,77.50675010681152,78.99056053161621,,,,79.64165103574067,83.0897609814449,87.25543372243173,86.74114174010455
Nepal,NPL,"Pupil-teacher ratio, primary (trained) (ratio)",UIS.PTR.PRM.TRAINED,43.33190155029297,36.68360137939453,29.74652959176058,27.80797958374023,25.57821152762201,23.99811241378547,21.85039603071021,21.49143981933594,,20.29369926452637,17.99765014648438,17.65802399693286,,23.1716275189321,22.78265541953402
Nepal,NPL,"PTR secondary source flag (2T3 / avg(2,3) / only2 / only3 / missing)",UIS.PTR.SEC.SOURCE,2T3,2T3,only2,2T3,2T3,2T3,2T3,2T3,missing,2T3,2T3,2T3,missing,2T3,2T3
Nepal,NPL,"Pupil-teacher ratio, secondary (trained) BEST (ratio)",UIS.PTR.SEC.TRAINED,49.12850189208984,42.96076965332031,48.02437408928335,36.58150100708008,35.96374130249023,34.89580154418945,31.94618034362793,32.49435043334961,,33.9398307800293,36.51498031616211,35.6052475841664,,38.33091316433639,35.64101617525623
Nepal,NPL,"Out-of-school rate, primary age (%) (ROFST.1.CP)",UIS.ROFST.1.CP,,1.706140041351318,1.2708899974823,,1.04433000087738,0.9065200090408324,0.4381999969482422,1.317379951477051,,,,0.2440608602517058,0.6329164563264742,2.006089696076449,2.034384490784771
Nepal,NPL,"Out-of-school rate, secondary age BEST (%) (ROFST.2T3.CP) [STRICT]",UIS.ROFST.SEC.BEST,,,,,,,17.95572090148926,15.92212963104248,,,,20.24189630728057,17.27440028886497,12.57737385216219,13.24906249259108
Nepal,NPL,Secondary BEST source flag (2T3 / missing) [STRICT],UIS.SEC.SOURCE,missing,missing,missing,missing,missing,missing,2T3,2T3,missing,missing,missing,2T3,2T3,2T3,2T3
Nauru,NRU,"In-school proxy (100 - ROFST.1.CP), primary age (%)",SE.PRM.TENR,,,81.28787994384766,,92.00833988189697,,91.78594017028809,,,96.37109994888306,91.74009037017822,,95.08021020889282,99.57802000641823,97.00470586998189
Nauru,NRU,"In-school proxy (100 - ROFST.2T3.CP), secondary age BEST (%) [STRICT]",SE.SEC.NENR,,,87.716139793396,,75.67346954345703,,70.26169967651367,,,84.89620971679688,,,87.94701957702637,85.5263204574585,91.92878243975021
Nauru,NRU,"In-school proxy, primary age, female (%)",UIS.INS.PRM.F,,,82.93050956726074,,90.42253971099854,,93.32461023330688,,,,95.29276990890503,,97.22531008720398,,
Nauru,NRU,"In-school proxy, primary age, male (%)",UIS.INS.PRM.M,,,79.6352596282959,,93.55281019210815,,90.39146041870117,,,,88.46560955047607,,93.08565998077393,,
Nauru,NRU,"In-school proxy, secondary BEST (2T3), female (%) [STRICT]",UIS.INS.SEC.F,,,89.23933029174805,,77.64706039428711,,71.97451972961426,,,89.12071990966797,,,93.53933000564575,88.0,92.82115958904511
Nauru,NRU,"In-school proxy, secondary BEST (2T3), male (%) [STRICT]",UIS.INS.SEC.M,,,86.34323024749756,,73.80952072143555,,68.5624008178711,,,80.99173927307129,,,82.95738983154297,83.33333015441895,91.13355524579015
Nauru,NRU,"Pupil-teacher ratio, primary (trained) (ratio)",UIS.PTR.PRM.TRAINED,,,,,,,40.17778015136719,,,,,,,204.1000061035156,30.14754098360656
Nauru,NRU,"PTR secondary source flag (2T3 / avg(2,3) / only2 / only3 / missing)",UIS.PTR.SEC.SOURCE,missing,missing,missing,missing,missing,missing,2T3,missing,missing,missing,missing,missing,2T3,missing,2T3
Nauru,NRU,"Pupil-teacher ratio, secondary (trained) BEST (ratio)",UIS.PTR.SEC.TRAINED,,,,,,,24.79999923706055,,,,,,63.68181991577148,,34.26666666666667
Nauru,NRU,"Out-of-school rate, primary age (%) (ROFST.1.CP)",UIS.ROFST.1.CP,,,18.71212005615234,,7.991660118103027,,8.214059829711914,,,3.628900051116943,8.259909629821777,,4.919789791107178,0.4219799935817719,2.995294130018114
Nauru,NRU,"Out-of-school rate, secondary age BEST (%) (ROFST.2T3.CP) [STRICT]",UIS.ROFST.SEC.BEST,,,12.283860206604,,24.32653045654297,,29.73830032348633,,,15.10379028320313,,,12.05298042297363,14.4736795425415,8.071217560249794
Nauru,NRU,Secondary BEST source flag (2T3 / missing) [STRICT],UIS.SEC.SOURCE,missing,missing,2T3,missing,2T3,missing,2T3,missing,missing,2T3,missing,missing,2T3,2T3,2T3
New Zealand,NZL,"In-school proxy (100 - ROFST.1.CP), primary age (%)",SE.PRM.TENR,,,,99.36636000871658,99.07464998960495,98.82653999328613,98.80385994911194,,98.71406996250153,99.0247899889946,98.70741999149323,98.6499799489975,97.45199990272522,97.69818997383118,
New Zealand,NZL,"In-school proxy (100 - ROFST.2T3.CP), secondary age BEST (%) [STRICT]",SE.SEC.NENR,,,,,,,,,,97.29136991500854,97.16548991203308,96.86726999282837,95.48026990890503,95.81929016113281,
New Zealand,NZL,"In-school proxy, primary age, female (%)",UIS.INS.PRM.F,,,,99.4598600268364,99.07010000944138,98.8005599975586,98.86713004112244,,98.82219994068146,99.11080998182297,98.7903699874878,98.73339998722076,97.58657002449036,97.77165007591248,
New Zealand,NZL,"In-school proxy, primary age, male (%)",UIS.INS.PRM.M,,,,99.2771999835968,99.07896000146866,98.85116004943848,98.74393999576569,,98.61168003082275,98.94351005554199,98.62873005867004,98.57093000411987,97.32428002357483,97.62849998474121,
New Zealand,NZL,"In-school proxy, secondary BEST (2T3), female (%) [STRICT]",UIS.INS.SEC.F,,,,,,,,,,98.06768000125885,97.66037011146545,97.11374998092651,95.76645994186401,96.0469400882721,
New Zealand,NZL,"In-school proxy, secondary BEST (2T3), male (%) [STRICT]",UIS.INS.SEC.M,,,,,,,,,,96.5547399520874,96.69760990142822,96.63387989997864,95.20951986312866,95.60365009307861,
New Zealand,NZL,"PTR secondary source flag (2T3 / avg(2,3) / only2 / only3 / missing)",UIS.PTR.SEC.SOURCE,missing,missing,missing,missing,missing,missing,missing,missing,missing,missing,missing,missing,missing,missing,missing
New Zealand,NZL,"Out-of-school rate, primary age (%) (ROFST.1.CP)",UIS.ROFST.1.CP,,,,0.6336399912834167,0.92535001039505,1.173460006713867,1.196140050888062,,1.285930037498474,0.9752100110054016,1.292580008506775,1.350020051002502,2.54800009727478,2.301810026168823,
New Zealand,NZL,"Out-of-school rate, secondary age BEST (%) (ROFST.2T3.CP) [STRICT]",UIS.ROFST.SEC.BEST,,,,,,,,,,2.708630084991455,2.834510087966919,3.132730007171631,4.519730091094971,4.180709838867188,
New Zealand,NZL,Secondary BEST source flag (2T3 / missing) [STRICT],UIS.SEC.SOURCE,missing,missing,missing,missing,missing,missing,missing,missing,missing,2T3,2T3,2T3,2T3,2T3,missing
Oman,OMN,"In-school proxy (100 - ROFST.1.CP), primary age (%)",SE.PRM.TENR,,99.73027766350266,98.46672672734867,98.91847554663289,98.08169267575339,96.4116018246193,95.78626853943621,97.3012242120131,98.64196948873506,97.2615120274914,89.66193072355865,89.09541903551985,88.93575626783073,,
Oman,OMN,"In-school proxy (100 - ROFST.2T3.CP), secondary age BEST (%) [STRICT]",SE.SEC.NENR,,,98.48811947705596,97.92624403808438,,95.55308536982568,93.96718432596856,93.00704596225401,94.30885497236208,92.38614811866351,85.59526140999304,85.6822062688417,83.98622729844175,,
Oman,OMN,"In-school proxy, primary age, female (%)",UIS.INS.PRM.F,,,98.98554096257288,99.28525147809185,98.34025426435826,96.73932123163712,96.20072710617468,97.63273253287718,99.30333924349881,97.51238912692477,90.01199203827562,89.54936328180067,89.17071325668452,,
Oman,OMN,"In-school proxy, primary age, male (%)",UIS.INS.PRM.M,,,97.96899728117518,98.56602696725405,97.83247227473414,96.09633390785858,95.38779104970551,96.98141839907463,98.00437300134608,97.01888042398146,89.32450709931896,88.6604378904711,88.71012541931073,,
Oman,OMN,"In-school proxy, secondary BEST (2T3), female (%) [STRICT]",UIS.INS.SEC.F,,,,99.53709000349045,,96.05839991569519,94.03168688578215,93.14565139496814,94.23264415876812,92.4069979033036,85.57764186204552,85.81425686082471,84.12653341570388,,
Oman,OMN,"In-school proxy, secondary BEST (2T3), male (%) [STRICT]",UIS.INS.SEC.M,,,,96.49471998214722,,95.07730007171631,93.90521346441577,92.8739169163495,94.38212018436386,92.36609665017707,85.61222570276526,85.55518201150863,83.85152658257692,,
Oman,OMN,"Pupil-teacher ratio, primary (trained) (ratio)",UIS.PTR.PRM.TRAINED,,,,,,,,9.944772655343392,9.452557784410356,10.14152759948652,10.61525068400668,12.2993024730501,11.65237654760211,11.45988719309887,10.31419278703624
Oman,OMN,"PTR secondary source flag (2T3 / avg(2,3) / only2 / only3 / missing)",UIS.PTR.SEC.SOURCE,missing,missing,missing,missing,missing,missing,missing,2T3,2T3,2T3,2T3,2T3,2T3,2T3,2T3
Oman,OMN,"Pupil-teacher ratio, secondary (trained) BEST (ratio)",UIS.PTR.SEC.TRAINED,,,,,,,,9.961757663642802,10.20817610062893,10.6316046012868,11.27663328446112,12.17662498070094,12.3010960832621,12.1650828257933,12.32142694738757
Oman,OMN,"Out-of-school rate, primary age (%) (ROFST.1.CP)",UIS.ROFST.1.CP,,0.2697223364973321,1.533273272651334,1.081524453367113,1.918307324246614,3.588398175380698,4.213731460563795,2.698775787986897,1.358030511264945,2.738487972508591,10.33806927644134,10.90458096448014,11.06424373216928,,
Oman,OMN,"Out-of-school rate, secondary age BEST (%) (ROFST.2T3.CP) [STRICT]",UIS.ROFST.SEC.BEST,,,1.511880522944039,2.07375596191563,,4.446914630174323,6.032815674031436,6.992954037745982,5.691145027637918,7.613851881336487,14.40473859000696,14.31779373115831,16.01377270155826,,
Oman,OMN,Secondary BEST source flag (2T3 / missing) [STRICT],UIS.SEC.SOURCE,missing,missing,2T3,2T3,missing,2T3,2T3,2T3,2T3,2T3,2T3,2T3,2T3,missing,missing
Pakistan,PAK,"In-school proxy (100 - ROFST.1.CP), primary age (%)",SE.PRM.TENR,,,,,,,,,,,,69.77311923817638,71.45075060999321,72.26139646522869,82.06781673364449
Pakistan,PAK,"In-school proxy (100 - ROFST.2T3.CP), secondary age BEST (%) [STRICT]",SE.SEC.NENR,,,,,,,,,,,,58.06420716232633,57.96531592993622,59.54406795789443,57.15197192195566
Pakistan,PAK,"In-school proxy, primary age, female (%)",UIS.INS.PRM.F,,,,,,,,,,,,65.07184029051481,66.57697325101623,68.15108423480942,81.0834753721912
Pakistan,PAK,"In-school proxy, primary age, male (%)",UIS.INS.PRM.M,,,,,,,,,,,,74.26518818678271,76.11242280235612,76.19544799373723,83.0102765486157
Pakistan,PAK,"In-school proxy, secondary BEST (2T3), female (%) [STRICT]",UIS.INS.SEC.F,,,,,,,,,,,,52.63863540394544,53.08761225839472,54.99465496851339,55.97798196709724
Pakistan,PAK,"In-school proxy, secondary BEST (2T3), male (%) [STRICT]",UIS.INS.SEC.M,,,,,,,,,,,,63.1894640434455,62.58586722045409,63.86804307867794,58.27063114335521
Pakistan,PAK,"Pupil-teacher ratio, primary (trained) (ratio)",UIS.PTR.PRM.TRAINED,48.0273163736925,48.10407655839016,49.28398903298807,50.11730888707874,55.37604516360693,56.19275667256393,,,56.54106946043706,61.9159535709036,,66.88224014810896,65.04800453861093,64.97008739906609,75.91598632231121
Pakistan,PAK,"PTR secondary source flag (2T3 / avg(2,3) / only2 / only3 / missing)",UIS.PTR.SEC.SOURCE,missing,missing,missing,missing,missing,only2,only2,only2,only2,2T3,missing,2T3,2T3,2T3,2T3
Pakistan,PAK,"Pupil-teacher ratio, secondary (trained) BEST (ratio)",UIS.PTR.SEC.TRAINED,,,,,,28.24331538801442,30.33494400991157,28.17915818472113,28.22861229122253,14.72325523481437,,15.6058876807011,16.47426713275681,13.0241626015761,14.02790953025544
Pakistan,PAK,"Out-of-school rate, primary age (%) (ROFST.1.CP)",UIS.ROFST.1.CP,,,,,,,,,,,,30.22688076182362,28.5492493900068,27.73860353477132,17.93218326635551
Pakistan,PAK,"Out-of-school rate, secondary age BEST (%) (ROFST.2T3.CP) [STRICT]",UIS.ROFST.SEC.BEST,,,,,,,,,,,,41.93579283767367,42.03468407006378,40.45593204210557,42.84802807804434
Pakistan,PAK,Secondary BEST source flag (2T3 / missing) [STRICT],UIS.SEC.SOURCE,missing,missing,missing,missing,missing,missing,missing,missing,missing,missing,missing,2T3,2T3,2T3,2T3
Panama,PAN,"In-school proxy (100 - ROFST.1.CP), primary age (%)",SE.PRM.TENR,97.12069519819963,95.89394087065664,95.06861852440687,94.11786744595557,92.0533494435021,89.9091531172024,,87.33060302601501,,87.91999786921414,90.20815287408378,96.5392340084044,96.95688505567968,91.09635180709408,
Panama,PAN,"In-school proxy (100 - ROFST.2T3.CP), secondary age BEST (%) [STRICT]",SE.SEC.NENR,76.45995853672136,76.65313887445757,,80.69804000854492,78.7185001373291,79.45060920715332,,72.45195204455852,,72.98279435378468,71.10724200124562,81.25789659877697,80.78235362493248,75.97149482495334,
Panama,PAN,"In-school proxy, primary age, female (%)",UIS.INS.PRM.F,96.79311462846701,95.89327778534857,94.9375156935082,94.01696702453988,92.14125389941414,89.84928555602174,,87.072592578848,,90.10348987579346,90.68168420863164,96.56878726302392,97.28830403648722,91.42184781936828,
Panama,PAN,"In-school proxy, primary age, male (%)",UIS.INS.PRM.M,97.4334083661602,95.89457396040018,95.19382418859468,94.21425170317193,91.96935687607346,89.96638185882183,,87.5773614370705,,88.0305997073751,89.75579141035726,96.51103326600015,96.64107485604606,90.78678295338594,
Panama,PAN,"In-school proxy, secondary BEST (2T3), female (%) [STRICT]",UIS.INS.SEC.F,77.9261944840088,78.55607263249169,,82.54911041259766,80.73550987243652,81.10618019104004,,74.14687653188506,,74.5112921935641,73.20208519765345,83.01581038807316,81.66076421248835,77.3215425458111,
Panama,PAN,"In-school proxy, secondary BEST (2T3), male (%) [STRICT]",UIS.INS.SEC.M,75.05496523417919,74.83099145131177,,78.9276008605957,76.79001998901367,77.86796951293945,,70.83161269667457,,71.52062032212547,69.10261522010983,79.5752104165168,79.9413793257284,74.67882432653857,
Panama,PAN,"Pupil-teacher ratio, primary (trained) (ratio)",UIS.PTR.PRM.TRAINED,25.60086161727892,25.14427860696517,25.01012354152368,,26.43024408375666,22.06022823330516,21.60613905325444,22.0780853761623,,,,,,,
Panama,PAN,"PTR secondary source flag (2T3 / avg(2,3) / only2 / only3 / missing)",UIS.PTR.SEC.SOURCE,2T3,2T3,only2,missing,2T3,only2,only2,only2,missing,missing,missing,missing,missing,missing,missing
Panama,PAN,"Pupil-teacher ratio, secondary (trained) BEST (ratio)",UIS.PTR.SEC.TRAINED,17.35986540226369,16.82628914527902,18.43528836754643,,14.1986198425293,15.09995343783952,14.096538879404,14.74499456774794,,,,,,,
Panama,PAN,"Out-of-school rate, primary age (%) (ROFST.1.CP)",UIS.ROFST.1.CP,2.879304801800375,4.106059129343358,4.931381475593129,5.882132554044435,7.946650556497898,10.09084688279761,,12.66939697398498,,12.08000213078586,9.79184712591622,3.460765991595594,3.043114944320327,8.903648192905921,
Panama,PAN,"Out-of-school rate, secondary age BEST (%) (ROFST.2T3.CP) [STRICT]",UIS.ROFST.SEC.BEST,23.54004146327864,23.34686112554243,,19.30195999145508,21.2814998626709,20.54939079284668,,27.54804795544148,,27.01720564621532,28.89275799875437,18.74210340122303,19.21764637506752,24.02850517504666,
Panama,PAN,Secondary BEST source flag (2T3 / missing) [STRICT],UIS.SEC.SOURCE,2T3,2T3,missing,2T3,2T3,2T3,missing,2T3,missing,2T3,2T3,2T3,2T3,2T3,missing
Peru,PER,"In-school proxy (100 - ROFST.1.CP), primary age (%)",SE.PRM.TENR,99.37360000610352,99.2260599732399,,,,,99.92243000119925,99.9549899995327,99.81649999320507,99.84352000057697,,,,,
Peru,PER,"In-school proxy (100 - ROFST.2T3.CP), secondary age BEST (%) [STRICT]",SE.SEC.NENR,92.477059841156,93.69829988479614,,,,,90.2336196899414,89.37162971496582,89.97646045684814,91.51891040802002,93.06128978729248,93.89665985107422,94.49958992004395,96.06270003318787,
Peru,PER,"In-school proxy, secondary BEST (2T3), female (%) [STRICT]",UIS.INS.SEC.F,90.58673000335693,91.7685899734497,,,,,88.89060974121094,88.41436004638672,89.1405897140503,91.10521030426025,92.89498996734619,93.97795009613037,94.43131017684937,96.38042998313904,
Peru,PER,"In-school proxy, secondary BEST (2T3), male (%) [STRICT]",UIS.INS.SEC.M,94.3764100074768,95.63986015319824,,,,,91.56105041503906,90.31105041503906,90.79391956329346,91.92257976531982,93.22316980361938,93.81767988204956,94.56581020355225,95.75503015518188,
Peru,PER,"Pupil-teacher ratio, primary (trained) (ratio)",UIS.PTR.PRM.TRAINED,,,,,,,,,,,,,,132.7497863769531,100.9889373779297
Peru,PER,"PTR secondary source flag (2T3 / avg(2,3) / only2 / only3 / missing)",UIS.PTR.SEC.SOURCE,missing,missing,missing,missing,missing,missing,missing,missing,missing,missing,missing,missing,missing,2T3,2T3
Peru,PER,"Pupil-teacher ratio, secondary (trained) BEST (ratio)",UIS.PTR.SEC.TRAINED,,,,,,,,,,,,,,50.54573059082031,41.88360977172852
Peru,PER,"Out-of-school rate, primary age (%) (ROFST.1.CP)",UIS.ROFST.1.CP,0.6263999938964844,0.7739400267601013,,,,,0.0775699988007545,0.0450100004673004,0.1835000067949295,0.156479999423027,,,,,
Peru,PER,"Out-of-school rate, secondary age BEST (%) (ROFST.2T3.CP) [STRICT]",UIS.ROFST.SEC.BEST,7.522940158843994,6.301700115203857,,,,,9.766380310058594,10.62837028503418,10.02353954315186,8.48108959197998,6.93871021270752,6.103340148925781,5.500410079956055,3.937299966812134,
Peru,PER,Secondary BEST source flag (2T3 / missing) [STRICT],UIS.SEC.SOURCE,2T3,2T3,missing,missing,missing,missing,2T3,2T3,2T3,2T3,2T3,2T3,2T3,2T3,missing
Philippines,PHL,"In-school proxy (100 - ROFST.1.CP), primary age (%)",SE.PRM.TENR,,,,,90.06572125879762,89.4427827485559,89.26718624414428,89.42325875949584,89.29683698262548,90.94236635071283,91.54017353236786,87.72374955180783,89.09600289428059,89.50317739288637,88.36477152032937
Philippines,PHL,"In-school proxy (100 - ROFST.2T3.CP), secondary age BEST (%) [STRICT]",SE.SEC.NENR,,,,,84.67547510747912,83.92647864865094,,,80.17079318690625,80.25591979123085,82.75448223852716,80.50234327384271,85.2557579162955,86.05752288040084,83.88184678571642
Philippines,PHL,"In-school proxy, primary age, female (%)",UIS.INS.PRM.F,,,,,91.16158290856615,90.39599666457931,89.81877633283916,89.56203721345595,89.03345156643964,90.26559184698269,90.53521469372721,86.93043731899431,88.19737864582135,88.33806550407044,87.24509183027233
Philippines,PHL,"In-school proxy, primary age, male (%)",UIS.INS.PRM.M,,,,,89.04421637273526,88.55443777993442,88.74827493621822,89.29171993699374,89.54849809393971,91.59450346280957,92.51413678065055,88.49205324586961,89.96583979152228,90.6323191594074,89.45014059569814
Philippines,PHL,"In-school proxy, secondary BEST (2T3), female (%) [STRICT]",UIS.INS.SEC.F,,,,,87.44293594226119,86.32486902575769,,,82.38591164544965,82.2505738153433,84.34587527395193,82.26470700497008,86.419041786271,86.69946017802978,85.02413979245073
Philippines,PHL,"In-school proxy, secondary BEST (2T3), male (%) [STRICT]",UIS.INS.SEC.M,,,,,82.09185382963099,81.68708935618156,,,78.03761709804805,78.31525436108873,81.19599176183922,78.78166955503141,84.12242387448119,85.43328311240522,82.77179166631232
Philippines,PHL,"Pupil-teacher ratio, primary (trained) (ratio)",UIS.PTR.PRM.TRAINED,,,,,30.9465127228369,30.73850368145914,28.98823527025821,29.08352270255602,27.0739837299954,25.65984547800502,25.18740636543498,23.76413240571442,24.30293026515014,24.24133200836155,24.76086058115199
Philippines,PHL,"PTR secondary source flag (2T3 / avg(2,3) / only2 / only3 / missing)",UIS.PTR.SEC.SOURCE,missing,missing,missing,missing,2T3,2T3,2T3,2T3,2T3,2T3,2T3,2T3,2T3,2T3,2T3
Philippines,PHL,"Pupil-teacher ratio, secondary (trained) BEST (ratio)",UIS.PTR.SEC.TRAINED,,,,,26.9905891418457,26.22974014282227,23.52214117183177,23.88061904907227,25.04001802925563,25.17235427203025,24.64424100041087,24.09406324544345,26.32998672523754,25.89154273449803,23.93015127772299
Philippines,PHL,"Out-of-school rate, primary age (%) (ROFST.1.CP)",UIS.ROFST.1.CP,,,,,9.934278741202371,10.5572172514441,10.73281375585571,10.57674124050416,10.70316301737452,9.057633649287162,8.459826467632135,12.27625044819217,10.90399710571941,10.49682260711363,11.63522847967063
Philippines,PHL,"Out-of-school rate, secondary age BEST (%) (ROFST.2T3.CP) [STRICT]",UIS.ROFST.SEC.BEST,,,,,15.32452489252089,16.07352135134905,,,19.82920681309374,19.74408020876915,17.24551776147284,19.49765672615729,14.74424208370451,13.94247711959916,16.11815321428358
Philippines,PHL,Secondary BEST source flag (2T3 / missing) [STRICT],UIS.SEC.SOURCE,missing,missing,missing,missing,2T3,2T3,missing,missing,2T3,2T3,2T3,2T3,2T3,2T3,2T3
Palau,PLW,"In-school proxy (100 - ROFST.1.CP), primary age (%)",SE.PRM.TENR,,,,99.3134999871254,98.07428002357483,,,,,,98.35576564658417,99.4379953422036,85.79505300353357,91.80445722501797,
Palau,PLW,"In-school proxy (100 - ROFST.2T3.CP), secondary age BEST (%) [STRICT]",SE.SEC.NENR,,,,,96.88381004333496,,,,,,,96.34640571647654,79.2982456140351,89.71034459442325,
Palau,PLW,"In-school proxy, primary age, female (%)",UIS.INS.PRM.F,,,,,,,,,,,,,84.16289592760181,91.34466769706337,
Palau,PLW,"In-school proxy, primary age, male (%)",UIS.INS.PRM.M,,,,,,,,,,,,,87.23404255319149,92.20430107526882,
Palau,PLW,"In-school proxy, secondary BEST (2T3), female (%) [STRICT]",UIS.INS.SEC.F,,,,,,,,,,,,96.8162100315094,79.23728813559322,88.25457000732422,
Palau,PLW,"In-school proxy, secondary BEST (2T3), male (%) [STRICT]",UIS.INS.SEC.M,,,,,,,,,,,,95.89046001434326,79.3584379358438,89.90318012237549,
Palau,PLW,"Pupil-teacher ratio, primary (trained) (ratio)",UIS.PTR.PRM.TRAINED,,,,,,,,,,,,7.979591836734694,11.42105263157895,11.97435897435897,
Palau,PLW,"PTR secondary source flag (2T3 / avg(2,3) / only2 / only3 / missing)",UIS.PTR.SEC.SOURCE,missing,missing,missing,missing,missing,missing,missing,missing,missing,missing,missing,only3,2T3,2T3,missing
Palau,PLW,"Pupil-teacher ratio, secondary (trained) BEST (ratio)",UIS.PTR.SEC.TRAINED,,,,,,,,,,,,10.11111111111111,9.613636363636363,10.1304347826087,
Palau,PLW,"Out-of-school rate, primary age (%) (ROFST.1.CP)",UIS.ROFST.1.CP,,,,0.6865000128746033,1.925719976425171,,,,,,1.644234353415832,0.5620046577963977,14.20494699646643,8.195542774982027,
Palau,PLW,"Out-of-school rate, secondary age BEST (%) (ROFST.2T3.CP) [STRICT]",UIS.ROFST.SEC.BEST,,,,,3.116189956665039,,,,,,,3.653594283523454,20.70175438596491,10.28965540557675,
Palau,PLW,Secondary BEST source flag (2T3 / missing) [STRICT],UIS.SEC.SOURCE,missing,missing,missing,missing,2T3,missing,missing,missing,missing,missing,missing,2T3,2T3,2T3,missing
Papua New Guinea,PNG,"In-school proxy (100 - ROFST.1.CP), primary age (%)",SE.PRM.TENR,,,69.75991062463862,,67.23383468838153,,89.21940040588379,,99.07873842609527,98.37419650729439,96.83996198351323,95.99735120474098,,,
Papua New Guinea,PNG,"In-school proxy (100 - ROFST.2T3.CP), secondary age BEST (%) [STRICT]",SE.SEC.NENR,,,,,,,,,60.33908310057188,59.92018856965085,54.43039882669404,53.05228125242412,,58.80160995456328,
Papua New Guinea,PNG,"In-school proxy, primary age, female (%)",UIS.INS.PRM.F,,,67.55622641509434,,66.15455038593444,,88.01655960083008,,,97.53093028836989,96.02949684944205,,,,
Papua New Guinea,PNG,"In-school proxy, primary age, male (%)",UIS.INS.PRM.M,,,71.7312817639086,,68.20268744317575,,90.3044204711914,,,99.14132662259962,97.57918573281673,,,,
Papua New Guinea,PNG,"In-school proxy, secondary BEST (2T3), female (%) [STRICT]",UIS.INS.SEC.F,,,,,,,,,57.49051257584477,57.38783041306586,52.46801493485103,56.30234033128985,,57.35987466844566,
Papua New Guinea,PNG,"In-school proxy, secondary BEST (2T3), male (%) [STRICT]",UIS.INS.SEC.M,,,,,,,,,62.8909958791881,62.19249459292116,56.19442956306835,50.12614985227668,,60.10515186099105,
Papua New Guinea,PNG,"PTR secondary source flag (2T3 / avg(2,3) / only2 / only3 / missing)",UIS.PTR.SEC.SOURCE,missing,missing,2T3,missing,missing,missing,missing,missing,missing,missing,missing,missing,missing,missing,missing
Papua New Guinea,PNG,"Pupil-teacher ratio, secondary (trained) BEST (ratio)",UIS.PTR.SEC.TRAINED,,,27.40980911254883,,,,,,,,,,,,
Papua New Guinea,PNG,"Out-of-school rate, primary age (%) (ROFST.1.CP)",UIS.ROFST.1.CP,,,30.24008937536137,,32.76616531161846,,10.78059959411621,,0.921261573904734,1.62580349270561,3.160038016486773,4.002648795259018,,,
Papua New Guinea,PNG,"Out-of-school rate, secondary age BEST (%) (ROFST.2T3.CP) [STRICT]",UIS.ROFST.SEC.BEST,,,,,,,,,39.66091689942812,40.07981143034915,45.56960117330596,46.94771874757588,,41.19839004543672,
Papua New Guinea,PNG,Secondary BEST source flag (2T3 / missing) [STRICT],UIS.SEC.SOURCE,missing,missing,missing,missing,missing,missing,missing,missing,2T3,2T3,2T3,2T3,missing,2T3,missing
Poland,POL,"In-school proxy (100 - ROFST.1.CP), primary age (%)",SE.PRM.TENR,97.22762989997864,96.86314010620117,96.5945200920105,96.2295401096344,95.83652019500732,,,95.12157011032104,95.423180103302,96.59106993675232,98.52938997745514,99.97850999981165,99.98123000003397,99.87646000087261,
Poland,POL,"In-school proxy (100 - ROFST.2T3.CP), secondary age BEST (%) [STRICT]",SE.SEC.NENR,94.7033200263977,94.74319982528687,94.50876998901367,95.6307201385498,95.34771013259888,95.78922986984253,95.56805992126465,95.36501979827881,95.89614009857178,95.41923999786377,95.52249002456665,99.75629000365734,99.74116000533104,99.4563000202179,
Poland,POL,"In-school proxy, primary age, female (%)",UIS.INS.PRM.F,97.15241003036499,96.82222008705139,96.56876993179321,96.22153997421265,95.79724979400635,,,95.08591985702515,95.72738981246948,96.8431499004364,98.55317997932434,,,,
Poland,POL,"In-school proxy, primary age, male (%)",UIS.INS.PRM.M,97.29906010627747,96.90197992324829,96.61896991729736,96.23713994026184,95.8737998008728,,,95.15546989440918,95.13399982452393,96.35176992416382,98.50686001777649,,,,
Poland,POL,"In-school proxy, secondary BEST (2T3), female (%) [STRICT]",UIS.INS.SEC.F,95.13294982910156,95.1619200706482,94.93502998352051,95.82422018051147,95.52070999145508,96.14280009269714,95.85346984863281,95.67332983016968,95.85183000564575,95.40830993652344,95.7763900756836,,,,
Poland,POL,"In-school proxy, secondary BEST (2T3), male (%) [STRICT]",UIS.INS.SEC.M,94.2927598953247,94.34300994873047,94.10203981399536,95.44616985321045,95.183030128479,95.45318984985352,95.29683017730713,95.07211017608643,95.93822002410889,95.42960977554321,95.28117990493774,,,,
Poland,POL,"Pupil-teacher ratio, primary (trained) (ratio)",UIS.PTR.PRM.TRAINED,9.3822603225708,10.20639038085938,10.23686981201172,10.27058982849121,10.23338031768799,,,10.23167037963867,8.034330368041992,9.137570381164553,,,,,
Poland,POL,"PTR secondary source flag (2T3 / avg(2,3) / only2 / only3 / missing)",UIS.PTR.SEC.SOURCE,2T3,2T3,2T3,2T3,2T3,2T3,2T3,2T3,2T3,2T3,missing,missing,missing,missing,missing
Poland,POL,"Pupil-teacher ratio, secondary (trained) BEST (ratio)",UIS.PTR.SEC.TRAINED,10.55072975158691,9.038089752197266,8.777750015258789,9.65192985534668,9.572500228881836,9.434260368347168,9.31223964691162,9.215940475463867,10.47385025024414,9.14976978302002,,,,,
Poland,POL,"Out-of-school rate, primary age (%) (ROFST.1.CP)",UIS.ROFST.1.CP,2.772370100021362,3.136859893798828,3.405479907989502,3.770459890365601,4.163479804992676,,,4.878429889678955,4.576819896697998,3.408930063247681,1.470610022544861,0.0214900001883507,0.0187699999660254,0.123539999127388,
Poland,POL,"Out-of-school rate, secondary age BEST (%) (ROFST.2T3.CP) [STRICT]",UIS.ROFST.SEC.BEST,5.296679973602295,5.256800174713135,5.491230010986328,4.369279861450195,4.652289867401123,4.210770130157471,4.431940078735352,4.634980201721191,4.103859901428223,4.58076000213623,4.47750997543335,0.243709996342659,0.2588399946689606,0.5436999797821045,
Poland,POL,Secondary BEST source flag (2T3 / missing) [STRICT],UIS.SEC.SOURCE,2T3,2T3,2T3,2T3,2T3,2T3,2T3,2T3,2T3,2T3,2T3,2T3,2T3,2T3,missing
Portugal,PRT,"In-school proxy (100 - ROFST.1.CP), primary age (%)",SE.PRM.TENR,99.97386999987066,99.99064000044018,99.7559700012207,99.77215999364853,99.24439001083374,98.05245995521545,97.50005006790161,97.53557991981506,97.9824800491333,99.00802999734879,99.76948000490665,99.90113999694586,99.82133999466896,99.49182999134064,
Portugal,PRT,"In-school proxy (100 - ROFST.2T3.CP), secondary age BEST (%) [STRICT]",SE.SEC.NENR,,,,99.3154000043869,99.78623999655247,99.48857998847961,98.71327996253967,98.83507001399994,99.15096002817154,99.7756599932909,99.54052001237869,99.46595001220703,99.50393000245094,99.70298001170158,
Portugal,PRT,"In-school proxy, primary age, female (%)",UIS.INS.PRM.F,,,,,99.19717001914978,97.95883989334106,97.28716993331909,97.13304996490479,97.6604700088501,98.73037004470825,,,,,
Portugal,PRT,"In-school proxy, primary age, male (%)",UIS.INS.PRM.M,,,,,99.2892000079155,98.14135003089905,97.70268988609314,97.92036008834839,98.29101002216339,99.27369999885559,,,,,
Portugal,PRT,"In-school proxy, secondary BEST (2T3), female (%) [STRICT]",UIS.INS.SEC.F,,,,99.4631000161171,99.88122999668121,99.57196000218391,98.85536003112793,99.02065002918243,99.49040997028351,,99.73877999186516,99.44647997617722,99.35944002866745,99.46609997749329,
Portugal,PRT,"In-school proxy, secondary BEST (2T3), male (%) [STRICT]",UIS.INS.SEC.M,,,,99.17435002326965,99.6956200003624,99.40903997421265,98.5782300233841,98.65883994102478,98.82924997806549,,99.35118997097015,99.48460000753403,99.64258000254631,99.93114999681711,
Portugal,PRT,"Pupil-teacher ratio, primary (trained) (ratio)",UIS.PTR.PRM.TRAINED,10.82935047149658,11.10042953491211,11.73421955108643,12.78162002563477,13.4067497253418,13.30618953704834,12.77740001678467,12.35346031188965,12.09879016876221,11.98412036895752,11.77912044525146,,,,
Portugal,PRT,"PTR secondary source flag (2T3 / avg(2,3) / only2 / only3 / missing)",UIS.PTR.SEC.SOURCE,2T3,2T3,2T3,2T3,2T3,2T3,2T3,2T3,2T3,2T3,2T3,missing,missing,missing,missing
Portugal,PRT,"Pupil-teacher ratio, secondary (trained) BEST (ratio)",UIS.PTR.SEC.TRAINED,7.3472900390625,7.525420188903809,8.164569854736328,9.772899627685549,9.894200325012209,9.92870044708252,9.644969940185549,9.515990257263184,9.279660224914553,9.1708402633667,8.94946002960205,,,,
Portugal,PRT,"Out-of-school rate, primary age (%) (ROFST.1.CP)",UIS.ROFST.1.CP,0.0261300001293421,0.0093599995598197,0.2440299987792969,0.2278400063514709,0.7556099891662598,1.947540044784546,2.499949932098389,2.464420080184937,2.017519950866699,0.9919700026512146,0.2305199950933456,0.098860003054142,0.1786600053310394,0.5081700086593628,
Portugal,PRT,"Out-of-school rate, secondary age BEST (%) (ROFST.2T3.CP) [STRICT]",UIS.ROFST.SEC.BEST,,,,0.6845999956130981,0.2137600034475327,0.5114200115203857,1.286720037460327,1.164929986000061,0.8490399718284607,0.2243400067090988,0.4594799876213074,0.5340499877929688,0.496069997549057,0.2970199882984161,
Portugal,PRT,Secondary BEST source flag (2T3 / missing) [STRICT],UIS.SEC.SOURCE,missing,missing,missing,2T3,2T3,2T3,2T3,2T3,2T3,2T3,2T3,2T3,2T3,2T3,missing
Paraguay,PRY,"In-school proxy (100 - ROFST.1.CP), primary age (%)",SE.PRM.TENR,98.41679000854492,98.49632000923157,98.5101144977901,,,,89.74086226166632,,,,87.97457674784859,87.72207958498063,87.8000291252542,87.56574499059919,86.6688746892607
Paraguay,PRY,"In-school proxy (100 - ROFST.2T3.CP), secondary age BEST (%) [STRICT]",SE.SEC.NENR,81.00012016296387,82.1071605682373,86.35771357037788,,,,81.35580447367519,,,,81.90219456617501,79.37779290973316,78.68867008814799,78.52108586724277,78.62345820246688
Paraguay,PRY,"In-school proxy, primary age, female (%)",UIS.INS.PRM.F,98.54751002788544,98.69797003269196,98.60268116695082,,,,89.81865504851896,,,,88.00360480787141,87.80985710119567,87.85391285843485,87.88810698716792,86.59237309971657
Paraguay,PRY,"In-school proxy, primary age, male (%)",UIS.INS.PRM.M,98.2917799949646,98.30347001552582,98.42158421799114,,,,89.66643750710485,,,,87.94680990436264,87.63813099944993,87.74850439524661,87.2575491652041,86.74200810889367
Paraguay,PRY,"In-school proxy, secondary BEST (2T3), female (%) [STRICT]",UIS.INS.SEC.F,81.73992919921875,83.1127700805664,87.36486088107758,,,,82.44100439492763,,,,83.19115902588793,81.45855251907822,80.17167678477362,79.57052284796715,79.63245382286576
Paraguay,PRY,"In-school proxy, secondary BEST (2T3), male (%) [STRICT]",UIS.INS.SEC.M,80.29018974304199,81.14221000671387,85.39150779673218,,,,80.31535581529543,,,,80.6660997337274,77.38292722912723,77.26718391312026,77.51567157636332,77.65722088152819
Paraguay,PRY,"Pupil-teacher ratio, primary (trained) (ratio)",UIS.PTR.PRM.TRAINED,,,25.40259821568321,,,,,,,,,,,,
Paraguay,PRY,"PTR secondary source flag (2T3 / avg(2,3) / only2 / only3 / missing)",UIS.PTR.SEC.SOURCE,missing,missing,2T3,missing,missing,missing,missing,missing,missing,missing,missing,missing,missing,missing,missing
Paraguay,PRY,"Pupil-teacher ratio, secondary (trained) BEST (ratio)",UIS.PTR.SEC.TRAINED,,,23.40262125085515,,,,,,,,,,,,
Paraguay,PRY,"Out-of-school rate, primary age (%) (ROFST.1.CP)",UIS.ROFST.1.CP,1.583209991455078,1.503679990768433,1.489885502209908,,,,10.25913773833368,,,,12.02542325215141,12.27792041501937,12.1999708747458,12.43425500940081,13.3311253107393
Paraguay,PRY,"Out-of-school rate, secondary age BEST (%) (ROFST.2T3.CP) [STRICT]",UIS.ROFST.SEC.BEST,18.99987983703613,17.8928394317627,13.64228642962212,,,,18.6441955263248,,,,18.09780543382498,20.62220709026684,21.31132991185201,21.47891413275722,21.37654179753313
Paraguay,PRY,Secondary BEST source flag (2T3 / missing) [STRICT],UIS.SEC.SOURCE,2T3,2T3,2T3,missing,missing,missing,2T3,missing,missing,missing,2T3,2T3,2T3,2T3,2T3
Qatar,QAT,"In-school proxy (100 - ROFST.1.CP), primary age (%)",SE.PRM.TENR,96.75018577001671,96.22322081722228,98.75952847928504,97.03684812075528,93.66962157080017,96.01885435557502,98.30469199662134,99.9117743212318,99.33529881735984,98.12056506737842,97.55534623757868,87.25291293888094,92.0604268844951,,
Qatar,QAT,"In-school proxy (100 - ROFST.2T3.CP), secondary age BEST (%) [STRICT]",SE.SEC.NENR,93.40155833433056,88.74804423347211,90.53656908920573,90.72994589798257,88.84070508139443,90.18476243306095,89.46454587183428,93.64072320019064,94.31966160719308,93.07765289738724,93.8064527466348,83.65226159391389,90.97851139617721,,
Qatar,QAT,"In-school proxy, primary age, female (%)",UIS.INS.PRM.F,98.29542722508054,96.30715876006165,99.2124519409649,97.9869814436996,93.1962483190631,96.31685893025711,98.26915151792664,,,98.01489491399644,97.65687507143673,87.54128772453736,92.89343072528914,,
Qatar,QAT,"In-school proxy, primary age, male (%)",UIS.INS.PRM.M,95.30695648268738,96.14316631957206,98.32594586037676,96.13800963199883,94.13021514815244,95.73417702171886,98.33880229696473,,,98.22260326559861,97.45733621027854,86.97580382182221,91.27081876990336,,
Qatar,QAT,"In-school proxy, secondary BEST (2T3), female (%) [STRICT]",UIS.INS.SEC.F,94.18802976608276,88.84173875197214,93.43873517786561,92.96150458525464,88.62705389607402,91.82024572649573,92.85168358031507,93.62818895715506,93.25996017456055,93.27324195470798,93.70994668533578,83.76301781994908,92.70637746843639,,
Qatar,QAT,"In-school proxy, secondary BEST (2T3), male (%) [STRICT]",UIS.INS.SEC.M,92.66268014907837,88.65894039735099,87.95469977689397,88.70501398650713,89.04449371117501,88.67947719916417,86.46068685042928,93.65267138562979,95.44668006896973,92.8898426323319,93.89897599173909,83.5468139487059,89.38714053578616,,
Qatar,QAT,"Pupil-teacher ratio, primary (trained) (ratio)",UIS.PTR.PRM.TRAINED,,,,,,11.52312628108012,11.58758666778047,11.74041013268999,12.13914143410546,11.99900710303215,12.32868783794075,12.35642731513344,12.56660840489399,12.25625089298471,12.07467684682875
Qatar,QAT,"PTR secondary source flag (2T3 / avg(2,3) / only2 / only3 / missing)",UIS.PTR.SEC.SOURCE,missing,2T3,missing,missing,missing,2T3,2T3,2T3,2T3,2T3,2T3,2T3,2T3,2T3,2T3
Qatar,QAT,"Pupil-teacher ratio, secondary (trained) BEST (ratio)",UIS.PTR.SEC.TRAINED,,15.20141983032227,,,,10.4695224247847,10.19098309329994,10.38340240574143,11.0117067159581,11.56450642054575,11.31592787377911,12.3255453223461,12.44573679767376,12.35373380857168,12.21199870633894
Qatar,QAT,"Out-of-school rate, primary age (%) (ROFST.1.CP)",UIS.ROFST.1.CP,3.249814229983281,3.77677918277772,1.240471520714965,2.963151879244713,6.330378429199826,3.981145644424989,1.695308003378656,0.0882256787682022,0.664701182640158,1.879434932621574,2.444653762421324,12.74708706111906,7.939573115504896,,
Qatar,QAT,"Out-of-school rate, secondary age BEST (%) (ROFST.2T3.CP) [STRICT]",UIS.ROFST.SEC.BEST,6.598441665669434,11.25195576652789,9.463430910794266,9.270054102017426,11.15929491860557,9.815237566939048,10.53545412816572,6.35927679980937,5.68033839280691,6.922347102612757,6.193547253365199,16.3477384060861,9.021488603822784,,
Qatar,QAT,Secondary BEST source flag (2T3 / missing) [STRICT],UIS.SEC.SOURCE,2T3,2T3,2T3,2T3,2T3,2T3,2T3,2T3,2T3,2T3,2T3,2T3,2T3,missing,missing
Romania,ROU,"In-school proxy (100 - ROFST.1.CP), primary age (%)",SE.PRM.TENR,97.59750008583069,95.84871006011963,93.67573976516724,,,92.11393976211548,91.05290031433105,90.60227012634277,91.55673027038574,92.41722011566162,91.7321195602417,90.41956043243408,84.3871898651123,84.41012001037598,
Romania,ROU,"In-school proxy (100 - ROFST.2T3.CP), secondary age BEST (%) [STRICT]",SE.SEC.NENR,,,,,87.23276996612549,85.66790962219238,83.61874008178711,83.17270088195801,83.21907997131348,82.82226943969727,,,79.6457290649414,78.45021057128906,
Romania,ROU,"In-school proxy, primary age, female (%)",UIS.INS.PRM.F,97.48407006263733,95.69837999343872,93.40567016601562,,,91.9567699432373,90.8807897567749,90.33819007873535,91.49870014190674,92.43305015563965,91.7067003250122,90.3007402420044,84.31727027893066,84.26474952697754,
Romania,ROU,"In-school proxy, primary age, male (%)",UIS.INS.PRM.M,97.70464992523193,95.9907398223877,93.93116998672485,,,92.26270008087158,91.21595001220703,90.85260963439941,91.6115198135376,92.4022798538208,91.7561502456665,90.53219985961914,84.45326042175293,84.54761981964111,
Romania,ROU,"In-school proxy, secondary BEST (2T3), female (%) [STRICT]",UIS.INS.SEC.F,,,,,87.16921043395996,85.70088005065918,83.86455917358398,83.66646957397461,83.61400985717773,83.17313003540039,,,79.90398979187012,78.68684005737305,
Romania,ROU,"In-school proxy, secondary BEST (2T3), male (%) [STRICT]",UIS.INS.SEC.M,,,,,87.2931604385376,85.63661003112793,83.38595962524414,82.70589065551758,82.84511947631836,82.49023056030273,,,79.40140914916992,78.22636032104492,
Romania,ROU,"PTR secondary source flag (2T3 / avg(2,3) / only2 / only3 / missing)",UIS.PTR.SEC.SOURCE,missing,missing,missing,missing,missing,missing,missing,missing,missing,missing,missing,missing,missing,missing,missing
Romania,ROU,"Out-of-school rate, primary age (%) (ROFST.1.CP)",UIS.ROFST.1.CP,2.402499914169312,4.151289939880371,6.324260234832764,,,7.886060237884521,8.947099685668945,9.397729873657228,8.443269729614258,7.582779884338379,8.2678804397583,9.580439567565918,15.6128101348877,15.58987998962402,
Romania,ROU,"Out-of-school rate, secondary age BEST (%) (ROFST.2T3.CP) [STRICT]",UIS.ROFST.SEC.BEST,,,,,12.76723003387451,14.33209037780762,16.38125991821289,16.82729911804199,16.78092002868652,17.17773056030273,,,20.35427093505859,21.54978942871094,
Romania,ROU,Secondary BEST source flag (2T3 / missing) [STRICT],UIS.SEC.SOURCE,missing,missing,missing,missing,2T3,2T3,2T3,2T3,2T3,2T3,missing,missing,2T3,2T3,missing
Russian Federation,RUS,"In-school proxy (100 - ROFST.1.CP), primary age (%)",SE.PRM.TENR,,95.55336999893188,97.25471997261047,96.85026001930237,97.24938988685608,97.97625994682312,97.93231010437012,99.62898999452591,99.92084000259638,99.80345000326633,99.72006447275126,99.7393480816219,97.36506009101868,95.06478023529053,
Russian Federation,RUS,"In-school proxy (100 - ROFST.2T3.CP), secondary age BEST (%) [STRICT]",SE.SEC.NENR,,,,92.56531000137329,92.19325017929077,,,94.09251022338867,94.80657005310059,96.27667999267578,88.34064648828401,88.27479317367668,88.16095293263272,88.2258785822872,
Russian Federation,RUS,"In-school proxy, primary age, female (%)",UIS.INS.PRM.F,,96.02327990531921,97.82013010978699,97.37919998168945,97.86450004577637,98.58654999732971,98.44539999961853,99.67941999435425,,,99.56718999147415,98.51557004451752,98.03612995147705,95.7567400932312,
Russian Federation,RUS,"In-school proxy, primary age, male (%)",UIS.INS.PRM.M,,95.10644006729126,96.71726989746094,96.34738993644714,96.66428995132446,97.39618992805481,97.44444990158081,99.58109000325203,,,98.40342998504639,97.3966600894928,96.73157000541687,94.41137981414795,
Russian Federation,RUS,"In-school proxy, secondary BEST (2T3), female (%) [STRICT]",UIS.INS.SEC.F,,,,93.21147012710571,92.82251977920532,,,94.8874101638794,95.68742990493774,97.1676299571991,88.78948020935059,88.36273956298828,88.12277030944824,88.00257015228271,
Russian Federation,RUS,"In-school proxy, secondary BEST (2T3), male (%) [STRICT]",UIS.INS.SEC.M,,,,91.94964981079102,91.59603977203369,,,93.34326982498169,93.97684001922607,95.43650007247925,87.91664981842041,88.19153022766113,88.19707012176514,88.43710994720459,
Russian Federation,RUS,"Pupil-teacher ratio, primary (trained) (ratio)",UIS.PTR.PRM.TRAINED,,,19.82053613668288,20.04810711393818,20.03307934897552,20.36820713146611,20.82565124685815,21.56399099261108,21.84159636366882,,,,,24.05297777098576,
Russian Federation,RUS,"PTR secondary source flag (2T3 / avg(2,3) / only2 / only3 / missing)",UIS.PTR.SEC.SOURCE,missing,missing,missing,missing,missing,missing,missing,missing,missing,missing,missing,missing,missing,2T3,missing
Russian Federation,RUS,"Pupil-teacher ratio, secondary (trained) BEST (ratio)",UIS.PTR.SEC.TRAINED,,,,,,,,,,,,,,10.0927095413208,
Russian Federation,RUS,"Out-of-school rate, primary age (%) (ROFST.1.CP)",UIS.ROFST.1.CP,,4.446630001068115,2.745280027389526,3.149739980697632,2.750610113143921,2.02374005317688,2.067689895629883,0.3710100054740906,0.0791599974036217,0.1965499967336655,0.2799355272487404,0.2606519183781082,2.634939908981323,4.935219764709473,
Russian Federation,RUS,"Out-of-school rate, secondary age BEST (%) (ROFST.2T3.CP) [STRICT]",UIS.ROFST.SEC.BEST,,,,7.434689998626709,7.806749820709229,,,5.907489776611328,5.193429946899414,3.723320007324219,11.65935351171599,11.72520682632331,11.83904706736727,11.7741214177128,
Russian Federation,RUS,Secondary BEST source flag (2T3 / missing) [STRICT],UIS.SEC.SOURCE,missing,missing,missing,2T3,2T3,missing,missing,2T3,2T3,2T3,2T3,2T3,2T3,2T3,missing
Rwanda,RWA,"In-school proxy (100 - ROFST.1.CP), primary age (%)",SE.PRM.TENR,,,,,,,99.19535659454147,98.8400589841413,98.61972682629732,98.44245265502137,,99.89821954249567,91.85090207143132,99.51121491172054,99.02974479488967
Rwanda,RWA,"In-school proxy (100 - ROFST.2T3.CP), secondary age BEST (%) [STRICT]",SE.SEC.NENR,,,,,,,,74.76854934636425,75.0173123804007,73.81199230311657,,77.36975149884613,80.46599707421046,78.32972465937,82.87653738424974
Rwanda,RWA,"In-school proxy, primary age, female (%)",UIS.INS.PRM.F,,,,,,,99.54305900030975,98.86752423576712,98.50314384494362,98.1482635870011,,,91.83476361044748,,
Rwanda,RWA,"In-school proxy, primary age, male (%)",UIS.INS.PRM.M,,,,,,,98.84376756284863,98.81231881661762,98.73741070141281,98.73937197081162,,,91.8669916057406,,
Rwanda,RWA,"In-school proxy, secondary BEST (2T3), female (%) [STRICT]",UIS.INS.SEC.F,,,,,,,,75.74744401698777,75.6908979448567,74.48099009287483,,79.23099503000373,82.84249415336822,79.83285528659798,85.22811186709323
Rwanda,RWA,"In-school proxy, secondary BEST (2T3), male (%) [STRICT]",UIS.INS.SEC.M,,,,,,,,73.76213294825867,74.32698945501757,73.12878314012495,,75.4804635923517,78.06200122502241,76.810025797776,80.52013759107282
Rwanda,RWA,"Pupil-teacher ratio, primary (trained) (ratio)",UIS.PTR.PRM.TRAINED,70.6376455408436,59.02296735156939,62.033365282491,62.82959746815578,60.94587249174499,62.11707601449827,,62.49228801259502,63.0386232595614,60.23506988564168,,59.08072651700474,57.19963709929714,61.87123705722071,65.1282112377074
Rwanda,RWA,"PTR secondary source flag (2T3 / avg(2,3) / only2 / only3 / missing)",UIS.PTR.SEC.SOURCE,missing,2T3,2T3,2T3,missing,2T3,2T3,2T3,2T3,2T3,missing,2T3,2T3,2T3,2T3
Rwanda,RWA,"Pupil-teacher ratio, secondary (trained) BEST (ratio)",UIS.PTR.SEC.TRAINED,,28.5705394744873,27.4506893157959,24.46312645495674,,37.28417596848325,31.53300275482094,44.45049108766824,45.95357766143106,46.94780043606515,,34.80088908646366,34.7389983508376,31.91515387611998,38.08308342133052
Rwanda,RWA,"Out-of-school rate, primary age (%) (ROFST.1.CP)",UIS.ROFST.1.CP,,,,,,,0.8046434054585417,1.159941015858706,1.380273173702677,1.557547344978636,,0.1017804575043308,8.149097928568679,0.4887850882794603,0.97025520511033
Rwanda,RWA,"Out-of-school rate, secondary age BEST (%) (ROFST.2T3.CP) [STRICT]",UIS.ROFST.SEC.BEST,,,,,,,,25.23145065363575,24.9826876195993,26.18800769688344,,22.63024850115387,19.53400292578953,21.67027534063,17.12346261575026
Rwanda,RWA,Secondary BEST source flag (2T3 / missing) [STRICT],UIS.SEC.SOURCE,missing,missing,missing,missing,missing,missing,missing,2T3,2T3,2T3,missing,2T3,2T3,2T3,2T3
Saudi Arabia,SAU,"In-school proxy (100 - ROFST.1.CP), primary age (%)",SE.PRM.TENR,,,,92.44651219668513,94.03375518938984,96.25624911076565,97.1240209426812,,,,97.78095006942749,96.59056997299194,,,99.47324289332008
Saudi Arabia,SAU,"In-school proxy (100 - ROFST.2T3.CP), secondary age BEST (%) [STRICT]",SE.SEC.NENR,87.36198457609444,88.56790007893056,89.35654910777984,86.55897477983271,91.304999909859,95.03353661578318,96.5241086704989,,97.96306068138965,98.45885327869374,97.82036776805293,96.59537863067933,99.1583861528406,,99.4321892311633
Saudi Arabia,SAU,"In-school proxy, primary age, female (%)",UIS.INS.PRM.F,,,,95.27354423182722,96.70664021409797,98.57871762679203,,,,,98.49804997444153,97.24464988708496,,,99.71496755625745
Saudi Arabia,SAU,"In-school proxy, primary age, male (%)",UIS.INS.PRM.M,,,,89.83648062497653,91.57224372641151,94.12181421892642,,,,,97.09879994392395,95.96371984481812,,,99.24059042687996
Saudi Arabia,SAU,"In-school proxy, secondary BEST (2T3), female (%) [STRICT]",UIS.INS.SEC.F,,,,91.36067536578932,94.54047852007011,98.48974001407623,,,,,97.17708992958069,95.18108987808228,,,
Saudi Arabia,SAU,"In-school proxy, secondary BEST (2T3), male (%) [STRICT]",UIS.INS.SEC.M,,,,82.4414212864416,88.46220363385856,91.93997001647949,,,,,98.43939995765686,97.97548007965088,,,
Saudi Arabia,SAU,"Pupil-teacher ratio, primary (trained) (ratio)",UIS.PTR.PRM.TRAINED,,,,7.824136691064738,8.076663528612434,9.061266294807798,10.60398434423173,12.10236017791237,13.45769817073171,13.64567297083295,13.05632294074533,13.45949021013412,,,14.08652289783039
Saudi Arabia,SAU,"PTR secondary source flag (2T3 / avg(2,3) / only2 / only3 / missing)",UIS.PTR.SEC.SOURCE,missing,missing,missing,2T3,2T3,2T3,2T3,2T3,2T3,2T3,2T3,2T3,"avg(2,3)",missing,2T3
Saudi Arabia,SAU,"Pupil-teacher ratio, secondary (trained) BEST (ratio)",UIS.PTR.SEC.TRAINED,,,,7.84788547146904,8.252430542212657,8.18261931256182,9.048425339245288,10.01278499267909,10.17735760867146,11.65602707426957,11.27352255920906,11.84389467472343,14.369629979415976,,13.87923259412068
Saudi Arabia,SAU,"Out-of-school rate, primary age (%) (ROFST.1.CP)",UIS.ROFST.1.CP,,,,7.55348780331487,5.96624481061017,3.743750889234348,2.8759790573188,,,,2.21904993057251,3.409430027008057,,,0.5267571066799306
Saudi Arabia,SAU,"Out-of-school rate, secondary age BEST (%) (ROFST.2T3.CP) [STRICT]",UIS.ROFST.SEC.BEST,12.63801542390555,11.43209992106943,10.64345089222016,13.44102522016729,8.695000090140992,4.966463384216823,3.475891329501091,,2.036939318610344,1.541146721306264,2.179632231947072,3.40462136932066,0.8416138471593889,,0.5678107688366884
Saudi Arabia,SAU,Secondary BEST source flag (2T3 / missing) [STRICT],UIS.SEC.SOURCE,2T3,2T3,2T3,2T3,2T3,2T3,2T3,missing,2T3,2T3,2T3,2T3,2T3,missing,2T3
Sudan,SDN,"In-school proxy (100 - ROFST.1.CP), primary age (%)",SE.PRM.TENR,,54.94219970703125,51.40232849121094,52.11830902099609,52.25601959228516,52.70552062988281,54.45721054077148,56.51852035522461,61.24745941162109,56.16215896606445,,,,,
Sudan,SDN,"In-school proxy (100 - ROFST.2T3.CP), secondary age BEST (%) [STRICT]",SE.SEC.NENR,,40.94387054443359,,,,,,,51.01596069335937,45.9981803894043,,,,,
Sudan,SDN,"In-school proxy, primary age, female (%)",UIS.INS.PRM.F,,51.66493988037109,52.61093902587891,53.56488037109375,54.44046020507812,54.61566162109375,56.99734878540039,55.81380081176758,58.95909118652344,58.07215118408203,,,,,
Sudan,SDN,"In-school proxy, primary age, male (%)",UIS.INS.PRM.M,,58.14093017578125,50.22233963012695,50.7056999206543,50.12269973754883,50.84035873413086,51.97716903686523,57.20650863647461,63.48178100585937,54.29705810546875,,,,,
Sudan,SDN,"In-school proxy, secondary BEST (2T3), female (%) [STRICT]",UIS.INS.SEC.F,,39.14501190185547,,,,,,,51.46805953979492,45.89476013183594,,,,,
Sudan,SDN,"In-school proxy, secondary BEST (2T3), male (%) [STRICT]",UIS.INS.SEC.M,,42.70959854125977,,,,,,,50.57249069213867,46.09967041015625,,,,,
Sudan,SDN,"Pupil-teacher ratio, primary (trained) (ratio)",UIS.PTR.PRM.TRAINED,,,,,,,,,,46.24615097045898,,,,,
Sudan,SDN,"PTR secondary source flag (2T3 / avg(2,3) / only2 / only3 / missing)",UIS.PTR.SEC.SOURCE,missing,missing,only3,only3,only3,only3,only3,only3,only3,missing,missing,missing,missing,missing,missing
Sudan,SDN,"Pupil-teacher ratio, secondary (trained) BEST (ratio)",UIS.PTR.SEC.TRAINED,,,22.75638961791992,24.62256050109863,22.33712959289551,23.82217979431152,22.2802906036377,23.0545597076416,23.40620994567871,,,,,,
Sudan,SDN,"Out-of-school rate, primary age (%) (ROFST.1.CP)",UIS.ROFST.1.CP,,45.05780029296875,48.59767150878906,47.88169097900391,47.74398040771484,47.29447937011719,45.54278945922852,43.48147964477539,38.75254058837891,43.83784103393555,,,,,
Sudan,SDN,"Out-of-school rate, secondary age BEST (%) (ROFST.2T3.CP) [STRICT]",UIS.ROFST.SEC.BEST,,59.05612945556641,,,,,,,48.98403930664063,54.0018196105957,,,,,
Sudan,SDN,Secondary BEST source flag (2T3 / missing) [STRICT],UIS.SEC.SOURCE,missing,2T3,missing,missing,missing,missing,missing,missing,2T3,2T3,missing,missing,missing,missing,missing
Senegal,SEN,"In-school proxy (100 - ROFST.1.CP), primary age (%)",SE.PRM.TENR,72.41753930651538,73.0136211587523,75.9140929233879,75.16498637920459,75.78305745198742,75.74476452659522,,,,75.32564926147461,77.07431030273438,75.10656929016113,75.07318183152765,75.94890718842747,75.47394745602307
Senegal,SEN,"In-school proxy (100 - ROFST.2T3.CP), secondary age BEST (%) [STRICT]",SE.SEC.NENR,41.16691828787001,44.41597057353649,46.12199948175544,42.08142066770463,50.07685342811538,41.48944638255391,,,,,,,29.549992185220503,27.343959263680304,29.041854777426906
Senegal,SEN,"In-school proxy, primary age, female (%)",UIS.INS.PRM.F,74.51088184200688,75.42480643703946,78.90718019905013,78.22996141213966,79.15838556452346,79.6187016911215,,,,81.47983932495117,83.97685050964355,82.61050033569336,83.45532895219914,85.07292178829474,84.64538829004456
Senegal,SEN,"In-school proxy, primary age, male (%)",UIS.INS.PRM.M,70.36604586421755,70.65249725408836,72.98475451668119,72.16762827714678,72.49434505449311,71.98992187764213,,,,69.51118087768555,70.59930038452148,68.12322044372559,67.34083776430612,67.60974048347384,67.10656480282682
Senegal,SEN,"In-school proxy, secondary BEST (2T3), female (%) [STRICT]",UIS.INS.SEC.F,39.60820519569178,43.41863110112705,45.47101467150685,41.91029383579521,50.67641467670113,42.55913631391116,,,,,,,33.29258255852284,31.12812528020244,33.58064782183851
Senegal,SEN,"In-school proxy, secondary BEST (2T3), male (%) [STRICT]",UIS.INS.SEC.M,42.71286993425997,45.40441029255128,46.76616672541245,42.25057525321137,49.48573377725491,40.43703987966847,,,,,,,26.027725614758864,23.814776321675225,24.823551498277567
Senegal,SEN,"Pupil-teacher ratio, primary (trained) (ratio)",UIS.PTR.PRM.TRAINED,70.32348670290006,52.79050064086914,48.95075216866147,43.58241599073001,45.14210916393717,45.80822112987106,,,,44.64291293266464,45.31667702672896,44.45348245064243,44.27030153466492,43.63637889241097,42.28609721872414
Senegal,SEN,"PTR secondary source flag (2T3 / avg(2,3) / only2 / only3 / missing)",UIS.PTR.SEC.SOURCE,missing,2T3,2T3,2T3,2T3,2T3,missing,missing,missing,missing,2T3,2T3,2T3,2T3,missing
Senegal,SEN,"Pupil-teacher ratio, secondary (trained) BEST (ratio)",UIS.PTR.SEC.TRAINED,,68.22994609381286,54.97831773527873,46.96641620086136,40.77284916201117,28.11669921875,,,,,32.23300159128301,31.84143405889885,32.23671546019651,31.67086233279036,
Senegal,SEN,"Out-of-school rate, primary age (%) (ROFST.1.CP)",UIS.ROFST.1.CP,27.58246069348462,26.9863788412477,24.08590707661211,24.83501362079541,24.21694254801258,24.25523547340478,,,,24.67435073852539,22.92568969726563,24.89343070983887,24.92681816847236,24.05109281157253,24.52605254397693
Senegal,SEN,"Out-of-school rate, secondary age BEST (%) (ROFST.2T3.CP) [STRICT]",UIS.ROFST.SEC.BEST,58.83308171212999,55.58402942646351,53.87800051824456,57.91857933229537,49.92314657188462,58.51055361744609,,,,,,,70.4500078147795,72.6560407363197,70.9581452225731
Senegal,SEN,Secondary BEST source flag (2T3 / missing) [STRICT],UIS.SEC.SOURCE,2T3,2T3,2T3,2T3,2T3,2T3,missing,missing,missing,missing,missing,missing,2T3,2T3,2T3
Singapore,SGP,"In-school proxy (100 - ROFST.1.CP), primary age (%)",SE.PRM.TENR,,,,,,,99.98961267436859,99.9691884205575,99.79565816530224,99.89892025291428,99.88421624144259,99.35190633341008,99.0693996972695,99.78844151919138,
Singapore,SGP,"In-school proxy (100 - ROFST.2T3.CP), secondary age BEST (%) [STRICT]",SE.SEC.NENR,,,,,,,99.89919991868243,99.92258935022285,99.69555593245835,99.71152376585664,99.01493227659401,99.07973002126545,99.11181503598195,99.5157203102232,
Singapore,SGP,"In-school proxy, primary age, female (%)",UIS.INS.PRM.F,,,,,,,,,99.86819675588282,,,99.27728742462641,99.20110455978256,99.7525478091428,
Singapore,SGP,"In-school proxy, primary age, male (%)",UIS.INS.PRM.M,,,,,,,,,99.72636544482403,,,99.42300006660894,98.94441926579044,99.82249488752556,
Singapore,SGP,"In-school proxy, secondary BEST (2T3), female (%) [STRICT]",UIS.INS.SEC.F,,,,,,,99.93404000252485,99.93558000028133,99.53444001078606,99.67938274662114,98.78738368456658,99.2004432188771,98.99690997600555,99.3086000084877,
Singapore,SGP,"In-school proxy, secondary BEST (2T3), male (%) [STRICT]",UIS.INS.SEC.M,,,,,,,99.86616000533104,99.91018000245094,99.85009999573231,99.74223273768757,99.23327535947872,98.96396831530139,99.217109978199,99.71362000703812,
Singapore,SGP,"Pupil-teacher ratio, primary (trained) (ratio)",UIS.PTR.PRM.TRAINED,,,,,,,15.21205701078582,14.8430008223164,14.587033914184,14.51454871192933,14.17671416392644,14.120200132618,14.32579075425791,14.62974761087969,
Singapore,SGP,"PTR secondary source flag (2T3 / avg(2,3) / only2 / only3 / missing)",UIS.PTR.SEC.SOURCE,missing,missing,missing,missing,missing,missing,2T3,2T3,2T3,2T3,2T3,2T3,2T3,2T3,missing
Singapore,SGP,"Pupil-teacher ratio, secondary (trained) BEST (ratio)",UIS.PTR.SEC.TRAINED,,,,,,,11.75554826001313,11.58031123139378,11.49116875948668,11.56401773773492,11.68453856505418,11.85148655360817,12.09509647468446,12.25460260440054,
Singapore,SGP,"Out-of-school rate, primary age (%) (ROFST.1.CP)",UIS.ROFST.1.CP,,,,,,,0.0103873256314199,0.0308115794424943,0.2043418346977587,0.1010797470857193,0.1157837585574188,0.6480936665899187,0.9306003027304938,0.2115584808086235,
Singapore,SGP,"Out-of-school rate, secondary age BEST (%) (ROFST.2T3.CP) [STRICT]",UIS.ROFST.SEC.BEST,,,,,,,0.1008000813175668,0.0774106497771555,0.3044440675416478,0.2884762341433593,0.985067723405984,0.9202699787345516,0.8881849640180548,0.4842796897768048,
Singapore,SGP,Secondary BEST source flag (2T3 / missing) [STRICT],UIS.SEC.SOURCE,missing,missing,missing,missing,missing,missing,2T3,2T3,2T3,2T3,2T3,2T3,2T3,2T3,missing
Solomon Islands,SLB,"In-school proxy (100 - ROFST.1.CP), primary age (%)",SE.PRM.TENR,,,,98.25288999080658,97.21934008598328,97.15943002700806,,,90.19947128437816,87.90729277658282,,,,67.59584850063493,69.86088578651348
Solomon Islands,SLB,"In-school proxy (100 - ROFST.2T3.CP), secondary age BEST (%) [STRICT]",SE.SEC.NENR,,,,,,,,82.48501987323948,78.85679839049867,79.14681028865638,63.98340268777699,,,69.60889962808774,
Solomon Islands,SLB,"In-school proxy, primary age, female (%)",UIS.INS.PRM.F,,,,98.50466001033783,96.58427000045776,97.14568996429443,,,90.76914172496005,90.56026449572998,,,,67.25633067426698,69.19716001283567
Solomon Islands,SLB,"In-school proxy, primary age, male (%)",UIS.INS.PRM.M,,,,98.0156899690628,97.81652998924255,97.17230010032654,,,89.66915731173667,85.43467573772172,,,,67.9150307789743,70.48496741882936
Solomon Islands,SLB,"In-school proxy, secondary BEST (2T3), female (%) [STRICT]",UIS.INS.SEC.F,,,,,,,,82.68726596607385,79.07344804302092,,63.75903836104932,,,71.63532907237595,
Solomon Islands,SLB,"In-school proxy, secondary BEST (2T3), male (%) [STRICT]",UIS.INS.SEC.M,,,,,,,,82.29144975853488,78.64990531642499,,64.19495608090682,,,67.72041630832247,
Solomon Islands,SLB,"Pupil-teacher ratio, primary (trained) (ratio)",UIS.PTR.PRM.TRAINED,34.35842939481268,36.46931944960952,35.24096820809248,32.51924943384018,31.44650015417823,43.46788990825688,38.35527728085868,34.76459268762027,33.40557667934094,29.91287349902262,,,,,
Solomon Islands,SLB,"PTR secondary source flag (2T3 / avg(2,3) / only2 / only3 / missing)",UIS.PTR.SEC.SOURCE,2T3,missing,2T3,missing,missing,only2,only2,only2,missing,only2,missing,missing,missing,missing,missing
Solomon Islands,SLB,"Pupil-teacher ratio, secondary (trained) BEST (ratio)",UIS.PTR.SEC.TRAINED,39.62675094604492,,37.13011932373047,,,23.45203018188477,22.15826988220215,18.75041876046901,,19.87121661721068,,,,,
Solomon Islands,SLB,"Out-of-school rate, primary age (%) (ROFST.1.CP)",UIS.ROFST.1.CP,,,,1.74711000919342,2.780659914016724,2.840569972991943,,,9.800528715621834,12.09270722341718,,,,32.40415149936508,30.13911421348653
Solomon Islands,SLB,"Out-of-school rate, secondary age BEST (%) (ROFST.2T3.CP) [STRICT]",UIS.ROFST.SEC.BEST,,,,,,,,17.51498012676052,21.14320160950133,20.85318971134362,36.01659731222301,,,30.39110037191226,
Solomon Islands,SLB,Secondary BEST source flag (2T3 / missing) [STRICT],UIS.SEC.SOURCE,missing,missing,missing,missing,missing,missing,missing,2T3,2T3,2T3,2T3,missing,missing,2T3,missing
Sierra Leone,SLE,"In-school proxy (100 - ROFST.1.CP), primary age (%)",SE.PRM.TENR,,94.09285938334831,96.85815990156664,,,99.1117399930954,,,,,,,,,
Sierra Leone,SLE,"In-school proxy (100 - ROFST.2T3.CP), secondary age BEST (%) [STRICT]",SE.SEC.NENR,,,,44.37186123301436,,46.08768293883372,47.90147088802662,48.89762596752034,41.80720075263551,59.41616912948582,61.20200651403847,71.85100201124153,80.48494799885457,81.25438828027269,82.72037415080857
Sierra Leone,SLE,"In-school proxy, primary age, female (%)",UIS.INS.PRM.F,,92.60074945762935,97.49956405376923,,,,,,,,,,,,
Sierra Leone,SLE,"In-school proxy, primary age, male (%)",UIS.INS.PRM.M,,95.56181197615962,96.22715041983743,,,,,,,,,,,,
Sierra Leone,SLE,"In-school proxy, secondary BEST (2T3), female (%) [STRICT]",UIS.INS.SEC.F,,,,42.19777524082687,,45.45019405146963,47.59575875757365,49.16320412170463,41.34753297117927,59.18379330593071,61.53242636037953,72.72747179183989,82.72775096354849,85.78667212611322,
Sierra Leone,SLE,"In-school proxy, secondary BEST (2T3), male (%) [STRICT]",UIS.INS.SEC.M,,,,46.52956731489527,,46.71638531127582,48.20249336542616,48.6362951429002,42.25927370073167,59.64465743186567,60.87691330541197,70.98743267504489,78.2727285104632,76.78125979642745,
Sierra Leone,SLE,"Pupil-teacher ratio, primary (trained) (ratio)",UIS.PTR.PRM.TRAINED,,65.24842956246245,60.42668275030157,60.98395420850145,,62.70712705144754,,62.42921320010076,45.18052577761652,58.26645602948921,59.78302079086833,61.38964935308456,63.28408564278432,66.25402351704658,63.57159545035352
Sierra Leone,SLE,"PTR secondary source flag (2T3 / avg(2,3) / only2 / only3 / missing)",UIS.PTR.SEC.SOURCE,missing,2T3,2T3,2T3,missing,2T3,missing,missing,2T3,"avg(2,3)",only2,only2,missing,2T3,only2
Sierra Leone,SLE,"Pupil-teacher ratio, secondary (trained) BEST (ratio)",UIS.PTR.SEC.TRAINED,,33.51691055297852,34.62036895751953,32.15990829467773,,29.20697021484375,,,34.24309921264648,36.40965358962033,40.16708186581909,32.97646986545432,,46.46889114379883,35.454776212184
Sierra Leone,SLE,"Out-of-school rate, primary age (%) (ROFST.1.CP)",UIS.ROFST.1.CP,,5.907140616651687,3.141840098433356,,,0.888260006904602,,,,,,,,,
Sierra Leone,SLE,"Out-of-school rate, secondary age BEST (%) (ROFST.2T3.CP) [STRICT]",UIS.ROFST.SEC.BEST,,,,55.62813876698564,,53.91231706116628,52.09852911197338,51.10237403247966,58.19279924736449,40.58383087051418,38.79799348596153,28.14899798875847,19.51505200114543,18.74561171972731,17.27962584919143
Sierra Leone,SLE,Secondary BEST source flag (2T3 / missing) [STRICT],UIS.SEC.SOURCE,missing,missing,missing,2T3,missing,2T3,2T3,2T3,2T3,2T3,2T3,2T3,2T3,2T3,2T3
El Salvador,SLV,"In-school proxy (100 - ROFST.1.CP), primary age (%)",SE.PRM.TENR,,,,,93.61087933402156,92.68336017191734,91.77363254542605,87.66790952459957,88.38264820106983,85.63593270913854,85.21965512724854,84.28560852827954,84.38927805405534,85.67898395785802,91.33637402827269
El Salvador,SLV,"In-school proxy (100 - ROFST.2T3.CP), secondary age BEST (%) [STRICT]",SE.SEC.NENR,79.5571792761507,79.77122124224182,79.47631535054393,79.16986568189108,77.17981656300061,75.17138433010128,72.33065134891616,68.69039036851531,70.03953342727415,67.16893425577318,67.8170242960384,67.45651916791434,68.57400695534784,66.67629869360078,50.7963083229562
El Salvador,SLV,"In-school proxy, primary age, female (%)",UIS.INS.PRM.F,,,,,94.57006274782844,93.72661761756233,93.1222976321545,89.03703748263023,89.88468664056981,87.30566088223043,86.83013945777257,85.90038243730235,86.01476785472951,86.9188385867437,
El Salvador,SLV,"In-school proxy, primary age, male (%)",UIS.INS.PRM.M,,,,,92.70510380807801,91.70055508545359,90.50594424515617,86.38439935486053,86.97756082064257,84.07641864969484,83.71569489624866,82.77604620250263,82.86707855860831,84.51478979870124,
El Salvador,SLV,"In-school proxy, secondary BEST (2T3), female (%) [STRICT]",UIS.INS.SEC.F,78.73718567443248,78.9944599988086,79.03813853439434,79.18717459956187,77.56091612690352,75.48933293123073,72.71290697848588,69.19117912627121,70.64344421651046,68.19206164582727,68.9182081050842,69.52975090810106,71.22245921904162,68.9069503120242,58.97724400273738
El Salvador,SLV,"In-school proxy, secondary BEST (2T3), male (%) [STRICT]",UIS.INS.SEC.M,80.34679535319259,80.51636056093352,79.89551815966911,79.15333926416893,76.81660741956065,74.86894279752183,71.96765498652292,68.21530313561561,69.46725112762849,66.2010611679195,66.77824198960458,65.50525965062593,66.08666207595166,64.58648450841669,43.14713935725609
El Salvador,SLV,"Pupil-teacher ratio, primary (trained) (ratio)",UIS.PTR.PRM.TRAINED,,30.64166156358441,,,,30.91233215082358,29.39795322724816,29.51502970989165,28.08115806479041,,,,,27.20944627741297,27.56917087639616
El Salvador,SLV,"PTR secondary source flag (2T3 / avg(2,3) / only2 / only3 / missing)",UIS.PTR.SEC.SOURCE,missing,2T3,missing,missing,missing,2T3,2T3,2T3,2T3,missing,missing,missing,missing,2T3,2T3
El Salvador,SLV,"Pupil-teacher ratio, secondary (trained) BEST (ratio)",UIS.PTR.SEC.TRAINED,,26.61960103303945,,,,33.32228046421425,31.03218324900017,29.53439569071934,29.31417142857143,,,,,24.87021687747052,24.61460853147678
El Salvador,SLV,"Out-of-school rate, primary age (%) (ROFST.1.CP)",UIS.ROFST.1.CP,,,,,6.389120665978437,7.316639828082653,8.22636745457395,12.33209047540043,11.61735179893017,14.36406729086146,14.78034487275146,15.71439147172046,15.61072194594466,14.32101604214198,8.66362597172731
El Salvador,SLV,"Out-of-school rate, secondary age BEST (%) (ROFST.2T3.CP) [STRICT]",UIS.ROFST.SEC.BEST,20.44282072384929,20.22877875775818,20.52368464945607,20.83013431810892,22.82018343699939,24.82861566989872,27.66934865108384,31.30960963148469,29.96046657272585,32.83106574422682,32.1829757039616,32.54348083208566,31.42599304465216,33.32370130639922,49.2036916770438
El Salvador,SLV,Secondary BEST source flag (2T3 / missing) [STRICT],UIS.SEC.SOURCE,2T3,2T3,2T3,2T3,2T3,2T3,2T3,2T3,2T3,2T3,2T3,2T3,2T3,2T3,2T3
Serbia,SRB,"In-school proxy (100 - ROFST.1.CP), primary age (%)",SE.PRM.TENR,94.91871976852417,97.37802004814148,96.35284996032715,96.49695992469788,98.78430998325348,99.20622998476028,99.16856002807617,98.9735699892044,98.56554996967316,98.15680003166199,97.1070499420166,96.2522599697113,96.03727006912231,,
Serbia,SRB,"In-school proxy (100 - ROFST.2T3.CP), secondary age BEST (%) [STRICT]",SE.SEC.NENR,90.90783977508545,93.69757986068726,93.92944002151489,94.02924013137817,92.99936008453369,94.61079978942871,93.94875001907349,93.72175979614258,93.24196004867554,92.74857997894287,91.23958015441895,91.3767900466919,91.05978965759277,,
Serbia,SRB,"In-school proxy, primary age, female (%)",UIS.INS.PRM.F,94.67606019973755,97.5166699886322,96.54261994361877,96.84438991546631,99.06317001581192,99.30295997858047,99.22080999612808,99.03769999742508,98.73856997489929,98.06575000286102,97.08599996566772,96.44355010986328,96.1782898902893,,
Serbia,SRB,"In-school proxy, primary age, male (%)",UIS.INS.PRM.M,95.14968013763428,97.24685001373291,96.17379999160767,96.16841006278992,98.52023994922638,99.1146399974823,99.11915999650955,98.91330003738403,98.40302002429962,98.24211001396179,97.12685990333557,96.07155990600586,95.9044599533081,,
Serbia,SRB,"In-school proxy, secondary BEST (2T3), female (%) [STRICT]",UIS.INS.SEC.F,91.78804969787598,94.80200004577637,95.33913993835449,95.33974981307983,94.03606986999512,95.39247989654541,94.74050998687744,94.2936201095581,93.84333992004395,93.41442012786865,92.09747982025146,92.34497022628784,92.02177000045776,,
Serbia,SRB,"In-school proxy, secondary BEST (2T3), male (%) [STRICT]",UIS.INS.SEC.M,90.07048034667969,92.65781021118164,92.60309982299805,92.79474020004272,92.02200984954834,93.87294006347656,93.20122003555298,93.18125009536743,92.67331981658936,92.11809015274048,90.429030418396,90.46360969543457,90.15213012695312,,
Serbia,SRB,"Pupil-teacher ratio, primary (trained) (ratio)",UIS.PTR.PRM.TRAINED,,21.98369979858398,28.05108070373535,,,,,,,,,,,,
Serbia,SRB,"PTR secondary source flag (2T3 / avg(2,3) / only2 / only3 / missing)",UIS.PTR.SEC.SOURCE,missing,2T3,missing,missing,missing,missing,missing,missing,missing,missing,missing,missing,missing,missing,missing
Serbia,SRB,"Pupil-teacher ratio, secondary (trained) BEST (ratio)",UIS.PTR.SEC.TRAINED,,21.25112915039063,,,,,,,,,,,,,
Serbia,SRB,"Out-of-school rate, primary age (%) (ROFST.1.CP)",UIS.ROFST.1.CP,5.08128023147583,2.621979951858521,3.647150039672852,3.503040075302124,1.215690016746521,0.7937700152397156,0.8314399719238281,1.026430010795593,1.434450030326843,1.843199968338013,2.892950057983398,3.747740030288696,3.962729930877686,,
Serbia,SRB,"Out-of-school rate, secondary age BEST (%) (ROFST.2T3.CP) [STRICT]",UIS.ROFST.SEC.BEST,9.092160224914553,6.302420139312744,6.070559978485107,5.970759868621826,7.000639915466309,5.389200210571289,6.051249980926514,6.278240203857422,6.758039951324463,7.251420021057129,8.760419845581055,8.623209953308105,8.940210342407227,,
Serbia,SRB,Secondary BEST source flag (2T3 / missing) [STRICT],UIS.SEC.SOURCE,2T3,2T3,2T3,2T3,2T3,2T3,2T3,2T3,2T3,2T3,2T3,2T3,2T3,missing,missing
South Sudan,SSD,"In-school proxy (100 - ROFST.1.CP), primary age (%)",SE.PRM.TENR,,44.67440032958984,,,,36.26253128051758,,,,,,,,,35.26531982421875
South Sudan,SSD,"In-school proxy (100 - ROFST.2T3.CP), secondary age BEST (%) [STRICT]",SE.SEC.NENR,,51.02545928955078,,,,40.44662857055664,,,,,,,,,
South Sudan,SSD,"In-school proxy, primary age, female (%)",UIS.INS.PRM.F,,37.25033187866211,,,,31.51026153564453,,,,,,,,,38.41883850097656
South Sudan,SSD,"In-school proxy, primary age, male (%)",UIS.INS.PRM.M,,51.93888092041016,,,,40.9139518737793,,,,,,,,,32.17890930175781
South Sudan,SSD,"In-school proxy, secondary BEST (2T3), female (%) [STRICT]",UIS.INS.SEC.F,,39.66894912719727,,,,32.70997619628906,,,,,,,,,
South Sudan,SSD,"In-school proxy, secondary BEST (2T3), male (%) [STRICT]",UIS.INS.SEC.M,,62.1684684753418,,,,48.00394821166992,,,,,,,,,
South Sudan,SSD,"Pupil-teacher ratio, primary (trained) (ratio)",UIS.PTR.PRM.TRAINED,,113.3389129638672,,,,,,,,,,,,,
South Sudan,SSD,"PTR secondary source flag (2T3 / avg(2,3) / only2 / only3 / missing)",UIS.PTR.SEC.SOURCE,missing,only2,missing,missing,missing,missing,missing,missing,missing,missing,missing,missing,missing,missing,missing
South Sudan,SSD,"Pupil-teacher ratio, secondary (trained) BEST (ratio)",UIS.PTR.SEC.TRAINED,,108.6242370605469,,,,,,,,,,,,,
South Sudan,SSD,"Out-of-school rate, primary age (%) (ROFST.1.CP)",UIS.ROFST.1.CP,,55.32559967041016,,,,63.73746871948242,,,,,,,,,64.73468017578125
South Sudan,SSD,"Out-of-school rate, secondary age BEST (%) (ROFST.2T3.CP) [STRICT]",UIS.ROFST.SEC.BEST,,48.97454071044922,,,,59.55337142944336,,,,,,,,,
South Sudan,SSD,Secondary BEST source flag (2T3 / missing) [STRICT],UIS.SEC.SOURCE,missing,2T3,missing,missing,missing,2T3,missing,missing,missing,missing,missing,missing,missing,missing,missing
Suriname,SUR,"In-school proxy (100 - ROFST.1.CP), primary age (%)",SE.PRM.TENR,82.1613597869873,80.79553031921387,81.95272064208984,82.2188606262207,82.3244400024414,84.16240978240967,85.17523956298828,80.9373893737793,80.90278053283691,82.44281959533691,83.16827011108398,78.21665954589844,,,
Suriname,SUR,"In-school proxy (100 - ROFST.2T3.CP), secondary age BEST (%) [STRICT]",SE.SEC.NENR,68.19963073730469,67.15607070922852,66.49906158447266,66.05155181884766,66.30101013183594,68.18804931640625,,,,,,,,,
Suriname,SUR,"In-school proxy, primary age, female (%)",UIS.INS.PRM.F,82.24076080322266,81.14602088928223,82.10837936401367,82.24696922302246,83.01707077026367,84.15900039672852,85.25580024719238,80.99118041992188,80.78162002563477,82.28537940979004,82.99468040466309,78.02349090576172,,,
Suriname,SUR,"In-school proxy, primary age, male (%)",UIS.INS.PRM.M,82.08428955078125,80.45536041259766,81.80167961120605,82.19157981872559,81.65243911743164,84.16571998596191,85.09710025787354,80.88525009155273,81.02017974853516,82.59527969360352,83.33629989624023,78.40357971191406,,,
Suriname,SUR,"In-school proxy, secondary BEST (2T3), female (%) [STRICT]",UIS.INS.SEC.F,70.38257026672363,69.75435066223145,69.11088943481445,68.71340942382812,67.95764923095703,70.39620971679688,,,,51.75439254634125,52.46465116727727,59.65903673788196,62.95438013491539,66.61282298163567,
Suriname,SUR,"In-school proxy, secondary BEST (2T3), male (%) [STRICT]",UIS.INS.SEC.M,66.11288833618164,64.66025924682617,63.98025131225586,63.47620010375977,64.6945915222168,66.04521942138672,,,,42.30169465426854,42.32059522889173,47.29825686602377,62.727163615678,50.87514177236579,
Suriname,SUR,"Pupil-teacher ratio, primary (trained) (ratio)",UIS.PTR.PRM.TRAINED,15.61050987243652,14.85371017456055,14.3309497833252,14.12709045410156,13.75185012817383,13.6059398651123,13.59638977050781,13.13650989532471,13.5352897644043,,12.90655040740967,12.52472019195557,,30.30933952331543,
Suriname,SUR,"PTR secondary source flag (2T3 / avg(2,3) / only2 / only3 / missing)",UIS.PTR.SEC.SOURCE,2T3,2T3,2T3,2T3,2T3,2T3,only2,only2,only2,missing,only2,only2,missing,missing,missing
Suriname,SUR,"Pupil-teacher ratio, secondary (trained) BEST (ratio)",UIS.PTR.SEC.TRAINED,20.95405006408691,19.13628959655762,18.11537933349609,18.30956077575684,17.77075958251953,16.80620002746582,15.13677978515625,16.03286933898926,16.42045021057129,,14.06305980682373,13.46220970153809,,,
Suriname,SUR,"Out-of-school rate, primary age (%) (ROFST.1.CP)",UIS.ROFST.1.CP,17.8386402130127,19.20446968078613,18.04727935791016,17.7811393737793,17.67555999755859,15.83759021759033,14.82476043701172,19.0626106262207,19.09721946716309,17.55718040466309,16.83172988891602,21.78334045410156,,,
Suriname,SUR,"Out-of-school rate, secondary age BEST (%) (ROFST.2T3.CP) [STRICT]",UIS.ROFST.SEC.BEST,31.80036926269531,32.84392929077148,33.50093841552734,33.94844818115234,33.69898986816406,31.81195068359375,,,,,,,,,
Suriname,SUR,Secondary BEST source flag (2T3 / missing) [STRICT],UIS.SEC.SOURCE,2T3,2T3,2T3,2T3,2T3,2T3,missing,missing,missing,missing,missing,missing,missing,missing,missing
Slovakia,SVK,"In-school proxy (100 - ROFST.1.CP), primary age (%)",SE.PRM.TENR,95.2071099281311,94.5922999382019,94.27768993377686,94.1281099319458,93.65607976913452,93.74349021911621,93.30267000198364,94.05549001693726,92.99726009368896,93.99861001968384,95.0221300125122,95.66717004776001,97.1407299041748,98.77049994468689,
Slovakia,SVK,"In-school proxy (100 - ROFST.2T3.CP), secondary age BEST (%) [STRICT]",SE.SEC.NENR,94.63556003570557,94.4494400024414,94.3178300857544,94.09017992019653,93.74061012268066,93.41109991073608,93.12649011611938,92.99593019485474,93.01221990585327,92.97939014434814,93.08481979370117,93.38397979736328,94.3734998703003,95.56875991821289,
Slovakia,SVK,"In-school proxy, primary age, female (%)",UIS.INS.PRM.F,95.27995014190674,94.69052982330322,94.31037998199463,94.24258995056152,93.88531017303467,93.94418001174927,93.5245099067688,94.1504898071289,93.13253021240234,94.10907983779907,95.10095977783203,95.69500017166138,97.21876001358032,98.80498003959656,
Slovakia,SVK,"In-school proxy, primary age, male (%)",UIS.INS.PRM.M,95.13818979263306,94.49947023391724,94.2467098236084,94.01988983154297,93.43936014175415,93.55368995666504,93.09302997589111,93.96498012542725,92.86817979812622,93.89343976974487,94.94678020477295,95.64064979553223,97.06678009033203,98.73766005039215,
Slovakia,SVK,"In-school proxy, secondary BEST (2T3), female (%) [STRICT]",UIS.INS.SEC.F,94.92938995361328,94.6508002281189,94.51060009002686,94.19040012359619,93.88924980163574,93.52216005325317,93.2064299583435,93.09512996673584,93.1234998703003,93.15374994277954,93.23153018951416,93.61038017272949,94.49637985229492,95.6893801689148,
Slovakia,SVK,"In-school proxy, secondary BEST (2T3), male (%) [STRICT]",UIS.INS.SEC.M,94.35530996322632,94.25771999359131,94.13474988937378,93.99494981765747,93.59969997406006,93.30587005615234,93.05072021484375,92.90187978744507,92.9066801071167,92.81436014175415,92.94615983963013,93.16890001296997,94.25636005401611,95.45403003692627,
Slovakia,SVK,"Pupil-teacher ratio, primary (trained) (ratio)",UIS.PTR.PRM.TRAINED,,,,,15.88774967193604,,,,,,,,12.79351043701172,,
Slovakia,SVK,"PTR secondary source flag (2T3 / avg(2,3) / only2 / only3 / missing)",UIS.PTR.SEC.SOURCE,missing,missing,missing,missing,2T3,missing,missing,missing,missing,missing,missing,missing,2T3,missing,missing
Slovakia,SVK,"Pupil-teacher ratio, secondary (trained) BEST (ratio)",UIS.PTR.SEC.TRAINED,,,,,11.59115982055664,,,,,,,,12.50549983978271,,
Slovakia,SVK,"Out-of-school rate, primary age (%) (ROFST.1.CP)",UIS.ROFST.1.CP,4.792890071868896,5.407700061798096,5.722310066223145,5.871890068054199,6.343920230865479,6.256509780883789,6.697329998016357,5.944509983062744,7.002739906311035,6.001389980316162,4.977869987487793,4.33282995223999,2.859270095825195,1.22950005531311,
Slovakia,SVK,"Out-of-school rate, secondary age BEST (%) (ROFST.2T3.CP) [STRICT]",UIS.ROFST.SEC.BEST,5.364439964294434,5.550559997558594,5.682169914245605,5.909820079803467,6.259389877319336,6.588900089263916,6.873509883880615,7.004069805145264,6.987780094146729,7.020609855651855,6.915180206298828,6.616020202636719,5.626500129699707,4.431240081787109,
Slovakia,SVK,Secondary BEST source flag (2T3 / missing) [STRICT],UIS.SEC.SOURCE,2T3,2T3,2T3,2T3,2T3,2T3,2T3,2T3,2T3,2T3,2T3,2T3,2T3,2T3,missing
Slovenia,SVN,"In-school proxy (100 - ROFST.1.CP), primary age (%)",SE.PRM.TENR,97.93111991882324,97.80657005310059,98.00961005687714,98.00755000114441,98.07943999767303,98.28794002532959,97.79226994514465,97.93664002418518,98.48868000507355,98.71573996543884,99.0006600022316,98.49521994590759,98.7956600189209,98.55260002613068,
Slovenia,SVN,"In-school proxy (100 - ROFST.2T3.CP), secondary age BEST (%) [STRICT]",SE.SEC.NENR,95.38841009140015,95.60334014892578,95.66571998596191,96.6269600391388,96.32442998886108,97.62772011756897,96.57558989524841,96.60984992980957,97.4585599899292,97.3867700099945,97.54756999015808,97.18852996826172,97.55276989936829,97.53460001945496,
Slovenia,SVN,"In-school proxy, primary age, female (%)",UIS.INS.PRM.F,97.99559998512268,97.84844994544983,98.13523995876312,98.13822996616364,98.15609002113342,98.30502998828888,97.94679999351501,98.02016997337341,98.54368996620178,98.74571001529694,98.98585999011993,98.54702997207642,98.81176996231079,98.66509997844696,
Slovenia,SVN,"In-school proxy, primary age, male (%)",UIS.INS.PRM.M,97.87068009376526,97.76705002784729,97.89110994338989,97.88427996635437,98.00694000720978,98.2717399597168,97.64608001708984,97.85793995857239,98.43675005435944,98.68747997283936,99.01463001966476,98.44660997390747,98.78051996231079,98.44632005691528,
Slovenia,SVN,"In-school proxy, secondary BEST (2T3), female (%) [STRICT]",UIS.INS.SEC.F,96.03026008605957,96.12927007675171,96.23042011260986,96.97423005104065,96.67508006095886,98.02648997306824,96.87319993972778,96.96543002128601,97.60451006889343,97.72863006591797,97.78068995475769,97.46112990379333,97.83073997497559,97.81840991973877,
Slovenia,SVN,"In-school proxy, secondary BEST (2T3), male (%) [STRICT]",UIS.INS.SEC.M,94.78189992904663,95.1065001487732,95.1317400932312,96.29916000366211,95.9953498840332,97.25413990020752,96.29692006111145,96.27661991119385,97.321280002594,97.06592011451721,97.3282699584961,96.93027997016907,97.29022002220154,97.26579999923706,
Slovenia,SVN,"PTR secondary source flag (2T3 / avg(2,3) / only2 / only3 / missing)",UIS.PTR.SEC.SOURCE,missing,missing,missing,missing,missing,missing,missing,missing,missing,missing,missing,missing,missing,missing,missing
Slovenia,SVN,"Out-of-school rate, primary age (%) (ROFST.1.CP)",UIS.ROFST.1.CP,2.068880081176758,2.193429946899414,1.990389943122864,1.992449998855591,1.920560002326965,1.71205997467041,2.207730054855347,2.063359975814819,1.511319994926453,1.284260034561157,0.999339997768402,1.504780054092407,1.204339981079102,1.447399973869324,
Slovenia,SVN,"Out-of-school rate, secondary age BEST (%) (ROFST.2T3.CP) [STRICT]",UIS.ROFST.SEC.BEST,4.611589908599854,4.396659851074219,4.334280014038086,3.373039960861206,3.675570011138916,2.37227988243103,3.424410104751587,3.39015007019043,2.541440010070801,2.613229990005493,2.452430009841919,2.811470031738281,2.447230100631714,2.465399980545044,
Slovenia,SVN,Secondary BEST source flag (2T3 / missing) [STRICT],UIS.SEC.SOURCE,2T3,2T3,2T3,2T3,2T3,2T3,2T3,2T3,2T3,2T3,2T3,2T3,2T3,2T3,missing
Sweden,SWE,"In-school proxy (100 - ROFST.1.CP), primary age (%)",SE.PRM.TENR,99.19134998321533,,99.45784997940063,99.12246000766754,98.71754002571106,99.19862002134323,,,,99.24224001169205,99.31612998247147,99.49228000640869,99.43308997154236,99.57429000735283,
Sweden,SWE,"In-school proxy (100 - ROFST.2T3.CP), secondary age BEST (%) [STRICT]",SE.SEC.NENR,97.29674005508423,96.78601002693176,97.51624989509583,98.52121996879578,98.2268500328064,98.48696994781494,,,,98.50881004333496,98.27059996128082,98.55464005470276,98.47101998329163,98.4466199874878,
Sweden,SWE,"In-school proxy, primary age, female (%)",UIS.INS.PRM.F,98.88210999965668,,99.25999999046326,99.09908002614975,98.71450996398926,99.16970998048782,,,,99.18414998054504,99.28789001703262,99.47914999723434,99.42590999603271,99.59152999520302,
Sweden,SWE,"In-school proxy, primary age, male (%)",UIS.INS.PRM.M,99.48439997434616,,99.64544999599457,99.14463001489639,98.72042000293732,99.22605001926422,,,,99.29707998037338,99.34279000759125,99.50466999411583,99.43985998630524,99.55803999304771,
Sweden,SWE,"In-school proxy, secondary BEST (2T3), female (%) [STRICT]",UIS.INS.SEC.F,97.3876600265503,96.8243100643158,97.59614992141724,98.31070005893707,98.06184995174408,98.25134003162384,,,,98.05562996864319,98.27576005458832,98.6346800327301,98.50788998603821,98.50327003002167,
Sweden,SWE,"In-school proxy, secondary BEST (2T3), male (%) [STRICT]",UIS.INS.SEC.M,97.21061992645264,96.74973011016846,97.44082999229431,98.7192200422287,98.38145995140076,98.70722997188568,,,,98.92926001548767,98.2657699584961,98.47932004928589,98.4363100528717,98.39331996440887,
Sweden,SWE,"PTR secondary source flag (2T3 / avg(2,3) / only2 / only3 / missing)",UIS.PTR.SEC.SOURCE,missing,missing,missing,missing,missing,missing,missing,missing,missing,missing,missing,missing,missing,missing,missing
Sweden,SWE,"Out-of-school rate, primary age (%) (ROFST.1.CP)",UIS.ROFST.1.CP,0.808650016784668,,0.5421500205993652,0.8775399923324585,1.28245997428894,0.8013799786567688,,,,0.7577599883079529,0.6838700175285339,0.5077199935913086,0.5669100284576416,0.425709992647171,
Sweden,SWE,"Out-of-school rate, secondary age BEST (%) (ROFST.2T3.CP) [STRICT]",UIS.ROFST.SEC.BEST,2.703259944915771,3.213989973068237,2.483750104904175,1.478780031204224,1.773149967193604,1.513030052185059,,,,1.491189956665039,1.729400038719177,1.445359945297241,1.528980016708374,1.553380012512207,
Sweden,SWE,Secondary BEST source flag (2T3 / missing) [STRICT],UIS.SEC.SOURCE,2T3,2T3,2T3,2T3,2T3,2T3,missing,missing,missing,2T3,2T3,2T3,2T3,2T3,missing
Eswatini,SWZ,"In-school proxy (100 - ROFST.1.CP), primary age (%)",SE.PRM.TENR,86.63770217284758,91.73798652771237,87.62159919266846,85.26141471492784,87.68210486145848,88.46193564376885,89.46776650535239,88.7863574039028,90.37019228256496,91.5404959543324,,,96.1745760483765,,
Eswatini,SWZ,"In-school proxy (100 - ROFST.2T3.CP), secondary age BEST (%) [STRICT]",SE.SEC.NENR,85.16904057265319,86.99298000860801,88.9692817346785,90.58882356506454,90.44088662482186,88.40060426171516,88.74337221633085,91.08029550684267,,94.41554632873878,,,86.04890546011849,,
Eswatini,SWZ,"In-school proxy, primary age, female (%)",UIS.INS.PRM.F,85.97333115517347,89.102518040999,86.37439051988397,84.69314079422384,87.01484990144785,87.35664191419141,88.21369846013837,87.98226533309743,88.79176196593247,90.20348381022127,,,95.35559697955831,,
Eswatini,SWZ,"In-school proxy, primary age, male (%)",UIS.INS.PRM.M,87.30215460022465,94.35919425811919,88.85884261763115,85.82652935625487,88.34862385321101,89.57006369426752,90.72699141234254,89.59343138893531,91.95141344604633,92.88066275167785,,,96.99124151981685,,
Eswatini,SWZ,"In-school proxy, secondary BEST (2T3), female (%) [STRICT]",UIS.INS.SEC.F,81.63707974199441,82.9996641404185,85.96875979053843,88.12976868111905,89.52886772583673,88.03386035669924,79.03539538374355,91.01887946189711,,94.23568606182691,,,86.5643900729749,,
Eswatini,SWZ,"In-school proxy, secondary BEST (2T3), male (%) [STRICT]",UIS.INS.SEC.M,88.85710028311726,91.11909108740589,92.02626499065222,93.05235379762193,91.3409546187098,88.76010943747933,98.24214359573799,91.14053105836844,,94.59401282307539,,,85.53242154109171,,
Eswatini,SWZ,"Pupil-teacher ratio, primary (trained) (ratio)",UIS.PTR.PRM.TRAINED,40.74261104543152,39.31141357822237,42.9996408045977,35.49962869448983,34.33300014279595,33.60300668151448,40.782801569698,30.32192567998979,,,,,37.56564975560425,,
Eswatini,SWZ,"PTR secondary source flag (2T3 / avg(2,3) / only2 / only3 / missing)",UIS.PTR.SEC.SOURCE,2T3,2T3,2T3,2T3,missing,2T3,missing,missing,missing,missing,missing,missing,2T3,missing,missing
Eswatini,SWZ,"Pupil-teacher ratio, secondary (trained) BEST (ratio)",UIS.PTR.SEC.TRAINED,24.83716011047363,23.23801040649414,21.80640983581543,20.96007919311523,,21.56986045837402,,,,,,,26.19203948974609,,
Eswatini,SWZ,"Out-of-school rate, primary age (%) (ROFST.1.CP)",UIS.ROFST.1.CP,13.36229782715242,8.262013472287627,12.37840080733155,14.73858528507216,12.31789513854151,11.53806435623115,10.53223349464761,11.2136425960972,9.629807717435048,8.459504045667602,,,3.825423951623504,,
Eswatini,SWZ,"Out-of-school rate, secondary age BEST (%) (ROFST.2T3.CP) [STRICT]",UIS.ROFST.SEC.BEST,14.83095942734681,13.00701999139198,11.03071826532149,9.411176434935452,9.559113375178145,11.59939573828484,11.25662778366914,8.91970449315732,,5.58445367126121,,,13.95109453988151,,
Eswatini,SWZ,Secondary BEST source flag (2T3 / missing) [STRICT],UIS.SEC.SOURCE,2T3,2T3,2T3,2T3,2T3,2T3,2T3,2T3,missing,2T3,missing,missing,2T3,missing,missing
Sint Maarten (Dutch part),SXM,"In-school proxy (100 - ROFST.1.CP), primary age (%)",SE.PRM.TENR,,,96.2374031237878,,,,,,,,,,,93.21866989135742,
Sint Maarten (Dutch part),SXM,"In-school proxy (100 - ROFST.2T3.CP), secondary age BEST (%) [STRICT]",SE.SEC.NENR,,,98.37861272926209,,,,,,,,,,,,
Sint Maarten (Dutch part),SXM,"PTR secondary source flag (2T3 / avg(2,3) / only2 / only3 / missing)",UIS.PTR.SEC.SOURCE,missing,missing,missing,missing,missing,missing,missing,missing,missing,missing,missing,missing,missing,missing,missing
Sint Maarten (Dutch part),SXM,"Out-of-school rate, primary age (%) (ROFST.1.CP)",UIS.ROFST.1.CP,,,3.7625968762122,,,,,,,,,,,6.781330108642578,
Sint Maarten (Dutch part),SXM,"Out-of-school rate, secondary age BEST (%) (ROFST.2T3.CP) [STRICT]",UIS.ROFST.SEC.BEST,,,1.62138727073791,,,,,,,,,,,,
Sint Maarten (Dutch part),SXM,Secondary BEST source flag (2T3 / missing) [STRICT],UIS.SEC.SOURCE,missing,missing,2T3,missing,missing,missing,missing,missing,missing,missing,missing,missing,missing,missing,missing
Syrian Arab Republic,SYR,"In-school proxy (100 - ROFST.1.CP), primary age (%)",SE.PRM.TENR,98.78214001655579,99.05042999982834,99.04119998216629,64.14004898071289,,,,,,,66.55949020385742,65.38880157470703,68.93000984191895,73.66433906555176,78.1949691772461
Syrian Arab Republic,SYR,"In-school proxy (100 - ROFST.2T3.CP), secondary age BEST (%) [STRICT]",SE.SEC.NENR,70.11815071105957,71.21603012084961,72.46722984313965,46.74998092651367,,,,,,,38.83464050292969,38.6038703918457,37.0649299621582,38.5018310546875,37.89162826538086
Syrian Arab Republic,SYR,"In-school proxy, primary age, female (%)",UIS.INS.PRM.F,,,,63.56932067871094,,,,,,,66.637939453125,65.6436882019043,69.18149948120117,73.98269081115723,78.55054092407227
Syrian Arab Republic,SYR,"In-school proxy, primary age, male (%)",UIS.INS.PRM.M,,,,64.68532180786133,,,,,,,66.48495864868164,65.14657974243164,68.69088935852051,73.36128044128418,77.85597038269043
Syrian Arab Republic,SYR,"In-school proxy, secondary BEST (2T3), female (%) [STRICT]",UIS.INS.SEC.F,69.48632049560547,70.41843032836914,71.67580032348633,46.05458831787109,,,,,,,40.54487991333008,40.23868942260742,39.11452102661133,40.87459182739258,40.78738021850586
Syrian Arab Republic,SYR,"In-school proxy, secondary BEST (2T3), male (%) [STRICT]",UIS.INS.SEC.M,70.7227897644043,71.97896957397461,73.22377014160156,47.41341018676758,,,,,,,37.19726181030273,37.03981018066406,35.106231689453125,36.23297119140625,35.12207794189453
Syrian Arab Republic,SYR,"Pupil-teacher ratio, primary (trained) (ratio)",UIS.PTR.PRM.TRAINED,,,,,,,,,,,,,45.67686080932617,34.44034957885742,39.2388801574707
Syrian Arab Republic,SYR,"PTR secondary source flag (2T3 / avg(2,3) / only2 / only3 / missing)",UIS.PTR.SEC.SOURCE,only3,missing,missing,only3,missing,missing,missing,missing,missing,missing,missing,only3,only3,2T3,2T3
Syrian Arab Republic,SYR,"Pupil-teacher ratio, secondary (trained) BEST (ratio)",UIS.PTR.SEC.TRAINED,8.592470169067383,,,9.234490394592283,,,,,,,,146.1106262207031,20.88718032836914,57.29145050048828,71.93356323242188
Syrian Arab Republic,SYR,"Out-of-school rate, primary age (%) (ROFST.1.CP)",UIS.ROFST.1.CP,1.217859983444214,0.9495700001716614,0.9588000178337096,35.85995101928711,,,,,,,33.44050979614258,34.61119842529297,31.06999015808105,26.33566093444824,21.80503082275391
Syrian Arab Republic,SYR,"Out-of-school rate, secondary age BEST (%) (ROFST.2T3.CP) [STRICT]",UIS.ROFST.SEC.BEST,29.88184928894043,28.78396987915039,27.53277015686035,53.25001907348633,,,,,,,61.16535949707031,61.3961296081543,62.9350700378418,61.4981689453125,62.10837173461914
Syrian Arab Republic,SYR,Secondary BEST source flag (2T3 / missing) [STRICT],UIS.SEC.SOURCE,2T3,2T3,2T3,2T3,missing,missing,missing,missing,missing,missing,2T3,2T3,2T3,2T3,2T3
Turks and Caicos Islands,TCA,"In-school proxy (100 - ROFST.1.CP), primary age (%)",SE.PRM.TENR,,,,,87.247335538405,91.11997100398695,,93.69325559116305,,,,94.9691285469329,,,99.86660359132996
Turks and Caicos Islands,TCA,"In-school proxy (100 - ROFST.2T3.CP), secondary age BEST (%) [STRICT]",SE.SEC.NENR,,,,,70.55692055692056,75.51020408163265,,72.49283667621776,86.58712959289551,83.78160512760017,80.28575167625074,77.21822541966426,,91.42491651092307,
Turks and Caicos Islands,TCA,"In-school proxy, primary age, female (%)",UIS.INS.PRM.F,,,,,83.2276250880902,86.00278551532034,,,,,,,,,
Turks and Caicos Islands,TCA,"In-school proxy, primary age, male (%)",UIS.INS.PRM.M,,,,,91.62826420890937,96.67422524565382,,,,,,,,,
Turks and Caicos Islands,TCA,"In-school proxy, secondary BEST (2T3), female (%) [STRICT]",UIS.INS.SEC.F,,,,,67.61757902852737,72.75518035303148,,67.29750189250568,,,71.66942977905273,75.90007347538575,,,
Turks and Caicos Islands,TCA,"In-school proxy, secondary BEST (2T3), male (%) [STRICT]",UIS.INS.SEC.M,,,,,73.88646288209607,78.63993025283348,,78.6096256684492,,,90.8927001953125,78.79053461875549,,,
Turks and Caicos Islands,TCA,"Pupil-teacher ratio, primary (trained) (ratio)",UIS.PTR.PRM.TRAINED,,,,,10.42125988006592,,,,,,13.00743007659912,16.02840042114258,15.04866981506348,16.48356807511737,13.6037037037037
Turks and Caicos Islands,TCA,"PTR secondary source flag (2T3 / avg(2,3) / only2 / only3 / missing)",UIS.PTR.SEC.SOURCE,missing,missing,missing,missing,missing,2T3,missing,2T3,2T3,missing,2T3,2T3,2T3,2T3,2T3
Turks and Caicos Islands,TCA,"Pupil-teacher ratio, secondary (trained) BEST (ratio)",UIS.PTR.SEC.TRAINED,,,,,,9.819510459899902,,8.242063492063492,10.11353711790393,,9.443510055541992,10.77801990509033,11.49575996398926,11.33864541832669,11.5984555984556
Turks and Caicos Islands,TCA,"Out-of-school rate, primary age (%) (ROFST.1.CP)",UIS.ROFST.1.CP,,,,,12.752664461595,8.880028996013047,,6.306744408836942,,,,5.0308714530671,,,0.1333964086700339
Turks and Caicos Islands,TCA,"Out-of-school rate, secondary age BEST (%) (ROFST.2T3.CP) [STRICT]",UIS.ROFST.SEC.BEST,,,,,29.44307944307944,24.48979591836735,,27.50716332378224,13.41287040710449,16.21839487239983,19.71424832374926,22.78177458033573,,8.575083489076935,
Turks and Caicos Islands,TCA,Secondary BEST source flag (2T3 / missing) [STRICT],UIS.SEC.SOURCE,missing,missing,missing,missing,2T3,2T3,missing,2T3,2T3,2T3,2T3,2T3,missing,2T3,missing
Chad,TCD,"In-school proxy (100 - ROFST.1.CP), primary age (%)",SE.PRM.TENR,,61.43667984008789,,76.10531997680664,,76.17944293240433,69.88519989958675,64.19303101208983,69.81613701238244,68.94067453625632,,71.43931044729122,71.60775947570801,73.28267320931946,75.19588509312266
Chad,TCD,"In-school proxy (100 - ROFST.2T3.CP), secondary age BEST (%) [STRICT]",SE.SEC.NENR,,,,,,30.51802460724157,31.777089981419394,27.977955952501773,31.826651253998733,30.99119782810871,,33.41056019823655,,35.12143362794755,32.765532600711
Chad,TCD,"In-school proxy, primary age, female (%)",UIS.INS.PRM.F,,53.76433181762695,,66.44253921508789,,67.4163247339213,61.97290730681726,56.20840901977647,62.18454144236929,61.39276391654592,,64.40950115283724,64.87701034545898,66.81842724491224,69.43685105952704
Chad,TCD,"In-school proxy, primary age, male (%)",UIS.INS.PRM.M,,68.91506958007812,,85.50518035888672,,84.68920412562517,77.56365921510549,71.93929745552164,77.22062584645307,76.26633932630268,,78.27039087162535,78.15399932861328,79.57510566319323,80.8062048000953
Chad,TCD,"In-school proxy, secondary BEST (2T3), female (%) [STRICT]",UIS.INS.SEC.F,,,,,,21.842189382576407,23.079877079363342,21.12096599639365,24.472298337060266,24.111100272522762,,26.949501755657494,,29.593700210363778,28.402665533103516
Chad,TCD,"In-school proxy, secondary BEST (2T3), male (%) [STRICT]",UIS.INS.SEC.M,,,,,,38.97302038982434,40.24711529831023,34.65312901336594,38.98270714721902,37.68307697553389,,39.68873816468446,,40.49428883970592,37.01524387471468
Chad,TCD,"Pupil-teacher ratio, primary (trained) (ratio)",UIS.PTR.PRM.TRAINED,88.64746945898779,91.3986067011042,92.87717116076584,96.07180248134868,,,,,,,,89.01646535074798,87.75447617867542,90.3981464488897,188.9889687654933
Chad,TCD,"PTR secondary source flag (2T3 / avg(2,3) / only2 / only3 / missing)",UIS.PTR.SEC.SOURCE,missing,missing,missing,2T3,missing,only2,2T3,missing,missing,missing,missing,2T3,only3,missing,2T3
Chad,TCD,"Pupil-teacher ratio, secondary (trained) BEST (ratio)",UIS.PTR.SEC.TRAINED,,,,67.45684562034421,,93.3201044386423,61.64174627157961,,,,,80.84301546705639,27.00528862383256,,65.23878560463926
Chad,TCD,"Out-of-school rate, primary age (%) (ROFST.1.CP)",UIS.ROFST.1.CP,,38.56332015991211,,23.89468002319336,,23.82055706759568,30.11480010041325,35.80696898791017,30.18386298761756,31.05932546374368,,28.56068955270878,28.39224052429199,26.71732679068054,24.80411490687734
Chad,TCD,"Out-of-school rate, secondary age BEST (%) (ROFST.2T3.CP) [STRICT]",UIS.ROFST.SEC.BEST,,,,,,69.48197539275843,68.2229100185806,72.02204404749823,68.17334874600127,69.00880217189129,,66.58943980176345,,64.87856637205245,67.234467399289
Chad,TCD,Secondary BEST source flag (2T3 / missing) [STRICT],UIS.SEC.SOURCE,missing,missing,missing,missing,missing,2T3,2T3,2T3,2T3,2T3,missing,2T3,missing,2T3,2T3
Togo,TGO,"In-school proxy (100 - ROFST.1.CP), primary age (%)",SE.PRM.TENR,,,,,90.93749296832675,92.25918729011198,89.2816801071167,90.7732273335835,90.33101800780567,91.93879462056172,95.65275133591699,96.46665513034725,99.11883060839038,99.23507591017811,99.36140389174297
Togo,TGO,"In-school proxy (100 - ROFST.2T3.CP), secondary age BEST (%) [STRICT]",SE.SEC.NENR,,,,,49.22282319600244,65.85058238088784,,72.12389158901598,60.96299050126871,70.28115709930739,65.76087081048095,66.06423295879152,60.7965946573818,61.6966607697089,61.65002717816716
Togo,TGO,"In-school proxy, primary age, female (%)",UIS.INS.PRM.F,,,,,88.3429261954988,89.80758104299397,86.92064952850342,88.55813747564956,88.52115639175796,91.68324496574819,95.09158977094086,95.50285648000464,,,
Togo,TGO,"In-school proxy, primary age, male (%)",UIS.INS.PRM.M,,,,,93.4866978474293,94.66726044879294,91.60046005249023,92.94836262458291,92.10804062530156,92.189639988572,96.2034137469386,97.41210708306605,,,
Togo,TGO,"In-school proxy, secondary BEST (2T3), female (%) [STRICT]",UIS.INS.SEC.F,,,,,43.29228172690141,59.57371579039012,,65.6086467452438,57.95310826305697,64.74075466647973,60.85666014967461,62.2861580496447,57.45149867114687,58.84754513996437,59.53319344176742
Togo,TGO,"In-school proxy, secondary BEST (2T3), male (%) [STRICT]",UIS.INS.SEC.M,,,,,55.04763541454088,72.01180366981117,,78.5103228014144,75.56870313029756,75.70497223781895,70.55960445531763,69.75991241333179,64.06822589167206,64.48286354154389,63.71985292065715
Togo,TGO,"Pupil-teacher ratio, primary (trained) (ratio)",UIS.PTR.PRM.TRAINED,52.89643973030751,57.83838383838384,50.74082041391588,54.01392075875784,,60.28939320779012,,,,50.83994352457965,51.78344897506574,50.87168597570496,51.77139761646804,53.5854742128646,55.61489682939104
Togo,TGO,"PTR secondary source flag (2T3 / avg(2,3) / only2 / only3 / missing)",UIS.PTR.SEC.SOURCE,missing,missing,missing,missing,missing,missing,missing,missing,missing,missing,missing,2T3,missing,missing,missing
Togo,TGO,"Pupil-teacher ratio, secondary (trained) BEST (ratio)",UIS.PTR.SEC.TRAINED,,,,,,,,,,,,75.16410827636719,,,
Togo,TGO,"Out-of-school rate, primary age (%) (ROFST.1.CP)",UIS.ROFST.1.CP,,,,,9.062507031673253,7.74081270988802,10.7183198928833,9.2267726664165,9.668981992194334,8.061205379438274,4.347248664083006,3.533344869652755,0.8811693916096113,0.7649240898218859,0.6385961082570353
Togo,TGO,"Out-of-school rate, secondary age BEST (%) (ROFST.2T3.CP) [STRICT]",UIS.ROFST.SEC.BEST,,,,,50.77717680399756,34.14941761911216,,27.87610841098402,39.03700949873129,29.71884290069261,34.23912918951905,33.93576704120848,39.2034053426182,38.3033392302911,38.34997282183284
Togo,TGO,Secondary BEST source flag (2T3 / missing) [STRICT],UIS.SEC.SOURCE,missing,missing,missing,missing,2T3,2T3,missing,2T3,2T3,2T3,2T3,2T3,2T3,2T3,2T3
Thailand,THA,"In-school proxy (100 - ROFST.1.CP), primary age (%)",SE.PRM.TENR,,,,,,,,96.70034467801923,99.73401968157734,99.45004264948506,99.60734722152768,99.49479695801175,99.68748736538718,98.39103657294895,99.44822683289877
Thailand,THA,"In-school proxy (100 - ROFST.2T3.CP), secondary age BEST (%) [STRICT]",SE.SEC.NENR,,,,,,,,77.40487221380607,78.44105685031008,79.75092164201904,80.05803109304051,81.8695373190288,84.1785963706543,90.33356968263743,87.89689427146524
Thailand,THA,"In-school proxy, primary age, female (%)",UIS.INS.PRM.F,,,,,,,,,,,,,,,98.9014883712389
Thailand,THA,"In-school proxy, primary age, male (%)",UIS.INS.PRM.M,,,,,,,,,,,,,,,99.97102669538829
Thailand,THA,"In-school proxy, secondary BEST (2T3), female (%) [STRICT]",UIS.INS.SEC.F,,,,,,,,83.34777302198124,84.70646075902481,83.1812780472802,83.81416254674578,85.33582368013002,,,89.68990993499756
Thailand,THA,"In-school proxy, secondary BEST (2T3), male (%) [STRICT]",UIS.INS.SEC.M,,,,,,,,71.67291404292367,72.40584293852277,76.45096923403825,76.44968332848052,78.5442950625764,,,86.1807804107666
Thailand,THA,"Pupil-teacher ratio, primary (trained) (ratio)",UIS.PTR.PRM.TRAINED,,,,,15.3927001953125,16.88245964050293,16.65790939331055,16.42842821339062,,12.56761545601921,11.48713428911106,14.37259144549995,13.9575772792391,14.37059069152914,14.60828345904683
Thailand,THA,"PTR secondary source flag (2T3 / avg(2,3) / only2 / only3 / missing)",UIS.PTR.SEC.SOURCE,missing,missing,missing,missing,2T3,2T3,2T3,2T3,2T3,2T3,2T3,2T3,2T3,2T3,2T3
Thailand,THA,"Pupil-teacher ratio, secondary (trained) BEST (ratio)",UIS.PTR.SEC.TRAINED,,,,,29.53684997558594,28.15431022644043,26.63434982299805,26.369140625,25.94602966308594,26.24897003173828,16.64565029105485,19.15784517723362,18.58628607348492,19.54101387373619,17.3403039615981
Thailand,THA,"Out-of-school rate, primary age (%) (ROFST.1.CP)",UIS.ROFST.1.CP,,,,,,,,3.299655321980765,0.2659803184226632,0.5499573505149428,0.3926527784723236,0.5052030419882458,0.3125126346128099,1.608963427051051,0.5517731671012318
Thailand,THA,"Out-of-school rate, secondary age BEST (%) (ROFST.2T3.CP) [STRICT]",UIS.ROFST.SEC.BEST,,,,,,,,22.59512778619393,21.55894314968992,20.24907835798096,19.94196890695948,18.13046268097121,15.8214036293457,9.66643031736257,12.10310572853475
Thailand,THA,Secondary BEST source flag (2T3 / missing) [STRICT],UIS.SEC.SOURCE,missing,missing,missing,missing,missing,missing,missing,2T3,2T3,2T3,2T3,2T3,2T3,2T3,2T3
Tajikistan,TJK,"In-school proxy (100 - ROFST.1.CP), primary age (%)",SE.PRM.TENR,97.40257000923157,96.92741990089417,92.75356006622314,90.86365985870361,90.61929988861084,91.72414016723633,93.4364800453186,95.8491702079773,,,,,,,
Tajikistan,TJK,"In-school proxy (100 - ROFST.2T3.CP), secondary age BEST (%) [STRICT]",SE.SEC.NENR,82.06439018249512,82.94685935974121,,,,,,,,,,,,,
Tajikistan,TJK,"In-school proxy, primary age, female (%)",UIS.INS.PRM.F,,95.30150985717773,91.60161972045898,88.97700023651123,88.47041988372803,89.15550994873047,90.85706043243408,93.39316987991333,,,,,,,
Tajikistan,TJK,"In-school proxy, primary age, male (%)",UIS.INS.PRM.M,,98.47817003726959,93.8516001701355,92.6926097869873,92.7286901473999,94.25979995727539,95.97832012176514,98.26169002056122,,,,,,,
Tajikistan,TJK,"In-school proxy, secondary BEST (2T3), female (%) [STRICT]",UIS.INS.SEC.F,73.56863975524902,74.2167797088623,,,,,,,,,,,,,
Tajikistan,TJK,"In-school proxy, secondary BEST (2T3), male (%) [STRICT]",UIS.INS.SEC.M,91.10918998718262,92.22510004043579,,,,,,,,,,,,,
Tajikistan,TJK,"Pupil-teacher ratio, primary (trained) (ratio)",UIS.PTR.PRM.TRAINED,27.09502029418945,24.84959983825684,24.49578094482422,24.12225914001465,22.35890007019043,22.28985977172852,22.19158935546875,22.30051040649414,,,,,,,
Tajikistan,TJK,"PTR secondary source flag (2T3 / avg(2,3) / only2 / only3 / missing)",UIS.PTR.SEC.SOURCE,missing,missing,missing,missing,missing,missing,missing,missing,missing,missing,missing,missing,missing,missing,missing
Tajikistan,TJK,"Out-of-school rate, primary age (%) (ROFST.1.CP)",UIS.ROFST.1.CP,2.597429990768433,3.072580099105835,7.246439933776855,9.136340141296388,9.38070011138916,8.275859832763672,6.563519954681396,4.150829792022705,,,,,,,
Tajikistan,TJK,"Out-of-school rate, secondary age BEST (%) (ROFST.2T3.CP) [STRICT]",UIS.ROFST.SEC.BEST,17.93560981750488,17.05314064025879,,,,,,,,,,,,,
Tajikistan,TJK,Secondary BEST source flag (2T3 / missing) [STRICT],UIS.SEC.SOURCE,2T3,2T3,missing,missing,missing,missing,missing,missing,missing,missing,missing,missing,missing,missing,missing
Turkmenistan,TKM,"In-school proxy (100 - ROFST.1.CP), primary age (%)",SE.PRM.TENR,,,,,,,,,,,,,97.85976004600525,97.34189009666443,95.6921775462619
Turkmenistan,TKM,"In-school proxy (100 - ROFST.2T3.CP), secondary age BEST (%) [STRICT]",SE.SEC.NENR,,,,,,,,,,,,,92.52455997467041,,94.76981019973755
Turkmenistan,TKM,"In-school proxy, primary age, female (%)",UIS.INS.PRM.F,,,,,,,,,,,,,97.50338006019592,97.23009991645813,95.64424321629205
Turkmenistan,TKM,"In-school proxy, primary age, male (%)",UIS.INS.PRM.M,,,,,,,,,,,,,98.2038300037384,97.44942998886108,95.73814699977429
Turkmenistan,TKM,"In-school proxy, secondary BEST (2T3), female (%) [STRICT]",UIS.INS.SEC.F,,,,,,,,,,,,,93.23646020889282,,94.83636999130249
Turkmenistan,TKM,"In-school proxy, secondary BEST (2T3), male (%) [STRICT]",UIS.INS.SEC.M,,,,,,,,,,,,,91.8523998260498,,94.7060399055481
Turkmenistan,TKM,"Pupil-teacher ratio, primary (trained) (ratio)",UIS.PTR.PRM.TRAINED,,,,,,,,,,25.88423302053331,25.97524708789269,26.196550685992,,26.01326706645856,25.39014481094127
Turkmenistan,TKM,"PTR secondary source flag (2T3 / avg(2,3) / only2 / only3 / missing)",UIS.PTR.SEC.SOURCE,missing,missing,missing,missing,missing,missing,missing,missing,missing,2T3,2T3,2T3,missing,missing,2T3
Turkmenistan,TKM,"Pupil-teacher ratio, secondary (trained) BEST (ratio)",UIS.PTR.SEC.TRAINED,,,,,,,,,,9.333883773465264,9.627581586508112,10.12611961364746,,,11.3687642462662
Turkmenistan,TKM,"Out-of-school rate, primary age (%) (ROFST.1.CP)",UIS.ROFST.1.CP,,,,,,,,,,,,,2.140239953994751,2.658109903335571,4.307822453738095
Turkmenistan,TKM,"Out-of-school rate, secondary age BEST (%) (ROFST.2T3.CP) [STRICT]",UIS.ROFST.SEC.BEST,,,,,,,,,,,,,7.47544002532959,,5.230189800262451
Turkmenistan,TKM,Secondary BEST source flag (2T3 / missing) [STRICT],UIS.SEC.SOURCE,missing,missing,missing,missing,missing,missing,missing,missing,missing,missing,missing,missing,2T3,missing,2T3
Timor-Leste,TLS,"In-school proxy (100 - ROFST.1.CP), primary age (%)",SE.PRM.TENR,94.06783904221999,95.9646760438467,93.5301980670691,93.53092108708174,93.2240715962869,93.33825640172238,92.77363839996659,95.14952339253782,94.40853212625241,94.29957222486281,94.84329089128306,,,93.12271022796631,
Timor-Leste,TLS,"In-school proxy (100 - ROFST.2T3.CP), secondary age BEST (%) [STRICT]",SE.SEC.NENR,75.36900058555496,77.68207957117951,78.01471928402185,76.77253322837507,77.87609587083453,79.45454442832711,80.96402933187886,81.53860317013338,80.45677294129567,81.42827805188855,80.02446368084306,,,,
Timor-Leste,TLS,"In-school proxy, primary age, female (%)",UIS.INS.PRM.F,95.10623778294412,96.85535297287588,94.61671115211827,94.98104214061316,95.84764653306483,96.30011935098868,95.46957636338176,97.58752669984496,96.3777391228243,96.62295770135766,96.92548723304962,,,95.32531023025513,
Timor-Leste,TLS,"In-school proxy, primary age, male (%)",UIS.INS.PRM.M,93.10551815804142,95.13693985080077,92.51546455206656,92.17413338739104,90.76843993791199,90.56390939580417,90.23732798281348,92.83953153893569,92.53221031564024,92.07681170141935,92.84510886950588,,,90.99042987823486,
Timor-Leste,TLS,"In-school proxy, secondary BEST (2T3), female (%) [STRICT]",UIS.INS.SEC.F,75.44399095471844,77.9576504558458,78.29110651499482,77.21451241520941,78.55142200517093,80.17255337358037,82.07393865529149,83.19067787214227,82.64616055846422,84.07541244541954,82.74371152904092,,,,
Timor-Leste,TLS,"In-school proxy, secondary BEST (2T3), male (%) [STRICT]",UIS.INS.SEC.M,75.29748990835338,77.42086722927596,77.75317733116415,76.35377358490567,77.2341998976051,78.77010594551689,79.9052693901717,79.96125631172791,78.36270121957581,78.88883157080217,77.40292807129217,,,,
Timor-Leste,TLS,"PTR secondary source flag (2T3 / avg(2,3) / only2 / only3 / missing)",UIS.PTR.SEC.SOURCE,missing,missing,missing,missing,missing,missing,missing,missing,missing,missing,missing,missing,missing,missing,missing
Timor-Leste,TLS,"Out-of-school rate, primary age (%) (ROFST.1.CP)",UIS.ROFST.1.CP,5.932160957780015,4.035323956153301,6.469801932930904,6.46907891291826,6.775928403713094,6.66174359827762,7.226361600033417,4.85047660746219,5.591467873747591,5.700427775137191,5.156709108716944,,,6.877289772033691,
Timor-Leste,TLS,"Out-of-school rate, secondary age BEST (%) (ROFST.2T3.CP) [STRICT]",UIS.ROFST.SEC.BEST,24.63099941444504,22.31792042882049,21.98528071597815,23.22746677162494,22.12390412916547,20.54545557167289,19.03597066812114,18.46139682986662,19.54322705870434,18.57172194811145,19.97553631915694,,,,
Timor-Leste,TLS,Secondary BEST source flag (2T3 / missing) [STRICT],UIS.SEC.SOURCE,2T3,2T3,2T3,2T3,2T3,2T3,2T3,2T3,2T3,2T3,2T3,missing,missing,missing,missing
Trinidad and Tobago,TTO,"In-school proxy (100 - ROFST.1.CP), primary age (%)",SE.PRM.TENR,94.36852979660034,,,,,,,,,,,,,70.69927978515625,
Trinidad and Tobago,TTO,"In-school proxy (100 - ROFST.2T3.CP), secondary age BEST (%) [STRICT]",SE.SEC.NENR,,,,,,,,,,,,,,81.6250991821289,
Trinidad and Tobago,TTO,"In-school proxy, primary age, female (%)",UIS.INS.PRM.F,94.4356198310852,,,,,,,,,,,,,71.43729019165039,
Trinidad and Tobago,TTO,"In-school proxy, primary age, male (%)",UIS.INS.PRM.M,94.3037600517273,,,,,,,,,,,,,69.98699951171875,
Trinidad and Tobago,TTO,"In-school proxy, secondary BEST (2T3), female (%) [STRICT]",UIS.INS.SEC.F,,,,,,,,,,,,,,83.82456970214844,
Trinidad and Tobago,TTO,"In-school proxy, secondary BEST (2T3), male (%) [STRICT]",UIS.INS.SEC.M,,,,,,,,,,,,,,79.50839042663574,
Trinidad and Tobago,TTO,"Pupil-teacher ratio, primary (trained) (ratio)",UIS.PTR.PRM.TRAINED,,,,,,,,,,,22.18197059631348,,22.27932929992676,19.46471977233887,
Trinidad and Tobago,TTO,"PTR secondary source flag (2T3 / avg(2,3) / only2 / only3 / missing)",UIS.PTR.SEC.SOURCE,missing,missing,missing,missing,missing,missing,missing,missing,missing,missing,2T3,missing,missing,missing,missing
Trinidad and Tobago,TTO,"Pupil-teacher ratio, secondary (trained) BEST (ratio)",UIS.PTR.SEC.TRAINED,,,,,,,,,,,14.61161994934082,,,,
Trinidad and Tobago,TTO,"Out-of-school rate, primary age (%) (ROFST.1.CP)",UIS.ROFST.1.CP,5.631470203399658,,,,,,,,,,,,,29.30072021484375,
Trinidad and Tobago,TTO,"Out-of-school rate, secondary age BEST (%) (ROFST.2T3.CP) [STRICT]",UIS.ROFST.SEC.BEST,,,,,,,,,,,,,,18.37490081787109,
Trinidad and Tobago,TTO,Secondary BEST source flag (2T3 / missing) [STRICT],UIS.SEC.SOURCE,missing,missing,missing,missing,missing,missing,missing,missing,missing,missing,missing,missing,missing,2T3,missing
Tunisia,TUN,"In-school proxy (100 - ROFST.1.CP), primary age (%)",SE.PRM.TENR,96.68179988861084,96.80164003372192,98.92899000644684,99.22646999359131,99.13195997476578,99.09328001737595,98.95471000671387,98.93446004390717,98.90907001495361,,98.23470997810364,98.28619003295898,98.42971003055573,98.90580999851227,
Tunisia,TUN,"In-school proxy, primary age, female (%)",UIS.INS.PRM.F,97.38274002075195,97.5676600933075,,,,,,,,,99.25348997116089,99.26257002353668,99.20850002765656,99.53573998808861,
Tunisia,TUN,"In-school proxy, primary age, male (%)",UIS.INS.PRM.M,96.02636003494263,96.08633995056152,,,,,,,,,97.28543996810913,97.37380003929138,97.6996500492096,98.31341004371643,
Tunisia,TUN,"Pupil-teacher ratio, primary (trained) (ratio)",UIS.PTR.PRM.TRAINED,,,17.14982986450195,17.43042945861816,16.54470062255859,15.79668998718262,16.18367004394531,16.57184982299805,16.87167930603027,,16.80271911621094,,16.15212059020996,15.81075954437256,
Tunisia,TUN,"PTR secondary source flag (2T3 / avg(2,3) / only2 / only3 / missing)",UIS.PTR.SEC.SOURCE,missing,missing,missing,missing,missing,missing,missing,only2,only2,missing,only2,missing,only2,missing,missing
Tunisia,TUN,"Pupil-teacher ratio, secondary (trained) BEST (ratio)",UIS.PTR.SEC.TRAINED,,,,,,,,13.4273796081543,13.62578010559082,,14.36633014678955,,14.64334964752197,,
Tunisia,TUN,"Out-of-school rate, primary age (%) (ROFST.1.CP)",UIS.ROFST.1.CP,3.31820011138916,3.198359966278076,1.071009993553162,0.7735300064086914,0.8680400252342224,0.906719982624054,1.045289993286133,1.065539956092834,1.090929985046387,,1.765290021896362,1.713809967041016,1.570289969444275,1.094190001487732,
Tunisia,TUN,Secondary BEST source flag (2T3 / missing) [STRICT],UIS.SEC.SOURCE,missing,missing,missing,missing,missing,missing,missing,missing,missing,missing,missing,missing,missing,missing,missing
Türkiye,TUR,"In-school proxy (100 - ROFST.1.CP), primary age (%)",SE.PRM.TENR,,,,99.99156999960542,99.72060999274254,98.65908002853394,98.18962001800537,99.29399001598358,99.79251000285149,99.79763999581337,99.77413000166416,99.78161999583244,99.73679998517036,,
Türkiye,TUR,"In-school proxy (100 - ROFST.2T3.CP), secondary age BEST (%) [STRICT]",SE.SEC.NENR,84.81896018981934,88.15324020385742,85.57501983642578,91.67640018463135,92.87434005737305,92.24119997024536,91.94066047668457,94.06284999847412,94.47039985656738,94.87193012237549,95.54827976226807,96.06342005729675,96.95195007324219,,
Türkiye,TUR,"In-school proxy, primary age, female (%)",UIS.INS.PRM.F,,,,,99.79452000558376,98.78445994853973,98.39210999011993,99.50464001297951,,,,,,,
Türkiye,TUR,"In-school proxy, primary age, male (%)",UIS.INS.PRM.M,,,,,99.65051999688148,98.54008996486664,97.99758005142212,99.09426999092102,,,,,,,
Türkiye,TUR,"In-school proxy, secondary BEST (2T3), female (%) [STRICT]",UIS.INS.SEC.F,82.80717086791992,86.39848041534424,84.7307300567627,91.07108974456787,92.79365015029907,92.03821992874146,92.00961017608643,93.43366003036499,94.59698009490967,94.50159978866577,95.33430004119873,95.93002986907959,96.70463991165161,,
Türkiye,TUR,"In-school proxy, secondary BEST (2T3), male (%) [STRICT]",UIS.INS.SEC.M,86.72821044921875,89.81879997253418,86.37553024291992,92.24977016448975,92.95077991485596,92.4335298538208,91.87530994415283,94.65922021865845,94.35048007965088,95.2227201461792,95.75087976455688,96.18983006477356,97.1863100528717,,
Türkiye,TUR,"PTR secondary source flag (2T3 / avg(2,3) / only2 / only3 / missing)",UIS.PTR.SEC.SOURCE,missing,missing,missing,missing,missing,missing,missing,missing,missing,missing,missing,missing,missing,missing,missing
Türkiye,TUR,"Out-of-school rate, primary age (%) (ROFST.1.CP)",UIS.ROFST.1.CP,,,,0.0084300003945827,0.2793900072574615,1.340919971466064,1.810379981994629,0.7060099840164185,0.2074899971485138,0.2023600041866302,0.2258699983358383,0.2183800041675568,0.2632000148296356,,
Türkiye,TUR,"Out-of-school rate, secondary age BEST (%) (ROFST.2T3.CP) [STRICT]",UIS.ROFST.SEC.BEST,15.18103981018066,11.84675979614258,14.42498016357422,8.323599815368652,7.125659942626953,7.758800029754639,8.05933952331543,5.937150001525879,5.529600143432617,5.128069877624512,4.451720237731934,3.936579942703247,3.048049926757813,,
Türkiye,TUR,Secondary BEST source flag (2T3 / missing) [STRICT],UIS.SEC.SOURCE,2T3,2T3,2T3,2T3,2T3,2T3,2T3,2T3,2T3,2T3,2T3,2T3,2T3,missing,missing
United Republic of Tanzania,TZA,"In-school proxy (100 - ROFST.1.CP), primary age (%)",SE.PRM.TENR,90.19108963012695,89.47321027395215,86.54086696628713,83.78173292160855,82.5024299621582,80.46437072753906,84.54288005828857,84.92255973815918,83.06588773221448,85.65784859212279,86.60509031198686,87.31655091618454,87.00235928292705,85.92416852205707,83.63336684699381
United Republic of Tanzania,TZA,"In-school proxy (100 - ROFST.2T3.CP), secondary age BEST (%) [STRICT]",SE.SEC.NENR,,,34.40524602217154,32.58380263820666,,,27.9737270735352,35.29233177900349,37.71420604861597,39.22688656817162,,39.75657230980446,,39.24939777526261,38.1780226152508
United Republic of Tanzania,TZA,"In-school proxy, primary age, female (%)",UIS.INS.PRM.F,90.81427001953125,90.60032232257551,87.61594643425934,84.99183713540992,84.12215995788574,82.15966033935547,86.16195964813232,86.3096399307251,84.4018481806287,86.999306424172,88.04467717261069,89.11850685975381,89.25948979916654,88.45787127570416,86.50607420069741
United Republic of Tanzania,TZA,"In-school proxy, primary age, male (%)",UIS.INS.PRM.M,89.57363986968994,88.35601641327322,85.47491046192894,82.58168178036524,80.89632034301758,78.78396987915039,82.93905067443848,83.54952049255371,81.74460673603087,84.33233077559382,85.18408627187897,85.53962702738657,84.77853015687579,83.4301001953825,80.80836266849833
United Republic of Tanzania,TZA,"In-school proxy, secondary BEST (2T3), female (%) [STRICT]",UIS.INS.SEC.F,,,33.0474440468204,31.873912192873547,,,27.93112098010934,34.57896564344635,37.2153445329977,39.02366642108392,,40.46572301573207,,40.52321490757389,39.95426058342729
United Republic of Tanzania,TZA,"In-school proxy, secondary BEST (2T3), male (%) [STRICT]",UIS.INS.SEC.M,,,35.75622925281591,33.289387487201694,,,28.01593581395717,35.998552871427165,38.20810093175538,39.42842112603263,,39.05230063504958,,37.98534492701925,36.41665086078042
United Republic of Tanzania,TZA,"Pupil-teacher ratio, primary (trained) (ratio)",UIS.PTR.PRM.TRAINED,54.35552819125519,47.17144262557626,47.17144262557626,43.88808739323758,,,42.10528060204907,,,,,,,,
United Republic of Tanzania,TZA,"PTR secondary source flag (2T3 / avg(2,3) / only2 / only3 / missing)",UIS.PTR.SEC.SOURCE,missing,missing,missing,missing,missing,missing,missing,missing,missing,missing,missing,missing,missing,missing,missing
United Republic of Tanzania,TZA,"Out-of-school rate, primary age (%) (ROFST.1.CP)",UIS.ROFST.1.CP,9.808910369873049,10.52678972604785,13.45913303371288,16.21826707839144,17.4975700378418,19.53562927246094,15.45711994171143,15.07744026184082,16.93411226778552,14.34215140787721,13.39490968801314,12.68344908381546,12.99764071707296,14.07583147794293,16.36663315300619
United Republic of Tanzania,TZA,"Out-of-school rate, secondary age BEST (%) (ROFST.2T3.CP) [STRICT]",UIS.ROFST.SEC.BEST,,,65.59475397782846,67.41619736179334,,,72.0262729264648,64.70766822099651,62.28579395138403,60.77311343182838,,60.24342769019554,,60.75060222473739,61.8219773847492
United Republic of Tanzania,TZA,Secondary BEST source flag (2T3 / missing) [STRICT],UIS.SEC.SOURCE,missing,missing,2T3,2T3,missing,missing,2T3,2T3,2T3,2T3,missing,2T3,missing,2T3,2T3
Uganda,UGA,"In-school proxy (100 - ROFST.1.CP), primary age (%)",SE.PRM.TENR,91.11917018890381,94.40354013442993,,95.88343000411987,,,,,,,,,,,
Uganda,UGA,"In-school proxy, primary age, female (%)",UIS.INS.PRM.F,91.7785701751709,94.98691987991333,,96.579509973526,,,,,,,,,,,
Uganda,UGA,"In-school proxy, primary age, male (%)",UIS.INS.PRM.M,90.45753955841064,93.81814002990723,,95.18523979187012,,,,,,,,,,,
Uganda,UGA,"Pupil-teacher ratio, primary (trained) (ratio)",UIS.PTR.PRM.TRAINED,,,,,,,,53.60142135620117,,,,,,,
Uganda,UGA,"PTR secondary source flag (2T3 / avg(2,3) / only2 / only3 / missing)",UIS.PTR.SEC.SOURCE,missing,missing,missing,missing,missing,missing,missing,missing,missing,missing,missing,missing,missing,missing,missing
Uganda,UGA,"Out-of-school rate, primary age (%) (ROFST.1.CP)",UIS.ROFST.1.CP,8.880829811096191,5.596459865570068,,4.116569995880127,,,,,,,,,,,
Uganda,UGA,Secondary BEST source flag (2T3 / missing) [STRICT],UIS.SEC.SOURCE,missing,missing,missing,missing,missing,missing,missing,missing,missing,missing,missing,missing,missing,missing,missing
Ukraine,UKR,"In-school proxy (100 - ROFST.1.CP), primary age (%)",SE.PRM.TENR,91.55440895870107,90.86795900984761,89.76429126742187,89.28681014952957,88.67574418707429,84.03274191528884,83.73945746996769,83.53911540355783,83.19579807781713,83.61709298528895,83.65251834970464,84.12901306707992,,,
Ukraine,UKR,"In-school proxy (100 - ROFST.2T3.CP), secondary age BEST (%) [STRICT]",SE.SEC.NENR,97.17551166167287,96.93478559399823,97.4535589851843,97.9114899635315,97.95869059749431,91.50452648499635,90.4655471788763,89.98515843454751,89.51876172743385,88.95145339245829,88.46181722189677,84.50529650632149,,,
Ukraine,UKR,"In-school proxy, primary age, female (%)",UIS.INS.PRM.F,92.0155357159581,91.44755271177542,90.45170493997045,89.84506970775666,89.37472478058169,84.77294128725458,84.20174861714203,83.956297358544,83.60107262930494,83.75870245866503,83.78293850534568,84.19828185709653,,,
Ukraine,UKR,"In-school proxy, primary age, male (%)",UIS.INS.PRM.M,91.11911816337923,90.32062394879662,89.11520754905911,88.75794982623705,88.01387693868996,83.33364831859018,83.30347271709658,83.14646293175811,82.81496420040396,83.48400967701139,83.52980501164271,84.06382565580954,,,
Ukraine,UKR,"In-school proxy, secondary BEST (2T3), female (%) [STRICT]",UIS.INS.SEC.F,97.8649926345842,97.55651535263559,98.22830598876929,98.6343799829483,98.80288985336405,92.29326303116113,91.36832026227268,91.07871234006166,90.73607361033302,90.37494071444164,89.5770930417212,85.6247284339938,,,
Ukraine,UKR,"In-school proxy, secondary BEST (2T3), male (%) [STRICT]",UIS.INS.SEC.M,96.5188129542384,96.34322100182845,96.71695839887546,97.22550010681152,97.15810727742753,90.7573066173152,89.61242732364414,88.95130734077631,88.36760934480941,87.60619203201922,87.40850974150649,83.44900660585881,,,
Ukraine,UKR,"Pupil-teacher ratio, primary (trained) (ratio)",UIS.PTR.PRM.TRAINED,15.67940469888839,15.85369217352506,16.10455270834816,,,,14.83039059312289,14.97739176375213,14.86830436324938,17.87327709494891,17.22001457711393,16.47987980516187,,15.96595575295399,14.71245145605523
Ukraine,UKR,"PTR secondary source flag (2T3 / avg(2,3) / only2 / only3 / missing)",UIS.PTR.SEC.SOURCE,missing,missing,missing,missing,missing,missing,missing,missing,2T3,missing,2T3,2T3,missing,2T3,2T3
Ukraine,UKR,"Pupil-teacher ratio, secondary (trained) BEST (ratio)",UIS.PTR.SEC.TRAINED,,,,,,,,,7.852029800415039,,8.624079704284668,8.807339668273926,,9.85548973083496,10.1187801361084
Ukraine,UKR,"Out-of-school rate, primary age (%) (ROFST.1.CP)",UIS.ROFST.1.CP,8.445591041298925,9.13204099015239,10.23570873257813,10.71318985047043,11.32425581292572,15.96725808471116,16.26054253003231,16.46088459644217,16.80420192218287,16.38290701471105,16.34748165029536,15.87098693292007,,,
Ukraine,UKR,"Out-of-school rate, secondary age BEST (%) (ROFST.2T3.CP) [STRICT]",UIS.ROFST.SEC.BEST,2.824488338327128,3.065214406001778,2.546441014815694,2.088510036468506,2.041309402505688,8.495473515003646,9.5344528211237,10.01484156545249,10.48123827256615,11.04854660754171,11.53818277810323,15.49470349367852,,,
Ukraine,UKR,Secondary BEST source flag (2T3 / missing) [STRICT],UIS.SEC.SOURCE,2T3,2T3,2T3,2T3,2T3,2T3,2T3,2T3,2T3,2T3,2T3,2T3,missing,missing,missing
Uruguay,URY,"In-school proxy (100 - ROFST.1.CP), primary age (%)",SE.PRM.TENR,98.12591004371643,98.84501728401497,98.5899342387892,99.60763534903687,,99.41288211789934,99.96567342718326,99.74861854039666,99.5057178800087,99.47550232532095,99.63208608825235,99.60934417576793,99.62505399453647,99.96454818645222,
Uruguay,URY,"In-school proxy (100 - ROFST.2T3.CP), secondary age BEST (%) [STRICT]",SE.SEC.NENR,,80.31044450704916,80.70625036489398,,85.28133229130376,86.53100035617972,86.85978575247518,89.85505827688372,,92.49147789289853,91.68435844346561,92.37838770930433,93.81705497853193,93.94193680320991,
Uruguay,URY,"In-school proxy, primary age, female (%)",UIS.INS.PRM.F,98.09886002540588,98.76145108098204,98.41815773825613,99.54189783224409,,99.37710307074784,,,,,,,,,
Uruguay,URY,"In-school proxy, primary age, male (%)",UIS.INS.PRM.M,98.15181005001068,98.92499171108673,98.75434942891513,99.6705453065832,,99.44708167008308,,,,,,,,,
Uruguay,URY,"In-school proxy, secondary BEST (2T3), female (%) [STRICT]",UIS.INS.SEC.F,,83.04188060316054,83.39692862916111,,87.3145471907304,88.74484192741333,88.94441591277209,91.62969732953522,,94.29524901636304,93.57643638352097,94.4145442217231,95.67168872752222,95.3427996567316,
Uruguay,URY,"In-school proxy, secondary BEST (2T3), male (%) [STRICT]",UIS.INS.SEC.M,,77.67734175311983,78.11667088775522,,83.32984769825062,84.40923500432852,84.86355955713601,88.1560206682038,,90.76464942611851,89.8741466530906,90.43142340005943,92.04362950458916,92.6018419509503,
Uruguay,URY,"Pupil-teacher ratio, primary (trained) (ratio)",UIS.PTR.PRM.TRAINED,,,,11.84950444355045,11.35577334283678,11.64413762387262,11.13128772635815,11.01930040556199,10.67473516538074,11.67621936616908,11.21068694276918,14.31557676388957,14.92595247849242,15.22757123186103,
Uruguay,URY,"PTR secondary source flag (2T3 / avg(2,3) / only2 / only3 / missing)",UIS.PTR.SEC.SOURCE,missing,missing,missing,missing,missing,missing,missing,missing,missing,missing,missing,missing,missing,missing,missing
Uruguay,URY,"Out-of-school rate, primary age (%) (ROFST.1.CP)",UIS.ROFST.1.CP,1.874089956283569,1.154982715985026,1.410065761210799,0.3923646509631378,,0.5871178821006615,0.0343265728167346,0.251381459603338,0.4942821199912904,0.5244976746790596,0.3679139117476482,0.3906558242320712,0.3749460054635247,0.0354518135477778,
Uruguay,URY,"Out-of-school rate, secondary age BEST (%) (ROFST.2T3.CP) [STRICT]",UIS.ROFST.SEC.BEST,,19.68955549295085,19.29374963510603,,14.71866770869624,13.46899964382028,13.14021424752482,10.14494172311628,,7.508522107101475,8.315641556534386,7.621612290695667,6.182945021468074,6.058063196790093,
Uruguay,URY,Secondary BEST source flag (2T3 / missing) [STRICT],UIS.SEC.SOURCE,missing,2T3,2T3,missing,2T3,2T3,2T3,2T3,missing,2T3,2T3,2T3,2T3,2T3,missing
United States of America,USA,"In-school proxy (100 - ROFST.1.CP), primary age (%)",SE.PRM.TENR,,,,97.1019299030304,,98.19413995742798,99.64002999663353,99.57561999559402,99.42579001188278,99.08342999219894,97.99492001533508,95.90488004684448,96.01779007911682,,
United States of America,USA,"In-school proxy (100 - ROFST.2T3.CP), secondary age BEST (%) [STRICT]",SE.SEC.NENR,,,,,,,,,,,98.43132996559143,98.83149003982544,97.06498003005981,,
United States of America,USA,"In-school proxy, primary age, female (%)",UIS.INS.PRM.F,,,,96.85890007019043,,98.08262002468109,99.56904000043869,,99.3643199801445,99.15100997686386,97.95658993721008,95.83581018447876,96.21473002433777,,
United States of America,USA,"In-school proxy, primary age, male (%)",UIS.INS.PRM.M,,,,97.33473992347717,,98.30104994773865,99.70811998844147,,99.48467999696732,99.01868999004364,98.03164005279541,95.97098016738892,95.8299298286438,,
United States of America,USA,"In-school proxy, secondary BEST (2T3), female (%) [STRICT]",UIS.INS.SEC.F,,,,,,,,,,,98.26514995098114,99.80633999407291,98.05989003181458,,
United States of America,USA,"In-school proxy, secondary BEST (2T3), male (%) [STRICT]",UIS.INS.SEC.M,,,,,,,,,,,98.59078001976013,97.89645004272461,96.11736011505127,,
United States of America,USA,"Pupil-teacher ratio, primary (trained) (ratio)",UIS.PTR.PRM.TRAINED,,,,,14.53748989105225,14.45722961425781,14.23904991149902,14.19857025146484,14.23777961730957,14.60816955566406,14.43729019165039,13.56892013549805,13.25541019439697,13.38951015472412,
United States of America,USA,"PTR secondary source flag (2T3 / avg(2,3) / only2 / only3 / missing)",UIS.PTR.SEC.SOURCE,missing,missing,missing,missing,2T3,2T3,2T3,2T3,2T3,2T3,2T3,2T3,2T3,2T3,missing
United States of America,USA,"Pupil-teacher ratio, secondary (trained) BEST (ratio)",UIS.PTR.SEC.TRAINED,,,,,14.78682994842529,14.69696998596191,14.68165016174316,14.62452030181885,14.41361045837402,14.67049026489258,14.53320026397705,14.74133014678955,14.50588989257813,14.54596996307373,
United States of America,USA,"Out-of-school rate, primary age (%) (ROFST.1.CP)",UIS.ROFST.1.CP,,,,2.898070096969604,,1.805860042572021,0.3599700033664703,0.4243800044059753,0.574209988117218,0.916570007801056,2.005079984664917,4.095119953155518,3.982209920883179,,
United States of America,USA,"Out-of-school rate, secondary age BEST (%) (ROFST.2T3.CP) [STRICT]",UIS.ROFST.SEC.BEST,,,,,,,,,,,1.568670034408569,1.168509960174561,2.935019969940186,,
United States of America,USA,Secondary BEST source flag (2T3 / missing) [STRICT],UIS.SEC.SOURCE,missing,missing,missing,missing,missing,missing,missing,missing,missing,missing,2T3,2T3,2T3,missing,missing
Uzbekistan,UZB,"In-school proxy (100 - ROFST.1.CP), primary age (%)",SE.PRM.TENR,96.67713081557194,95.56072375459324,95.1332056416507,95.30887272954999,97.28308684805432,97.65786170027907,98.32577559033346,98.1568490466093,99.62610363216757,98.41443546758627,98.75848919378458,98.54512077128427,95.89018699157556,95.1916737411936,99.43431496782756
Uzbekistan,UZB,"In-school proxy (100 - ROFST.2T3.CP), secondary age BEST (%) [STRICT]",SE.SEC.NENR,86.9386100769043,87.08897972106934,89.01128810603588,89.50117964273677,88.61490961672638,89.89654865117227,90.75782163086566,91.88484244729212,92.68644688398108,92.80341005325317,84.23163427826468,95.95344799691043,96.16598941064808,96.53444349110485,96.30070023374982
Uzbekistan,UZB,"In-school proxy, primary age, female (%)",UIS.INS.PRM.F,96.14036392807489,94.94602196139655,94.58596115161428,94.87361443681515,96.88167968455488,97.18734894901172,97.86980607448389,97.68210746362409,,98.33023322131884,98.58157009924044,98.58095751712169,95.80348571152695,95.31599370931727,
Uzbekistan,UZB,"In-school proxy, primary age, male (%)",UIS.INS.PRM.M,97.18689317144238,96.14365012968653,95.65163033080191,95.72050813634911,97.66255741322527,98.10312078619687,98.756951589367,98.60502484366108,,98.49341309903109,98.92370442735556,98.51174222768086,95.97071185683181,95.07649239465658,
Uzbekistan,UZB,"In-school proxy, secondary BEST (2T3), female (%) [STRICT]",UIS.INS.SEC.F,86.4565896987915,86.47362995147705,88.47326318057033,89.00277488571226,88.39321761123026,89.70169796967156,90.41378537896644,91.61992126186861,92.34269410562584,92.22695016860962,83.99308150201703,95.34542257368265,95.75085123518811,96.43650483995646,96.28567126112955
Uzbekistan,UZB,"In-school proxy, secondary BEST (2T3), male (%) [STRICT]",UIS.INS.SEC.M,87.40007972717285,87.67813968658447,89.52580907761829,89.97723639739604,88.82631779035638,90.08192266496795,91.08521707214668,92.13667655269899,93.01283457348384,93.34998989105225,84.45760456876195,96.52826838768019,96.55804408757268,96.62666790513231,96.31482050258023
Uzbekistan,UZB,"Pupil-teacher ratio, primary (trained) (ratio)",UIS.PTR.PRM.TRAINED,17.76213478488131,15.62439748165377,,,,,,21.37567371892849,21.71656020343071,21.09244404790963,20.73770058117906,20.42651341496244,20.62282294848726,20.98131866319158,20.94736800367956
Uzbekistan,UZB,"PTR secondary source flag (2T3 / avg(2,3) / only2 / only3 / missing)",UIS.PTR.SEC.SOURCE,2T3,2T3,missing,missing,only2,only2,2T3,2T3,2T3,2T3,2T3,2T3,2T3,2T3,2T3
Uzbekistan,UZB,"Pupil-teacher ratio, secondary (trained) BEST (ratio)",UIS.PTR.SEC.TRAINED,13.00627040863037,13.27680969238281,,,11.89239277291635,11.90057941326367,12.74996493448457,10.59006977081299,10.86153984069824,10.99388980865479,10.32771968841553,9.797809600830078,13.24443595754208,13.13927480476988,9.571030615248077
Uzbekistan,UZB,"Out-of-school rate, primary age (%) (ROFST.1.CP)",UIS.ROFST.1.CP,3.322869184428054,4.439276245406763,4.866794358349295,4.691127270450007,2.716913151945672,2.342138299720929,1.674224409666538,1.843150953390699,0.3738963678324312,1.585564532413734,1.241510806215417,1.454879228715728,4.109813008424434,4.808326258806408,0.5656850321724437
Uzbekistan,UZB,"Out-of-school rate, secondary age BEST (%) (ROFST.2T3.CP) [STRICT]",UIS.ROFST.SEC.BEST,13.0613899230957,12.91102027893066,10.98871189396412,10.49882035726323,11.38509038327362,10.10345134882773,9.24217836913434,8.11515755270788,7.313553116018928,7.196589946746826,15.76836572173532,4.046552003089575,3.834010589351923,3.465556508895148,3.699299766250183
Uzbekistan,UZB,Secondary BEST source flag (2T3 / missing) [STRICT],UIS.SEC.SOURCE,2T3,2T3,2T3,2T3,2T3,2T3,2T3,2T3,2T3,2T3,2T3,2T3,2T3,2T3,2T3
Saint Vincent and the Grenadines,VCT,"In-school proxy (100 - ROFST.1.CP), primary age (%)",SE.PRM.TENR,99.27833998203278,97.87729001045227,99.09430998563766,99.35741001367569,,,,,,,,,,,
Saint Vincent and the Grenadines,VCT,"In-school proxy (100 - ROFST.2T3.CP), secondary age BEST (%) [STRICT]",SE.SEC.NENR,93.35657978057861,,,92.2050199508667,93.27101993560791,88.92010974884033,,,,,,,,,
Saint Vincent and the Grenadines,VCT,"In-school proxy, secondary BEST (2T3), female (%) [STRICT]",UIS.INS.SEC.F,96.40767002105713,,,92.83052015304565,94.54339981079102,95.80823993682861,,,,,,,,,
Saint Vincent and the Grenadines,VCT,"In-school proxy, secondary BEST (2T3), male (%) [STRICT]",UIS.INS.SEC.M,90.54179954528809,,,91.6343297958374,92.10774993896484,82.59584999084473,,,,,,,,,
Saint Vincent and the Grenadines,VCT,"Pupil-teacher ratio, primary (trained) (ratio)",UIS.PTR.PRM.TRAINED,21.1865889212828,18.33058984910837,18.16842105263158,18.04907161803714,20.62519073486328,17.37581274382315,22.18687057495117,21.63787078857422,23.5678596496582,16.92167101827676,16.87694300518135,16.46734955185659,16.21223958333333,15.5537084398977,
Saint Vincent and the Grenadines,VCT,"PTR secondary source flag (2T3 / avg(2,3) / only2 / only3 / missing)",UIS.PTR.SEC.SOURCE,2T3,2T3,2T3,2T3,2T3,2T3,missing,missing,missing,2T3,2T3,2T3,2T3,2T3,missing
Saint Vincent and the Grenadines,VCT,"Pupil-teacher ratio, secondary (trained) BEST (ratio)",UIS.PTR.SEC.TRAINED,26.69626045227051,28.08996963500977,26.31060981750488,25.66419982910156,30.77976036071777,25.71500015258789,,,,21.95056179775281,20.20210526315789,20.45416666666667,18.64380952380952,19.29821073558648,
Saint Vincent and the Grenadines,VCT,"Out-of-school rate, primary age (%) (ROFST.1.CP)",UIS.ROFST.1.CP,0.7216600179672241,2.122709989547729,0.9056900143623352,0.6425899863243103,,,,,,,,,,,
Saint Vincent and the Grenadines,VCT,"Out-of-school rate, secondary age BEST (%) (ROFST.2T3.CP) [STRICT]",UIS.ROFST.SEC.BEST,6.643420219421387,,,7.794980049133301,6.72898006439209,11.07989025115967,,,,,,,,,
Saint Vincent and the Grenadines,VCT,Secondary BEST source flag (2T3 / missing) [STRICT],UIS.SEC.SOURCE,2T3,missing,missing,2T3,2T3,2T3,missing,missing,missing,missing,missing,missing,missing,missing,missing
Venezuela (Bolivarian Republic of),VEN,"In-school proxy (100 - ROFST.1.CP), primary age (%)",SE.PRM.TENR,94.57082986831665,94.7756199836731,94.67592000961304,93.93400001525879,93.3298602104187,92.96845006942749,90.49145030975342,88.43607997894287,,,,,99.46132999658585,99.44629001617432,
Venezuela (Bolivarian Republic of),VEN,"In-school proxy (100 - ROFST.2T3.CP), secondary age BEST (%) [STRICT]",SE.SEC.NENR,82.18548011779785,82.54478073120117,84.4361801147461,86.15548038482666,83.32515907287598,81.89426040649414,79.97966957092285,78.4277400970459,,,,,91.65555953979492,90.10694026947021,88.7176103591919
Venezuela (Bolivarian Republic of),VEN,"In-school proxy, primary age, female (%)",UIS.INS.PRM.F,95.5807900428772,95.75780010223389,94.37165021896362,93.54443979263306,94.02507019042969,93.32671022415161,90.76774978637695,88.59626960754395,,,,,,,
Venezuela (Bolivarian Republic of),VEN,"In-school proxy, primary age, male (%)",UIS.INS.PRM.M,93.61685991287231,93.8476300239563,94.96356010437012,94.30265998840332,92.67084980010986,92.62806987762451,90.22852039337158,88.28355026245117,,,,,,,
Venezuela (Bolivarian Republic of),VEN,"In-school proxy, secondary BEST (2T3), female (%) [STRICT]",UIS.INS.SEC.F,84.82396030426025,85.27375984191895,88.25380039215088,90.12720012664795,86.33794021606445,83.68963050842285,81.82172966003418,81.1779899597168,,,,,93.3951997756958,92.99585008621216,92.52968978881836
Venezuela (Bolivarian Republic of),VEN,"In-school proxy, secondary BEST (2T3), male (%) [STRICT]",UIS.INS.SEC.M,79.68498992919922,79.95854949951172,80.82084083557129,82.39709091186523,80.47636032104492,80.19747924804688,78.23907089233398,75.82942962646484,,,,,90.00417995452881,87.35978031158447,85.09041976928711
Venezuela (Bolivarian Republic of),VEN,"Pupil-teacher ratio, primary (trained) (ratio)",UIS.PTR.PRM.TRAINED,,,,,,,,,,,,,,14.14906978607178,11.37510967254639
Venezuela (Bolivarian Republic of),VEN,"PTR secondary source flag (2T3 / avg(2,3) / only2 / only3 / missing)",UIS.PTR.SEC.SOURCE,missing,missing,missing,missing,missing,missing,missing,missing,missing,missing,missing,missing,missing,2T3,2T3
Venezuela (Bolivarian Republic of),VEN,"Pupil-teacher ratio, secondary (trained) BEST (ratio)",UIS.PTR.SEC.TRAINED,,,,,,,,,,,,,,11.19639015197754,10.73196983337402
Venezuela (Bolivarian Republic of),VEN,"Out-of-school rate, primary age (%) (ROFST.1.CP)",UIS.ROFST.1.CP,5.42917013168335,5.224380016326904,5.324079990386963,6.065999984741211,6.670139789581299,7.03154993057251,9.508549690246582,11.56392002105713,,,,,0.538670003414154,0.5537099838256836,
Venezuela (Bolivarian Republic of),VEN,"Out-of-school rate, secondary age BEST (%) (ROFST.2T3.CP) [STRICT]",UIS.ROFST.SEC.BEST,17.81451988220215,17.45521926879883,15.56381988525391,13.84451961517334,16.67484092712402,18.10573959350586,20.02033042907715,21.5722599029541,,,,,8.344440460205078,9.893059730529783,11.28238964080811
Venezuela (Bolivarian Republic of),VEN,Secondary BEST source flag (2T3 / missing) [STRICT],UIS.SEC.SOURCE,2T3,2T3,2T3,2T3,2T3,2T3,2T3,2T3,missing,missing,missing,missing,2T3,2T3,2T3
British Virgin Islands,VGB,"In-school proxy (100 - ROFST.1.CP), primary age (%)",SE.PRM.TENR,99.38016053616856,99.25209954204799,95.59164733178655,92.93218720152818,93.25976737250224,90.24110218140069,88.01779260494857,93.48153018951416,75.13983840894966,80.65716057036578,95.617402431222,91.04327406910433,73.78673934936523,84.59119496855345,73.03371047973633
British Virgin Islands,VGB,"In-school proxy (100 - ROFST.2T3.CP), secondary age BEST (%) [STRICT]",SE.SEC.NENR,,89.42258559018907,92.38095238095238,92.61252446183953,92.99292197568806,94.32008563844815,,,,,,78.42741935483872,72.02224922180176,74.61713913326817,82.02431810713112
British Virgin Islands,VGB,"In-school proxy, primary age, female (%)",UIS.INS.PRM.F,,,95.56153328850034,92.80622164614388,93.47162904209884,88.80377136122569,86.22652248150256,91.99752044677734,74.92022973835354,78.96725440806046,94.8051948051948,91.2542372881356,72.53277969360352,85.30035335689045,59.22116091109478
British Virgin Islands,VGB,"In-school proxy, primary age, male (%)",UIS.INS.PRM.M,,,95.62091503267973,93.05381727158948,93.05717619603267,91.60604364857302,89.72826086956522,94.87478017807007,75.34827377347062,82.29548229548229,96.40605296343001,90.83665338645419,75.01692962646484,83.8977194194886,75.96566963195801
British Virgin Islands,VGB,"In-school proxy, secondary BEST (2T3), female (%) [STRICT]",UIS.INS.SEC.F,,89.4575230296827,91.93227091633466,92.41245136186771,93.37811994552612,92.09137010574341,,,,,,81.0719131614654,73.4395809173584,74.20424403183024,84.54849498327759
British Virgin Islands,VGB,"In-school proxy, secondary BEST (2T3), male (%) [STRICT]",UIS.INS.SEC.M,,89.38775510204081,92.83551967709384,92.81496062992126,92.59512996673584,96.9788498878479,,,,,,79.02796271637816,70.64516067504883,75.01601537475977,79.58656330749355
British Virgin Islands,VGB,"Pupil-teacher ratio, primary (trained) (ratio)",UIS.PTR.PRM.TRAINED,,,,,14.62946428571429,12.81679389312977,12.97647058823529,14.49565217391304,10.76170212765958,14.32291666666667,12.45412844036697,10.83529411764706,14.97202968597412,10.54430379746835,6.775
British Virgin Islands,VGB,"PTR secondary source flag (2T3 / avg(2,3) / only2 / only3 / missing)",UIS.PTR.SEC.SOURCE,missing,missing,missing,missing,missing,2T3,missing,missing,2T3,2T3,2T3,2T3,2T3,2T3,missing
British Virgin Islands,VGB,"Pupil-teacher ratio, secondary (trained) BEST (ratio)",UIS.PTR.SEC.TRAINED,,,,,,9.089686098654708,,,7.008097165991903,10.63736263736264,11.41758241758242,12.86206896551724,15.44754981994629,15.22535211267606,
British Virgin Islands,VGB,"Out-of-school rate, primary age (%) (ROFST.1.CP)",UIS.ROFST.1.CP,0.6198394638314466,0.747900457952011,4.408352668213457,7.067812798471825,6.740232627497764,9.758897818599312,11.98220739505143,6.51846981048584,24.86016159105034,19.34283942963422,4.382597568777991,8.956725930895674,26.21326065063477,15.40880503144654,26.96628952026367
British Virgin Islands,VGB,"Out-of-school rate, secondary age BEST (%) (ROFST.2T3.CP) [STRICT]",UIS.ROFST.SEC.BEST,,10.57741440981093,7.61904761904762,7.387475538160469,7.007078024311933,5.679914361551848,,,,,,21.57258064516129,27.97775077819824,25.38286086673183,17.97568189286888
British Virgin Islands,VGB,Secondary BEST source flag (2T3 / missing) [STRICT],UIS.SEC.SOURCE,missing,2T3,2T3,2T3,2T3,2T3,missing,missing,missing,missing,missing,2T3,2T3,2T3,2T3
Viet Nam,VNM,"In-school proxy (100 - ROFST.1.CP), primary age (%)",SE.PRM.TENR,99.8885499984026,99.17326998710632,100.0,100.0,99.6699337927533,99.44501635074835,99.84601362990604,99.30559599534635,98.5486521989791,97.8374982025389,97.93009189536055,98.69946388755358,98.11555133466034,98.31821194730067,98.26823009543487
Viet Nam,VNM,"In-school proxy (100 - ROFST.2T3.CP), secondary age BEST (%) [STRICT]",SE.SEC.NENR,,,,,,88.42089985311787,91.75659978936966,92.25945566518465,92.10953450158027,92.4513320497685,93.10485342991443,93.08227199057342,94.48800628572646,,
Viet Nam,VNM,"In-school proxy, primary age, female (%)",UIS.INS.PRM.F,,,,,,,,,,,,97.49059171081144,,,
Viet Nam,VNM,"In-school proxy, primary age, male (%)",UIS.INS.PRM.M,,,,,,,,,,,,99.8575300592664,,,
Viet Nam,VNM,"In-school proxy, secondary BEST (2T3), female (%) [STRICT]",UIS.INS.SEC.F,,,,,,,,,,,,,,85.45168615714907,
Viet Nam,VNM,"In-school proxy, secondary BEST (2T3), male (%) [STRICT]",UIS.INS.SEC.M,,,,,,,,,,,,,,84.24741457033417,
Viet Nam,VNM,"Pupil-teacher ratio, primary (trained) (ratio)",UIS.PTR.PRM.TRAINED,20.23875045776367,19.75175789193207,19.47931354207243,,19.21382700224575,19.32545145729313,19.67437308528667,19.70155906677246,20.30368260797116,21.87440406087194,23.14648754845219,27.40141618247536,32.2335843901072,29.2816780276486,26.13603300347729
Viet Nam,VNM,"PTR secondary source flag (2T3 / avg(2,3) / only2 / only3 / missing)",UIS.PTR.SEC.SOURCE,only2,only2,only2,missing,only2,only2,only2,only2,only2,only2,only2,only2,2T3,only2,missing
Viet Nam,VNM,"Pupil-teacher ratio, secondary (trained) BEST (ratio)",UIS.PTR.SEC.TRAINED,16.76682090759277,16.01041030883789,15.93835148872015,,15.62476868868666,16.38092499662668,16.4738736948068,17.01077078534134,17.72863859058742,18.63249833512628,19.73094350525344,24.75870576949661,23.07178251677941,23.751583960706,
Viet Nam,VNM,"Out-of-school rate, primary age (%) (ROFST.1.CP)",UIS.ROFST.1.CP,0.1114500015974045,0.8267300128936768,0.0,0.0,0.3300662072467036,0.5549836492516552,0.1539863700939661,0.6944040046536486,1.451347801020901,2.162501797461103,2.069908104639456,1.300536112446417,1.884448665339655,1.681788052699338,1.731769904565131
Viet Nam,VNM,"Out-of-school rate, secondary age BEST (%) (ROFST.2T3.CP) [STRICT]",UIS.ROFST.SEC.BEST,,,,,,11.57910014688212,8.243400210630348,7.740544334815361,7.890465498419731,7.5486679502315,6.895146570085571,6.91772800942658,5.511993714273546,,
Viet Nam,VNM,Secondary BEST source flag (2T3 / missing) [STRICT],UIS.SEC.SOURCE,missing,missing,missing,missing,missing,2T3,2T3,2T3,2T3,2T3,2T3,2T3,2T3,missing,missing
Vanuatu,VUT,"In-school proxy (100 - ROFST.1.CP), primary age (%)",SE.PRM.TENR,,,,,,99.81123000383377,,,,98.82816004753113,98.88963997364044,99.85652793935041,98.36695227551793,97.11709899951347,97.46909143236728
Vanuatu,VUT,"In-school proxy (100 - ROFST.2T3.CP), secondary age BEST (%) [STRICT]",SE.SEC.NENR,,,,,,81.12833023071289,,,,,72.33815002441406,81.88987922668457,90.8815602648969,93.2401286383427,89.1321754071387
Vanuatu,VUT,"In-school proxy, primary age, female (%)",UIS.INS.PRM.F,,,,,,,,,,,,,98.2705686208331,97.46349284385538,97.95327609059544
Vanuatu,VUT,"In-school proxy, primary age, male (%)",UIS.INS.PRM.M,,,,,,,,,,,,,98.457897835227,96.79025196802144,97.01236510982156
Vanuatu,VUT,"In-school proxy, secondary BEST (2T3), female (%) [STRICT]",UIS.INS.SEC.F,,,,,,77.17922019958496,,,,,73.33266067504883,81.38430976867676,,92.29485247867933,85.92428735347158
Vanuatu,VUT,"In-school proxy, secondary BEST (2T3), male (%) [STRICT]",UIS.INS.SEC.M,,,,,,85.01159000396729,,,,,71.38401985168457,82.3721694946289,,94.13574910987663,92.16514275804813
Vanuatu,VUT,"Pupil-teacher ratio, primary (trained) (ratio)",UIS.PTR.PRM.TRAINED,,,,,,,,,,,,27.4384593963623,26.20399628252788,,57.25025536261492
Vanuatu,VUT,"PTR secondary source flag (2T3 / avg(2,3) / only2 / only3 / missing)",UIS.PTR.SEC.SOURCE,missing,missing,missing,missing,missing,only2,missing,missing,missing,missing,missing,2T3,missing,missing,missing
Vanuatu,VUT,"Pupil-teacher ratio, secondary (trained) BEST (ratio)",UIS.PTR.SEC.TRAINED,,,,,,85.57302856445312,,,,,,24.75375938415527,,,
Vanuatu,VUT,"Out-of-school rate, primary age (%) (ROFST.1.CP)",UIS.ROFST.1.CP,,,,,,0.1887699961662292,,,,1.171839952468872,1.110360026359558,0.1434720606495856,1.633047724482068,2.882901000486529,2.53090856763272
Vanuatu,VUT,"Out-of-school rate, secondary age BEST (%) (ROFST.2T3.CP) [STRICT]",UIS.ROFST.SEC.BEST,,,,,,18.87166976928711,,,,,27.66184997558594,18.11012077331543,9.118439735103102,6.759871361657305,10.86782459286129
Vanuatu,VUT,Secondary BEST source flag (2T3 / missing) [STRICT],UIS.SEC.SOURCE,missing,missing,missing,missing,missing,2T3,missing,missing,missing,missing,2T3,2T3,2T3,2T3,2T3
Samoa,WSM,"In-school proxy (100 - ROFST.1.CP), primary age (%)",SE.PRM.TENR,99.62242159615491,98.80613232096263,97.71856483010563,,99.81347635339822,99.34138984054778,99.87723681448472,99.62507466771196,99.24807398227617,97.70580842059391,98.35365998744965,99.9615490188731,99.53803830041586,96.38274105913052,98.19080556348156
Samoa,WSM,"In-school proxy (100 - ROFST.2T3.CP), secondary age BEST (%) [STRICT]",SE.SEC.NENR,85.79290895326525,85.04529539530026,84.94840180562127,,89.24549136510295,87.74946594631297,88.49063649548621,86.93092398039849,85.85958181830709,87.681535120684,87.8936160330339,89.42365191132473,85.02670040118785,84.79040497385665,84.27242514697288
Samoa,WSM,"In-school proxy, primary age, female (%)",UIS.INS.PRM.F,,,98.544728997688,,,,,,99.53521593157579,97.5217481896623,97.64241003990173,,99.43975817921859,95.70508402882635,96.97546042490247
Samoa,WSM,"In-school proxy, primary age, male (%)",UIS.INS.PRM.M,,,96.93030121116864,,,,,,98.97729320443045,97.8804268648129,99.02827000617981,,99.63072379218444,97.02521597058097,99.34166328945015
Samoa,WSM,"In-school proxy, secondary BEST (2T3), female (%) [STRICT]",UIS.INS.SEC.F,88.45139980316162,88.48717021942139,87.33191013336182,,92.4476655587276,90.16804027557373,91.12378025054932,,,,,,,,
Samoa,WSM,"In-school proxy, secondary BEST (2T3), male (%) [STRICT]",UIS.INS.SEC.M,83.30203056335449,81.82159042358398,82.71183967590332,,86.22182457692634,85.45549964904785,86.00574970245361,,,,,,,,
Samoa,WSM,"PTR secondary source flag (2T3 / avg(2,3) / only2 / only3 / missing)",UIS.PTR.SEC.SOURCE,missing,missing,missing,missing,only3,missing,only3,missing,missing,missing,missing,missing,missing,missing,missing
Samoa,WSM,"Pupil-teacher ratio, secondary (trained) BEST (ratio)",UIS.PTR.SEC.TRAINED,,,,,17.41565040650406,,22.18120956420898,,,,,,,,
Samoa,WSM,"Out-of-school rate, primary age (%) (ROFST.1.CP)",UIS.ROFST.1.CP,0.3775784038450932,1.193867679037372,2.281435169894372,,0.1865236466017803,0.658610159452219,0.1227631855152882,0.3749253322880479,0.7519260177238273,2.294191579406085,1.646340012550354,0.0384509811268935,0.4619616995841428,3.617258940869481,1.809194436518442
Samoa,WSM,"Out-of-school rate, secondary age BEST (%) (ROFST.2T3.CP) [STRICT]",UIS.ROFST.SEC.BEST,14.20709104673475,14.95470460469974,15.05159819437872,,10.75450863489705,12.25053405368704,11.50936350451378,13.06907601960151,14.14041818169291,12.318464879316,12.10638396696611,10.57634808867528,14.97329959881215,15.20959502614335,15.72757485302712
Samoa,WSM,Secondary BEST source flag (2T3 / missing) [STRICT],UIS.SEC.SOURCE,2T3,2T3,2T3,missing,2T3,2T3,2T3,2T3,2T3,2T3,2T3,2T3,2T3,2T3,2T3
Yemen,YEM,"In-school proxy (100 - ROFST.1.CP), primary age (%)",SE.PRM.TENR,70.13526916503906,,71.90740013122559,72.1395206451416,,,69.37887954711914,,,,,,,,
Yemen,YEM,"In-school proxy (100 - ROFST.2T3.CP), secondary age BEST (%) [STRICT]",SE.SEC.NENR,43.95838928222656,,45.84550857543945,49.55783843994141,,,49.08892822265625,,,,,,,,
Yemen,YEM,"In-school proxy, primary age, female (%)",UIS.INS.PRM.F,63.53065872192383,,65.64162826538086,66.39133071899414,,,65.10123825073242,,,,,,,,
Yemen,YEM,"In-school proxy, primary age, male (%)",UIS.INS.PRM.M,76.42963027954102,,77.87998008728027,77.62019920349121,,,73.45965957641602,,,,,,,,
Yemen,YEM,"In-school proxy, secondary BEST (2T3), female (%) [STRICT]",UIS.INS.SEC.F,34.60608673095703,,37.02090835571289,41.47515106201172,,,42.04164886474609,,,,,,,,
Yemen,YEM,"In-school proxy, secondary BEST (2T3), male (%) [STRICT]",UIS.INS.SEC.M,52.90993881225586,,54.28255081176758,57.28112030029297,,,55.81565093994141,,,,,,,,
Yemen,YEM,"PTR secondary source flag (2T3 / avg(2,3) / only2 / only3 / missing)",UIS.PTR.SEC.SOURCE,missing,missing,missing,only3,missing,missing,missing,missing,missing,missing,missing,missing,missing,missing,missing
Yemen,YEM,"Pupil-teacher ratio, secondary (trained) BEST (ratio)",UIS.PTR.SEC.TRAINED,,,,25.56561088562012,,,,,,,,,,,
Yemen,YEM,"Out-of-school rate, primary age (%) (ROFST.1.CP)",UIS.ROFST.1.CP,29.86473083496094,,28.09259986877441,27.8604793548584,,,30.62112045288086,,,,,,,,
Yemen,YEM,"Out-of-school rate, secondary age BEST (%) (ROFST.2T3.CP) [STRICT]",UIS.ROFST.SEC.BEST,56.04161071777344,,54.15449142456055,50.44216156005859,,,50.91107177734375,,,,,,,,
Yemen,YEM,Secondary BEST source flag (2T3 / missing) [STRICT],UIS.SEC.SOURCE,2T3,missing,2T3,2T3,missing,missing,2T3,missing,missing,missing,missing,missing,missing,missing,missing
South Africa,ZAF,"In-school proxy (100 - ROFST.1.CP), primary age (%)",SE.PRM.TENR,,,,,,95.08695983886719,,93.72399997711182,90.69479907473175,91.70321930663314,91.85062817448147,96.18733698413968,94.2223014280124,93.9359528608986,
South Africa,ZAF,"In-school proxy (100 - ROFST.2T3.CP), secondary age BEST (%) [STRICT]",SE.SEC.NENR,,,,,,95.39094117690608,,82.5833143084605,82.61372062941015,84.42310287946273,86.09662936076475,87.19107249156887,98.16790965499452,88.30739514359234,
South Africa,ZAF,"In-school proxy, primary age, female (%)",UIS.INS.PRM.F,,,,,,,,96.390389919281,91.7490378127562,92.69597059666977,92.74710213364278,99.68393188837204,94.37372180841925,94.0535368798633,
South Africa,ZAF,"In-school proxy, primary age, male (%)",UIS.INS.PRM.M,,,,,,,,91.1328296661377,89.66639055922242,90.73064448137711,90.96841918813037,92.73053699583214,94.07190366622781,93.81918916214788,
South Africa,ZAF,"In-school proxy, secondary BEST (2T3), female (%) [STRICT]",UIS.INS.SEC.F,,,,,,,,87.54727319769015,84.19138300605152,85.4313983932024,87.75062776282371,89.51542879439474,97.28118991851807,89.79634576099518,
South Africa,ZAF,"In-school proxy, secondary BEST (2T3), male (%) [STRICT]",UIS.INS.SEC.M,,,,,,89.99345016479492,,77.74261842949069,81.07645200709395,83.4404154269829,84.4809743488744,84.9101177905439,99.07415002584457,86.83481342954775,
South Africa,ZAF,"PTR secondary source flag (2T3 / avg(2,3) / only2 / only3 / missing)",UIS.PTR.SEC.SOURCE,missing,missing,missing,missing,missing,missing,2T3,missing,missing,missing,missing,missing,missing,missing,missing
South Africa,ZAF,"Pupil-teacher ratio, secondary (trained) BEST (ratio)",UIS.PTR.SEC.TRAINED,,,,,,,26.21068938807126,,,,,,,,
South Africa,ZAF,"Out-of-school rate, primary age (%) (ROFST.1.CP)",UIS.ROFST.1.CP,,,,,,4.913040161132813,,6.276000022888184,9.305200925268254,8.296780693366863,8.149371825518525,3.812663015860323,5.777698571987596,6.064047139101404,
South Africa,ZAF,"Out-of-school rate, secondary age BEST (%) (ROFST.2T3.CP) [STRICT]",UIS.ROFST.SEC.BEST,,,,,,4.609058823093921,,17.4166856915395,17.38627937058984,15.57689712053726,13.90337063923525,12.80892750843113,1.832090345005481,11.69260485640765,
South Africa,ZAF,Secondary BEST source flag (2T3 / missing) [STRICT],UIS.SEC.SOURCE,missing,missing,missing,missing,missing,2T3,missing,2T3,2T3,2T3,2T3,2T3,2T3,2T3,missing
Zambia,ZMB,"In-school proxy (100 - ROFST.1.CP), primary age (%)",SE.PRM.TENR,88.317761968071,92.32144787277143,93.81496000289917,90.65480191283173,,,,85.17206200716652,,,,,,,96.48537993431091
Zambia,ZMB,"In-school proxy (100 - ROFST.2T3.CP), secondary age BEST (%) [STRICT]",SE.SEC.NENR,,71.74166742433395,,65.71387715825166,,,,64.70393700134358,,,,,,,56.66176986694336
Zambia,ZMB,"In-school proxy, primary age, female (%)",UIS.INS.PRM.F,88.43909160100961,92.36985224508207,94.2269401550293,90.582009060973,,,,86.21262747294057,,,,,,,
Zambia,ZMB,"In-school proxy, primary age, male (%)",UIS.INS.PRM.M,88.19451659628044,92.27232423615479,93.39735984802246,90.72849288206294,,,,84.12465155464415,,,,,,,
Zambia,ZMB,"In-school proxy, secondary BEST (2T3), female (%) [STRICT]",UIS.INS.SEC.F,,65.49155179119312,,60.93031307473618,,,,61.24756644179835,,,,,,,57.06454849243164
Zambia,ZMB,"In-school proxy, secondary BEST (2T3), male (%) [STRICT]",UIS.INS.SEC.M,,78.10223013528574,,70.58276778333966,,,,68.21255624866819,,,,,,,56.25629043579102
Zambia,ZMB,"Pupil-teacher ratio, primary (trained) (ratio)",UIS.PTR.PRM.TRAINED,,,53.12597638048764,,,,,42.59223577920984,,,,,,,
Zambia,ZMB,"PTR secondary source flag (2T3 / avg(2,3) / only2 / only3 / missing)",UIS.PTR.SEC.SOURCE,missing,missing,only2,missing,missing,missing,missing,missing,missing,missing,missing,missing,missing,missing,missing
Zambia,ZMB,"Pupil-teacher ratio, secondary (trained) BEST (ratio)",UIS.PTR.SEC.TRAINED,,,53.12422866457096,,,,,,,,,,,,
Zambia,ZMB,"Out-of-school rate, primary age (%) (ROFST.1.CP)",UIS.ROFST.1.CP,11.682238031929,7.678552127228571,6.18503999710083,9.345198087168272,,,,14.82793799283348,,,,,,,3.514620065689087
Zambia,ZMB,"Out-of-school rate, secondary age BEST (%) (ROFST.2T3.CP) [STRICT]",UIS.ROFST.SEC.BEST,,28.25833257566605,,34.28612284174834,,,,35.29606299865642,,,,,,,43.33823013305664
Zambia,ZMB,Secondary BEST source flag (2T3 / missing) [STRICT],UIS.SEC.SOURCE,missing,2T3,missing,2T3,missing,missing,missing,2T3,missing,missing,missing,missing,missing,missing,2T3
Zimbabwe,ZWE,"In-school proxy (100 - ROFST.1.CP), primary age (%)",SE.PRM.TENR,,,91.50728988647461,90.0594882336184,89.61644517990057,81.25004005432129,82.31489944458008,80.55912017822266,81.23543930053711,81.61865043640137,83.0857105255127,90.57389837223658,91.82660837483019,90.86276787856593,89.47550108819304
Zimbabwe,ZWE,"In-school proxy (100 - ROFST.2T3.CP), secondary age BEST (%) [STRICT]",SE.SEC.NENR,,,89.59321458596521,68.65146992083379,69.17570257670435,71.35587418508824,68.08712952251784,67.24206104339535,65.31619576665278,65.40863478420493,64.36493842705661,63.69954224265599,62.62333269670053,63.85812046160555,63.43906235739131
Zimbabwe,ZWE,"In-school proxy, primary age, female (%)",UIS.INS.PRM.F,,,92.48932981491089,90.85367903532946,90.31867535972357,82.25177955627441,82.98373031616211,81.71347045898438,82.41819953918457,82.88903999328613,84.04496955871582,91.64228485205936,92.82206992389396,91.89363164921221,90.37734094207192
Zimbabwe,ZWE,"In-school proxy, primary age, male (%)",UIS.INS.PRM.M,,,90.53227043151855,89.2701698947309,88.91938998142199,80.25653076171875,81.65172004699707,79.41486930847168,80.06333923339844,80.3598403930664,82.13541984558105,89.51582801359035,90.84119766724845,89.84290655222809,88.5838738242826
Zimbabwe,ZWE,"In-school proxy, secondary BEST (2T3), female (%) [STRICT]",UIS.INS.SEC.F,,,85.78324765501817,65.43888575612621,66.14189438439666,68.19920691878215,65.60406601362232,65.24197785592932,63.62417317422219,64.23731436934003,64.18652870675439,63.21702779856032,62.41181756306529,64.04764665724451,63.95454630167715
Zimbabwe,ZWE,"In-school proxy, secondary BEST (2T3), male (%) [STRICT]",UIS.INS.SEC.M,,,93.54774058112595,72.00395136200046,72.32326977745686,74.61280137382434,70.63280401908561,69.28073084993164,67.0329398112199,66.59265400956545,64.54472184926126,64.18446511576977,62.83548967134847,63.66886932901507,62.92605900374485
Zimbabwe,ZWE,"Pupil-teacher ratio, primary (trained) (ratio)",UIS.PTR.PRM.TRAINED,,,40.67998535402078,42.40270988902511,40.22710766809902,37.72620838418528,37.81425344830036,38.56551058342099,38.70082485057569,38.1538082798802,38.64182320070019,37.04318550602425,35.90482696366054,35.04826497673977,33.24102790313642
Zimbabwe,ZWE,"PTR secondary source flag (2T3 / avg(2,3) / only2 / only3 / missing)",UIS.PTR.SEC.SOURCE,missing,missing,2T3,2T3,missing,missing,missing,missing,missing,missing,missing,missing,missing,missing,missing
Zimbabwe,ZWE,"Pupil-teacher ratio, secondary (trained) BEST (ratio)",UIS.PTR.SEC.TRAINED,,,31.55368041992188,30.82022146397991,,,,,,,,,,,
Zimbabwe,ZWE,"Out-of-school rate, primary age (%) (ROFST.1.CP)",UIS.ROFST.1.CP,,,8.49271011352539,9.940511766381608,10.38355482009943,18.74995994567871,17.68510055541992,19.44087982177734,18.76456069946289,18.38134956359863,16.9142894744873,9.42610162776341,8.173391625169819,9.137232121434073,10.52449891180696
Zimbabwe,ZWE,"Out-of-school rate, secondary age BEST (%) (ROFST.2T3.CP) [STRICT]",UIS.ROFST.SEC.BEST,,,10.40678541403479,31.34853007916621,30.82429742329565,28.64412581491176,31.91287047748215,32.75793895660464,34.68380423334722,34.59136521579506,35.63506157294339,36.30045775734401,37.37666730329947,36.14187953839445,36.56093764260869
Zimbabwe,ZWE,Secondary BEST source flag (2T3 / missing) [STRICT],UIS.SEC.SOURCE,missing,missing,2T3,2T3,2T3,2T3,2T3,2T3,2T3,2T3,2T3,2T3,2T3,2T3,2T3
